filename,class
1.jpg,Male
2.jpg,Male
3.jpg,Male
4.jpg,Male
5.jpg,Female
6.jpg,Male
7.jpg,Male
8.jpg,Male
9.jpg,Male
10.jpg,Male
11.jpg,Male
12.jpg,Male
13.jpg,Female
14.jpg,Male
15.jpg,Male
16.jpg,Male
17.jpg,Male
18.jpg,Female
19.jpg,Male
20.jpg,Male
21.jpg,Male
22.jpg,Male
23.jpg,Male
24.jpg,Male
25.jpg,Male
26.jpg,Male
27.jpg,Male
28.jpg,Male
29.jpg,Male
30.jpg,Female
31.jpg,Male
32.jpg,Female
33.jpg,Male
34.jpg,Male
35.jpg,Male
36.jpg,Male
37.jpg,Female
38.jpg,Male
39.jpg,Male
40.jpg,Male
41.jpg,Female
42.jpg,Male
43.jpg,Male
44.jpg,Male
45.jpg,Male
46.jpg,Male
47.jpg,Female
48.jpg,Male
49.jpg,Male
50.jpg,Male
51.jpg,Female
52.jpg,Male
53.jpg,Male
54.jpg,Male
55.jpg,Male
56.jpg,Male
57.jpg,Male
58.jpg,Female
59.jpg,Male
60.jpg,Male
61.jpg,Male
62.jpg,Male
63.jpg,Female
64.jpg,Male
65.jpg,Male
66.jpg,Male
67.jpg,Male
68.jpg,Female
69.jpg,Male
70.jpg,Male
71.jpg,Male
72.jpg,Male
73.jpg,Male
74.jpg,Male
75.jpg,Female
76.jpg,Female
77.jpg,Male
78.jpg,Male
79.jpg,Male
80.jpg,Male
81.jpg,Male
82.jpg,Female
83.jpg,Male
84.jpg,Female
85.jpg,Female
86.jpg,Female
87.jpg,Female
88.jpg,Male
89.jpg,Female
90.jpg,Female
91.jpg,Male
92.jpg,Male
93.jpg,Male
94.jpg,Male
95.jpg,Female
96.jpg,Male
97.jpg,Male
98.jpg,Male
99.jpg,Male
100.jpg,Male
101.jpg,Male
102.jpg,Male
103.jpg,Male
104.jpg,Male
105.jpg,Male
106.jpg,Female
107.jpg,Female
108.jpg,Male
109.jpg,Male
110.jpg,Male
111.jpg,Male
112.jpg,Male
113.jpg,Male
114.jpg,Female
115.jpg,Male
116.jpg,Male
117.jpg,Male
118.jpg,Male
119.jpg,Male
120.jpg,Male
121.jpg,Male
122.jpg,Male
123.jpg,Male
124.jpg,Male
125.jpg,Male
126.jpg,Male
127.jpg,Male
128.jpg,Male
129.jpg,Male
130.jpg,Female
131.jpg,Male
132.jpg,Male
133.jpg,Male
134.jpg,Male
135.jpg,Female
136.jpg,Female
137.jpg,Female
138.jpg,Female
139.jpg,Male
140.jpg,Female
141.jpg,Male
142.jpg,Male
143.jpg,Female
144.jpg,Male
145.jpg,Male
146.jpg,Female
147.jpg,Male
148.jpg,Male
149.jpg,Male
150.jpg,Male
151.jpg,Male
152.jpg,Male
153.jpg,Male
154.jpg,Male
155.jpg,Male
156.jpg,Male
157.jpg,Male
158.jpg,Male
159.jpg,Male
160.jpg,Male
161.jpg,Male
162.jpg,Male
163.jpg,Male
164.jpg,Male
165.jpg,Female
166.jpg,Male
167.jpg,Female
168.jpg,Male
169.jpg,Female
170.jpg,Male
171.jpg,Male
172.jpg,Female
173.jpg,Female
174.jpg,Female
175.jpg,Male
176.jpg,Female
177.jpg,Male
178.jpg,Male
179.jpg,Male
180.jpg,Male
181.jpg,Male
182.jpg,Male
183.jpg,Male
184.jpg,Male
185.jpg,Male
186.jpg,Male
187.jpg,Male
188.jpg,Male
189.jpg,Female
190.jpg,Male
191.jpg,Male
192.jpg,Female
193.jpg,Male
194.jpg,Male
195.jpg,Male
196.jpg,Male
197.jpg,Male
198.jpg,Male
199.jpg,Male
200.jpg,Male
201.jpg,Female
202.jpg,Male
203.jpg,Male
204.jpg,Male
205.jpg,Male
206.jpg,Male
207.jpg,Male
208.jpg,Male
209.jpg,Female
210.jpg,Male
211.jpg,Male
212.jpg,Male
213.jpg,Female
214.jpg,Male
215.jpg,Male
216.jpg,Female
217.jpg,Male
218.jpg,Male
219.jpg,Male
220.jpg,Male
221.jpg,Female
222.jpg,Male
223.jpg,Female
224.jpg,Male
225.jpg,Male
226.jpg,Female
227.jpg,Male
228.jpg,Female
229.jpg,Male
230.jpg,Female
231.jpg,Male
232.jpg,Male
233.jpg,Male
234.jpg,Female
235.jpg,Male
236.jpg,Male
237.jpg,Male
238.jpg,Male
239.jpg,Male
240.jpg,Male
241.jpg,Male
242.jpg,Male
243.jpg,Male
244.jpg,Female
245.jpg,Male
246.jpg,Male
247.jpg,Female
248.jpg,Male
249.jpg,Male
250.jpg,Female
251.jpg,Male
252.jpg,Male
253.jpg,Female
254.jpg,Male
255.jpg,Male
256.jpg,Female
257.jpg,Female
258.jpg,Female
259.jpg,Male
260.jpg,Male
261.jpg,Female
262.jpg,Male
263.jpg,Male
264.jpg,Male
265.jpg,Female
266.jpg,Female
267.jpg,Male
268.jpg,Female
269.jpg,Male
270.jpg,Male
271.jpg,Male
272.jpg,Female
273.jpg,Male
274.jpg,Male
275.jpg,Male
276.jpg,Male
277.jpg,Female
278.jpg,Male
279.jpg,Male
280.jpg,Male
281.jpg,Male
282.jpg,Male
283.jpg,Male
284.jpg,Male
285.jpg,Male
286.jpg,Male
287.jpg,Male
288.jpg,Male
289.jpg,Male
290.jpg,Male
291.jpg,Male
292.jpg,Male
293.jpg,Female
294.jpg,Male
295.jpg,Female
296.jpg,Male
297.jpg,Male
298.jpg,Male
299.jpg,Male
300.jpg,Male
301.jpg,Female
302.jpg,Male
303.jpg,Male
304.jpg,Male
305.jpg,Female
306.jpg,Male
307.jpg,Female
308.jpg,Male
309.jpg,Male
310.jpg,Male
311.jpg,Male
312.jpg,Male
313.jpg,Male
314.jpg,Male
315.jpg,Male
316.jpg,Male
317.jpg,Male
318.jpg,Male
319.jpg,Male
320.jpg,Male
321.jpg,Male
322.jpg,Male
323.jpg,Male
324.jpg,Male
325.jpg,Female
326.jpg,Male
327.jpg,Male
328.jpg,Male
329.jpg,Male
330.jpg,Male
331.jpg,Male
332.jpg,Male
333.jpg,Male
334.jpg,Female
335.jpg,Male
336.jpg,Male
337.jpg,Male
338.jpg,Female
339.jpg,Male
340.jpg,Male
341.jpg,Male
342.jpg,Male
343.jpg,Male
344.jpg,Male
345.jpg,Male
346.jpg,Male
347.jpg,Male
348.jpg,Female
349.jpg,Male
350.jpg,Male
351.jpg,Male
352.jpg,Male
353.jpg,Male
354.jpg,Female
355.jpg,Male
356.jpg,Female
357.jpg,Male
358.jpg,Female
359.jpg,Female
360.jpg,Female
361.jpg,Male
362.jpg,Male
363.jpg,Male
364.jpg,Male
365.jpg,Male
366.jpg,Female
367.jpg,Male
368.jpg,Male
369.jpg,Male
370.jpg,Male
371.jpg,Female
372.jpg,Male
373.jpg,Female
374.jpg,Male
375.jpg,Male
376.jpg,Male
377.jpg,Male
378.jpg,Male
379.jpg,Male
380.jpg,Male
381.jpg,Female
382.jpg,Female
383.jpg,Male
384.jpg,Male
385.jpg,Female
386.jpg,Male
387.jpg,Male
388.jpg,Male
389.jpg,Female
390.jpg,Female
391.jpg,Male
392.jpg,Male
393.jpg,Male
394.jpg,Female
395.jpg,Male
396.jpg,Male
397.jpg,Female
398.jpg,Male
399.jpg,Male
400.jpg,Male
401.jpg,Male
402.jpg,Male
403.jpg,Female
404.jpg,Male
405.jpg,Male
406.jpg,Female
407.jpg,Male
408.jpg,Male
409.jpg,Male
410.jpg,Male
411.jpg,Male
412.jpg,Female
413.jpg,Male
414.jpg,Female
415.jpg,Male
416.jpg,Male
417.jpg,Male
418.jpg,Male
419.jpg,Male
420.jpg,Male
421.jpg,Female
422.jpg,Female
423.jpg,Male
424.jpg,Male
425.jpg,Male
426.jpg,Female
427.jpg,Female
428.jpg,Male
429.jpg,Male
430.jpg,Male
431.jpg,Male
432.jpg,Male
433.jpg,Male
434.jpg,Male
435.jpg,Male
436.jpg,Male
437.jpg,Male
438.jpg,Male
439.jpg,Female
440.jpg,Female
441.jpg,Female
442.jpg,Male
443.jpg,Male
444.jpg,Female
445.jpg,Male
446.jpg,Male
447.jpg,Male
448.jpg,Male
449.jpg,Male
450.jpg,Male
451.jpg,Male
452.jpg,Male
453.jpg,Male
454.jpg,Male
455.jpg,Male
456.jpg,Male
457.jpg,Female
458.jpg,Female
459.jpg,Female
460.jpg,Male
461.jpg,Male
462.jpg,Female
463.jpg,Male
464.jpg,Male
465.jpg,Female
466.jpg,Male
467.jpg,Male
468.jpg,Male
469.jpg,Male
470.jpg,Male
471.jpg,Male
472.jpg,Male
473.jpg,Male
474.jpg,Female
475.jpg,Male
476.jpg,Female
477.jpg,Male
478.jpg,Male
479.jpg,Female
480.jpg,Female
481.jpg,Male
482.jpg,Female
483.jpg,Male
484.jpg,Female
485.jpg,Male
486.jpg,Female
487.jpg,Male
488.jpg,Female
489.jpg,Male
490.jpg,Male
491.jpg,Female
492.jpg,Male
493.jpg,Female
494.jpg,Male
495.jpg,Male
496.jpg,Male
497.jpg,Male
498.jpg,Female
499.jpg,Male
500.jpg,Male
501.jpg,Male
502.jpg,Male
503.jpg,Female
504.jpg,Male
505.jpg,Female
506.jpg,Male
507.jpg,Male
508.jpg,Male
509.jpg,Male
510.jpg,Male
511.jpg,Male
512.jpg,Female
513.jpg,Female
514.jpg,Male
515.jpg,Male
516.jpg,Male
517.jpg,Male
518.jpg,Male
519.jpg,Male
520.jpg,Male
521.jpg,Male
522.jpg,Male
523.jpg,Male
524.jpg,Female
525.jpg,Female
526.jpg,Male
527.jpg,Female
528.jpg,Male
529.jpg,Male
530.jpg,Male
531.jpg,Male
532.jpg,Female
533.jpg,Female
534.jpg,Male
535.jpg,Male
536.jpg,Male
537.jpg,Female
538.jpg,Male
539.jpg,Male
540.jpg,Male
541.jpg,Male
542.jpg,Female
543.jpg,Male
544.jpg,Male
545.jpg,Female
546.jpg,Male
547.jpg,Male
548.jpg,Male
549.jpg,Male
550.jpg,Male
551.jpg,Male
552.jpg,Male
553.jpg,Male
554.jpg,Male
555.jpg,Male
556.jpg,Male
557.jpg,Male
558.jpg,Male
559.jpg,Female
560.jpg,Male
561.jpg,Male
562.jpg,Female
563.jpg,Male
564.jpg,Male
565.jpg,Male
566.jpg,Male
567.jpg,Male
568.jpg,Male
569.jpg,Male
570.jpg,Male
571.jpg,Female
572.jpg,Female
573.jpg,Female
574.jpg,Male
575.jpg,Male
576.jpg,Male
577.jpg,Male
578.jpg,Male
579.jpg,Male
580.jpg,Male
581.jpg,Female
582.jpg,Male
583.jpg,Male
584.jpg,Male
585.jpg,Male
586.jpg,Female
587.jpg,Male
588.jpg,Male
589.jpg,Female
590.jpg,Male
591.jpg,Male
592.jpg,Male
593.jpg,Male
594.jpg,Female
595.jpg,Male
596.jpg,Female
597.jpg,Male
598.jpg,Male
599.jpg,Male
600.jpg,Male
601.jpg,Female
602.jpg,Male
603.jpg,Female
604.jpg,Male
605.jpg,Male
606.jpg,Male
607.jpg,Male
608.jpg,Female
609.jpg,Male
610.jpg,Male
611.jpg,Male
612.jpg,Male
613.jpg,Male
614.jpg,Female
615.jpg,Male
616.jpg,Male
617.jpg,Female
618.jpg,Male
619.jpg,Male
620.jpg,Female
621.jpg,Male
622.jpg,Male
623.jpg,Male
624.jpg,Female
625.jpg,Male
626.jpg,Female
627.jpg,Male
628.jpg,Female
629.jpg,Male
630.jpg,Female
631.jpg,Male
632.jpg,Male
633.jpg,Female
634.jpg,Male
635.jpg,Female
636.jpg,Male
637.jpg,Male
638.jpg,Male
639.jpg,Female
640.jpg,Male
641.jpg,Male
642.jpg,Female
643.jpg,Female
644.jpg,Male
645.jpg,Male
646.jpg,Male
647.jpg,Male
648.jpg,Male
649.jpg,Male
650.jpg,Male
651.jpg,Male
652.jpg,Male
653.jpg,Male
654.jpg,Male
655.jpg,Female
656.jpg,Male
657.jpg,Male
658.jpg,Male
659.jpg,Female
660.jpg,Male
661.jpg,Male
662.jpg,Male
663.jpg,Male
664.jpg,Female
665.jpg,Male
666.jpg,Male
667.jpg,Male
668.jpg,Male
669.jpg,Female
670.jpg,Male
671.jpg,Male
672.jpg,Male
673.jpg,Male
674.jpg,Male
675.jpg,Male
676.jpg,Female
677.jpg,Male
678.jpg,Female
679.jpg,Male
680.jpg,Female
681.jpg,Female
682.jpg,Male
683.jpg,Male
684.jpg,Male
685.jpg,Male
686.jpg,Male
687.jpg,Male
688.jpg,Male
689.jpg,Male
690.jpg,Female
691.jpg,Male
692.jpg,Female
693.jpg,Male
694.jpg,Male
695.jpg,Male
696.jpg,Male
697.jpg,Male
698.jpg,Male
699.jpg,Female
700.jpg,Female
701.jpg,Female
702.jpg,Female
703.jpg,Male
704.jpg,Male
705.jpg,Male
706.jpg,Male
707.jpg,Male
708.jpg,Male
709.jpg,Male
710.jpg,Male
711.jpg,Male
712.jpg,Male
713.jpg,Male
714.jpg,Male
715.jpg,Male
716.jpg,Male
717.jpg,Female
718.jpg,Male
719.jpg,Male
720.jpg,Male
721.jpg,Male
722.jpg,Female
723.jpg,Male
724.jpg,Female
725.jpg,Male
726.jpg,Male
727.jpg,Male
728.jpg,Male
729.jpg,Male
730.jpg,Male
731.jpg,Male
732.jpg,Male
733.jpg,Male
734.jpg,Female
735.jpg,Male
736.jpg,Male
737.jpg,Female
738.jpg,Male
739.jpg,Male
740.jpg,Male
741.jpg,Male
742.jpg,Male
743.jpg,Male
744.jpg,Male
745.jpg,Male
746.jpg,Male
747.jpg,Male
748.jpg,Male
749.jpg,Male
750.jpg,Male
751.jpg,Male
752.jpg,Male
753.jpg,Male
754.jpg,Male
755.jpg,Male
756.jpg,Male
757.jpg,Male
758.jpg,Male
759.jpg,Male
760.jpg,Female
761.jpg,Male
762.jpg,Male
763.jpg,Male
764.jpg,Female
765.jpg,Male
766.jpg,Male
767.jpg,Male
768.jpg,Male
769.jpg,Male
770.jpg,Male
771.jpg,Male
772.jpg,Male
773.jpg,Male
774.jpg,Male
775.jpg,Male
776.jpg,Male
777.jpg,Male
778.jpg,Female
779.jpg,Male
780.jpg,Male
781.jpg,Male
782.jpg,Male
783.jpg,Female
784.jpg,Male
785.jpg,Male
786.jpg,Male
787.jpg,Female
788.jpg,Male
789.jpg,Female
790.jpg,Male
791.jpg,Male
792.jpg,Male
793.jpg,Male
794.jpg,Female
795.jpg,Female
796.jpg,Male
797.jpg,Male
798.jpg,Female
799.jpg,Male
800.jpg,Male
801.jpg,Male
802.jpg,Male
803.jpg,Female
804.jpg,Male
805.jpg,Male
806.jpg,Male
807.jpg,Male
808.jpg,Male
809.jpg,Male
810.jpg,Female
811.jpg,Male
812.jpg,Female
813.jpg,Male
814.jpg,Male
815.jpg,Female
816.jpg,Male
817.jpg,Male
818.jpg,Male
819.jpg,Female
820.jpg,Male
821.jpg,Male
822.jpg,Female
823.jpg,Male
824.jpg,Male
825.jpg,Male
826.jpg,Female
827.jpg,Male
828.jpg,Female
829.jpg,Male
830.jpg,Male
831.jpg,Male
832.jpg,Male
833.jpg,Male
834.jpg,Male
835.jpg,Male
836.jpg,Male
837.jpg,Male
838.jpg,Female
839.jpg,Male
840.jpg,Female
841.jpg,Male
842.jpg,Male
843.jpg,Female
844.jpg,Female
845.jpg,Male
846.jpg,Male
847.jpg,Female
848.jpg,Male
849.jpg,Male
850.jpg,Female
851.jpg,Male
852.jpg,Female
853.jpg,Male
854.jpg,Male
855.jpg,Female
856.jpg,Female
857.jpg,Female
858.jpg,Male
859.jpg,Male
860.jpg,Male
861.jpg,Male
862.jpg,Female
863.jpg,Male
864.jpg,Male
865.jpg,Female
866.jpg,Male
867.jpg,Male
868.jpg,Male
869.jpg,Male
870.jpg,Female
871.jpg,Male
872.jpg,Male
873.jpg,Male
874.jpg,Male
875.jpg,Male
876.jpg,Male
877.jpg,Male
878.jpg,Male
879.jpg,Male
880.jpg,Male
881.jpg,Male
882.jpg,Male
883.jpg,Male
884.jpg,Female
885.jpg,Male
886.jpg,Male
887.jpg,Male
888.jpg,Female
889.jpg,Male
890.jpg,Male
891.jpg,Female
892.jpg,Male
893.jpg,Male
894.jpg,Male
895.jpg,Female
896.jpg,Female
897.jpg,Male
898.jpg,Male
899.jpg,Male
900.jpg,Male
901.jpg,Male
902.jpg,Male
903.jpg,Male
904.jpg,Male
905.jpg,Male
906.jpg,Female
907.jpg,Male
908.jpg,Male
909.jpg,Female
910.jpg,Male
911.jpg,Male
912.jpg,Male
913.jpg,Male
914.jpg,Male
915.jpg,Female
916.jpg,Male
917.jpg,Male
918.jpg,Male
919.jpg,Male
920.jpg,Male
921.jpg,Male
922.jpg,Male
923.jpg,Male
924.jpg,Male
925.jpg,Female
926.jpg,Female
927.jpg,Female
928.jpg,Male
929.jpg,Male
930.jpg,Female
931.jpg,Male
932.jpg,Male
933.jpg,Female
934.jpg,Female
935.jpg,Male
936.jpg,Male
937.jpg,Male
938.jpg,Male
939.jpg,Male
940.jpg,Male
941.jpg,Male
942.jpg,Male
943.jpg,Male
944.jpg,Male
945.jpg,Male
946.jpg,Male
947.jpg,Male
948.jpg,Male
949.jpg,Male
950.jpg,Male
951.jpg,Male
952.jpg,Male
953.jpg,Male
954.jpg,Male
955.jpg,Male
956.jpg,Male
957.jpg,Female
958.jpg,Female
959.jpg,Male
960.jpg,Male
961.jpg,Male
962.jpg,Female
963.jpg,Male
964.jpg,Female
965.jpg,Male
966.jpg,Male
967.jpg,Male
968.jpg,Male
969.jpg,Male
970.jpg,Male
971.jpg,Male
972.jpg,Male
973.jpg,Male
974.jpg,Male
975.jpg,Female
976.jpg,Male
977.jpg,Male
978.jpg,Male
979.jpg,Male
980.jpg,Male
981.jpg,Male
982.jpg,Male
983.jpg,Male
984.jpg,Male
985.jpg,Female
986.jpg,Male
987.jpg,Female
988.jpg,Male
989.jpg,Male
990.jpg,Male
991.jpg,Male
992.jpg,Male
993.jpg,Male
994.jpg,Male
995.jpg,Male
996.jpg,Male
997.jpg,Male
998.jpg,Male
999.jpg,Male
1000.jpg,Male
1001.jpg,Female
1002.jpg,Male
1003.jpg,Male
1004.jpg,Female
1005.jpg,Male
1006.jpg,Female
1007.jpg,Male
1008.jpg,Male
1009.jpg,Female
1010.jpg,Male
1011.jpg,Male
1012.jpg,Male
1013.jpg,Male
1014.jpg,Male
1015.jpg,Male
1016.jpg,Male
1017.jpg,Male
1018.jpg,Male
1019.jpg,Male
1020.jpg,Male
1021.jpg,Female
1022.jpg,Male
1023.jpg,Male
1024.jpg,Female
1025.jpg,Male
1026.jpg,Male
1027.jpg,Male
1028.jpg,Male
1029.jpg,Female
1030.jpg,Male
1031.jpg,Male
1032.jpg,Female
1033.jpg,Male
1034.jpg,Male
1035.jpg,Male
1036.jpg,Male
1037.jpg,Female
1038.jpg,Male
1039.jpg,Male
1040.jpg,Male
1041.jpg,Female
1042.jpg,Female
1043.jpg,Male
1044.jpg,Male
1045.jpg,Male
1046.jpg,Female
1047.jpg,Male
1048.jpg,Male
1049.jpg,Male
1050.jpg,Male
1051.jpg,Female
1052.jpg,Male
1053.jpg,Male
1054.jpg,Male
1055.jpg,Male
1056.jpg,Male
1057.jpg,Male
1058.jpg,Male
1059.jpg,Female
1060.jpg,Male
1061.jpg,Male
1062.jpg,Male
1063.jpg,Male
1064.jpg,Male
1065.jpg,Male
1066.jpg,Male
1067.jpg,Male
1068.jpg,Female
1069.jpg,Male
1070.jpg,Male
1071.jpg,Female
1072.jpg,Male
1073.jpg,Female
1074.jpg,Male
1075.jpg,Male
1076.jpg,Female
1077.jpg,Female
1078.jpg,Male
1079.jpg,Male
1080.jpg,Female
1081.jpg,Male
1082.jpg,Male
1083.jpg,Male
1084.jpg,Female
1085.jpg,Male
1086.jpg,Male
1087.jpg,Female
1088.jpg,Male
1089.jpg,Male
1090.jpg,Female
1091.jpg,Male
1092.jpg,Male
1093.jpg,Male
1094.jpg,Female
1095.jpg,Male
1096.jpg,Male
1097.jpg,Male
1098.jpg,Male
1099.jpg,Male
1100.jpg,Female
1101.jpg,Male
1102.jpg,Male
1103.jpg,Male
1104.jpg,Male
1105.jpg,Male
1106.jpg,Male
1107.jpg,Male
1108.jpg,Male
1109.jpg,Female
1110.jpg,Male
1111.jpg,Female
1112.jpg,Male
1113.jpg,Male
1114.jpg,Male
1115.jpg,Male
1116.jpg,Female
1117.jpg,Female
1118.jpg,Male
1119.jpg,Male
1120.jpg,Male
1121.jpg,Male
1122.jpg,Male
1123.jpg,Male
1124.jpg,Male
1125.jpg,Male
1126.jpg,Male
1127.jpg,Male
1128.jpg,Male
1129.jpg,Male
1130.jpg,Male
1131.jpg,Female
1132.jpg,Female
1133.jpg,Male
1134.jpg,Male
1135.jpg,Male
1136.jpg,Female
1137.jpg,Male
1138.jpg,Male
1139.jpg,Male
1140.jpg,Male
1141.jpg,Male
1142.jpg,Male
1143.jpg,Female
1144.jpg,Female
1145.jpg,Male
1146.jpg,Female
1147.jpg,Male
1148.jpg,Male
1149.jpg,Male
1150.jpg,Male
1151.jpg,Male
1152.jpg,Female
1153.jpg,Male
1154.jpg,Female
1155.jpg,Male
1156.jpg,Female
1157.jpg,Male
1158.jpg,Female
1159.jpg,Male
1160.jpg,Male
1161.jpg,Male
1162.jpg,Male
1163.jpg,Female
1164.jpg,Female
1165.jpg,Male
1166.jpg,Male
1167.jpg,Male
1168.jpg,Male
1169.jpg,Male
1170.jpg,Male
1171.jpg,Male
1172.jpg,Male
1173.jpg,Male
1174.jpg,Female
1175.jpg,Male
1176.jpg,Male
1177.jpg,Male
1178.jpg,Male
1179.jpg,Male
1180.jpg,Male
1181.jpg,Male
1182.jpg,Male
1183.jpg,Male
1184.jpg,Male
1185.jpg,Male
1186.jpg,Female
1187.jpg,Male
1188.jpg,Male
1189.jpg,Male
1190.jpg,Male
1191.jpg,Male
1192.jpg,Female
1193.jpg,Male
1194.jpg,Female
1195.jpg,Male
1196.jpg,Male
1197.jpg,Male
1198.jpg,Male
1199.jpg,Female
1200.jpg,Male
1201.jpg,Male
1202.jpg,Male
1203.jpg,Male
1204.jpg,Male
1205.jpg,Male
1206.jpg,Female
1207.jpg,Male
1208.jpg,Female
1209.jpg,Male
1210.jpg,Male
1211.jpg,Male
1212.jpg,Male
1213.jpg,Female
1214.jpg,Male
1215.jpg,Female
1216.jpg,Male
1217.jpg,Male
1218.jpg,Male
1219.jpg,Male
1220.jpg,Female
1221.jpg,Male
1222.jpg,Male
1223.jpg,Male
1224.jpg,Male
1225.jpg,Male
1226.jpg,Female
1227.jpg,Female
1228.jpg,Male
1229.jpg,Male
1230.jpg,Male
1231.jpg,Female
1232.jpg,Male
1233.jpg,Male
1234.jpg,Male
1235.jpg,Male
1236.jpg,Male
1237.jpg,Male
1238.jpg,Male
1239.jpg,Male
1240.jpg,Male
1241.jpg,Male
1242.jpg,Male
1243.jpg,Female
1244.jpg,Male
1245.jpg,Male
1246.jpg,Male
1247.jpg,Male
1248.jpg,Female
1249.jpg,Female
1250.jpg,Male
1251.jpg,Male
1252.jpg,Female
1253.jpg,Male
1254.jpg,Male
1255.jpg,Male
1256.jpg,Female
1257.jpg,Female
1258.jpg,Female
1259.jpg,Female
1260.jpg,Male
1261.jpg,Female
1262.jpg,Male
1263.jpg,Male
1264.jpg,Male
1265.jpg,Male
1266.jpg,Male
1267.jpg,Male
1268.jpg,Female
1269.jpg,Male
1270.jpg,Male
1271.jpg,Male
1272.jpg,Female
1273.jpg,Male
1274.jpg,Male
1275.jpg,Female
1276.jpg,Male
1277.jpg,Female
1278.jpg,Male
1279.jpg,Male
1280.jpg,Male
1281.jpg,Female
1282.jpg,Male
1283.jpg,Male
1284.jpg,Male
1285.jpg,Male
1286.jpg,Male
1287.jpg,Female
1288.jpg,Female
1289.jpg,Female
1290.jpg,Male
1291.jpg,Male
1292.jpg,Male
1293.jpg,Male
1294.jpg,Male
1295.jpg,Male
1296.jpg,Female
1297.jpg,Male
1298.jpg,Male
1299.jpg,Male
1300.jpg,Male
1301.jpg,Female
1302.jpg,Male
1303.jpg,Male
1304.jpg,Male
1305.jpg,Male
1306.jpg,Male
1307.jpg,Male
1308.jpg,Male
1309.jpg,Male
1310.jpg,Male
1311.jpg,Male
1312.jpg,Male
1313.jpg,Male
1314.jpg,Male
1315.jpg,Female
1316.jpg,Male
1317.jpg,Male
1318.jpg,Male
1319.jpg,Female
1320.jpg,Male
1321.jpg,Male
1322.jpg,Female
1323.jpg,Male
1324.jpg,Male
1325.jpg,Male
1326.jpg,Male
1327.jpg,Male
1328.jpg,Male
1329.jpg,Male
1330.jpg,Male
1331.jpg,Female
1332.jpg,Female
1333.jpg,Male
1334.jpg,Male
1335.jpg,Female
1336.jpg,Male
1337.jpg,Male
1338.jpg,Male
1339.jpg,Male
1340.jpg,Male
1341.jpg,Male
1342.jpg,Male
1343.jpg,Male
1344.jpg,Male
1345.jpg,Female
1346.jpg,Male
1347.jpg,Male
1348.jpg,Female
1349.jpg,Male
1350.jpg,Male
1351.jpg,Male
1352.jpg,Male
1353.jpg,Male
1354.jpg,Male
1355.jpg,Male
1356.jpg,Male
1357.jpg,Female
1358.jpg,Male
1359.jpg,Male
1360.jpg,Male
1361.jpg,Male
1362.jpg,Male
1363.jpg,Male
1364.jpg,Female
1365.jpg,Male
1366.jpg,Female
1367.jpg,Male
1368.jpg,Male
1369.jpg,Male
1370.jpg,Female
1371.jpg,Female
1372.jpg,Male
1373.jpg,Male
1374.jpg,Male
1375.jpg,Female
1376.jpg,Male
1377.jpg,Male
1378.jpg,Male
1379.jpg,Male
1380.jpg,Male
1381.jpg,Male
1382.jpg,Male
1383.jpg,Female
1384.jpg,Male
1385.jpg,Male
1386.jpg,Female
1387.jpg,Male
1388.jpg,Female
1389.jpg,Male
1390.jpg,Male
1391.jpg,Male
1392.jpg,Female
1393.jpg,Male
1394.jpg,Male
1395.jpg,Male
1396.jpg,Female
1397.jpg,Male
1398.jpg,Female
1399.jpg,Male
1400.jpg,Female
1401.jpg,Male
1402.jpg,Male
1403.jpg,Female
1404.jpg,Female
1405.jpg,Male
1406.jpg,Male
1407.jpg,Male
1408.jpg,Male
1409.jpg,Male
1410.jpg,Female
1411.jpg,Male
1412.jpg,Male
1413.jpg,Male
1414.jpg,Male
1415.jpg,Male
1416.jpg,Male
1417.jpg,Female
1418.jpg,Male
1419.jpg,Male
1420.jpg,Male
1421.jpg,Male
1422.jpg,Female
1423.jpg,Male
1424.jpg,Female
1425.jpg,Male
1426.jpg,Female
1427.jpg,Male
1428.jpg,Male
1429.jpg,Male
1430.jpg,Male
1431.jpg,Male
1432.jpg,Female
1433.jpg,Male
1434.jpg,Male
1435.jpg,Female
1436.jpg,Male
1437.jpg,Male
1438.jpg,Male
1439.jpg,Male
1440.jpg,Male
1441.jpg,Male
1442.jpg,Male
1443.jpg,Male
1444.jpg,Male
1445.jpg,Male
1446.jpg,Male
1447.jpg,Male
1448.jpg,Male
1449.jpg,Female
1450.jpg,Male
1451.jpg,Male
1452.jpg,Male
1453.jpg,Female
1454.jpg,Male
1455.jpg,Male
1456.jpg,Male
1457.jpg,Male
1458.jpg,Male
1459.jpg,Male
1460.jpg,Female
1461.jpg,Male
1462.jpg,Male
1463.jpg,Male
1464.jpg,Male
1465.jpg,Male
1466.jpg,Male
1467.jpg,Male
1468.jpg,Female
1469.jpg,Male
1470.jpg,Male
1471.jpg,Female
1472.jpg,Male
1473.jpg,Female
1474.jpg,Male
1475.jpg,Male
1476.jpg,Female
1477.jpg,Male
1478.jpg,Male
1479.jpg,Male
1480.jpg,Male
1481.jpg,Male
1482.jpg,Male
1483.jpg,Male
1484.jpg,Male
1485.jpg,Male
1486.jpg,Male
1487.jpg,Male
1488.jpg,Female
1489.jpg,Female
1490.jpg,Male
1491.jpg,Female
1492.jpg,Male
1493.jpg,Male
1494.jpg,Male
1495.jpg,Male
1496.jpg,Male
1497.jpg,Female
1498.jpg,Male
1499.jpg,Female
1500.jpg,Male
1501.jpg,Male
1502.jpg,Male
1503.jpg,Male
1504.jpg,Female
1505.jpg,Male
1506.jpg,Male
1507.jpg,Male
1508.jpg,Male
1509.jpg,Male
1510.jpg,Male
1511.jpg,Male
1512.jpg,Male
1513.jpg,Female
1514.jpg,Male
1515.jpg,Male
1516.jpg,Male
1517.jpg,Female
1518.jpg,Male
1519.jpg,Male
1520.jpg,Male
1521.jpg,Female
1522.jpg,Female
1523.jpg,Male
1524.jpg,Male
1525.jpg,Male
1526.jpg,Male
1527.jpg,Male
1528.jpg,Male
1529.jpg,Male
1530.jpg,Male
1531.jpg,Male
1532.jpg,Female
1533.jpg,Male
1534.jpg,Male
1535.jpg,Male
1536.jpg,Female
1537.jpg,Male
1538.jpg,Female
1539.jpg,Male
1540.jpg,Male
1541.jpg,Male
1542.jpg,Male
1543.jpg,Male
1544.jpg,Male
1545.jpg,Male
1546.jpg,Male
1547.jpg,Female
1548.jpg,Male
1549.jpg,Male
1550.jpg,Male
1551.jpg,Male
1552.jpg,Female
1553.jpg,Male
1554.jpg,Male
1555.jpg,Male
1556.jpg,Male
1557.jpg,Male
1558.jpg,Male
1559.jpg,Male
1560.jpg,Male
1561.jpg,Male
1562.jpg,Male
1563.jpg,Male
1564.jpg,Male
1565.jpg,Male
1566.jpg,Female
1567.jpg,Male
1568.jpg,Male
1569.jpg,Male
1570.jpg,Male
1571.jpg,Male
1572.jpg,Male
1573.jpg,Female
1574.jpg,Male
1575.jpg,Female
1576.jpg,Male
1577.jpg,Male
1578.jpg,Male
1579.jpg,Male
1580.jpg,Male
1581.jpg,Male
1582.jpg,Male
1583.jpg,Male
1584.jpg,Male
1585.jpg,Male
1586.jpg,Male
1587.jpg,Male
1588.jpg,Male
1589.jpg,Female
1590.jpg,Male
1591.jpg,Male
1592.jpg,Male
1593.jpg,Male
1594.jpg,Male
1595.jpg,Male
1596.jpg,Male
1597.jpg,Male
1598.jpg,Male
1599.jpg,Male
1600.jpg,Male
1601.jpg,Male
1602.jpg,Male
1603.jpg,Male
1604.jpg,Male
1605.jpg,Male
1606.jpg,Female
1607.jpg,Male
1608.jpg,Male
1609.jpg,Female
1610.jpg,Male
1611.jpg,Male
1612.jpg,Male
1613.jpg,Male
1614.jpg,Male
1615.jpg,Male
1616.jpg,Male
1617.jpg,Male
1618.jpg,Male
1619.jpg,Male
1620.jpg,Female
1621.jpg,Male
1622.jpg,Male
1623.jpg,Female
1624.jpg,Male
1625.jpg,Male
1626.jpg,Male
1627.jpg,Female
1628.jpg,Male
1629.jpg,Male
1630.jpg,Male
1631.jpg,Female
1632.jpg,Female
1633.jpg,Male
1634.jpg,Male
1635.jpg,Male
1636.jpg,Male
1637.jpg,Male
1638.jpg,Male
1639.jpg,Male
1640.jpg,Male
1641.jpg,Male
1642.jpg,Female
1643.jpg,Male
1644.jpg,Male
1645.jpg,Male
1646.jpg,Male
1647.jpg,Female
1648.jpg,Male
1649.jpg,Female
1650.jpg,Male
1651.jpg,Male
1652.jpg,Male
1653.jpg,Male
1654.jpg,Female
1655.jpg,Female
1656.jpg,Male
1657.jpg,Male
1658.jpg,Male
1659.jpg,Female
1660.jpg,Male
1661.jpg,Female
1662.jpg,Male
1663.jpg,Male
1664.jpg,Male
1665.jpg,Male
1666.jpg,Male
1667.jpg,Male
1668.jpg,Male
1669.jpg,Female
1670.jpg,Male
1671.jpg,Male
1672.jpg,Male
1673.jpg,Male
1674.jpg,Male
1675.jpg,Male
1676.jpg,Female
1677.jpg,Male
1678.jpg,Male
1679.jpg,Male
1680.jpg,Male
1681.jpg,Female
1682.jpg,Male
1683.jpg,Male
1684.jpg,Male
1685.jpg,Male
1686.jpg,Male
1687.jpg,Male
1688.jpg,Male
1689.jpg,Male
1690.jpg,Female
1691.jpg,Female
1692.jpg,Male
1693.jpg,Male
1694.jpg,Male
1695.jpg,Male
1696.jpg,Male
1697.jpg,Male
1698.jpg,Male
1699.jpg,Female
1700.jpg,Male
1701.jpg,Female
1702.jpg,Male
1703.jpg,Female
1704.jpg,Male
1705.jpg,Male
1706.jpg,Male
1707.jpg,Male
1708.jpg,Male
1709.jpg,Male
1710.jpg,Male
1711.jpg,Male
1712.jpg,Male
1713.jpg,Male
1714.jpg,Male
1715.jpg,Male
1716.jpg,Male
1717.jpg,Male
1718.jpg,Female
1719.jpg,Male
1720.jpg,Male
1721.jpg,Male
1722.jpg,Male
1723.jpg,Male
1724.jpg,Male
1725.jpg,Male
1726.jpg,Male
1727.jpg,Male
1728.jpg,Male
1729.jpg,Female
1730.jpg,Male
1731.jpg,Male
1732.jpg,Male
1733.jpg,Male
1734.jpg,Male
1735.jpg,Female
1736.jpg,Male
1737.jpg,Male
1738.jpg,Male
1739.jpg,Male
1740.jpg,Male
1741.jpg,Female
1742.jpg,Male
1743.jpg,Male
1744.jpg,Male
1745.jpg,Male
1746.jpg,Male
1747.jpg,Male
1748.jpg,Male
1749.jpg,Female
1750.jpg,Male
1751.jpg,Male
1752.jpg,Male
1753.jpg,Male
1754.jpg,Male
1755.jpg,Male
1756.jpg,Male
1757.jpg,Male
1758.jpg,Male
1759.jpg,Male
1760.jpg,Male
1761.jpg,Male
1762.jpg,Male
1763.jpg,Male
1764.jpg,Male
1765.jpg,Male
1766.jpg,Male
1767.jpg,Female
1768.jpg,Female
1769.jpg,Male
1770.jpg,Male
1771.jpg,Male
1772.jpg,Male
1773.jpg,Male
1774.jpg,Male
1775.jpg,Female
1776.jpg,Male
1777.jpg,Male
1778.jpg,Male
1779.jpg,Male
1780.jpg,Female
1781.jpg,Female
1782.jpg,Male
1783.jpg,Male
1784.jpg,Male
1785.jpg,Male
1786.jpg,Male
1787.jpg,Male
1788.jpg,Male
1789.jpg,Male
1790.jpg,Male
1791.jpg,Male
1792.jpg,Male
1793.jpg,Female
1794.jpg,Male
1795.jpg,Male
1796.jpg,Male
1797.jpg,Female
1798.jpg,Male
1799.jpg,Male
1800.jpg,Male
1801.jpg,Male
1802.jpg,Female
1803.jpg,Male
1804.jpg,Female
1805.jpg,Female
1806.jpg,Male
1807.jpg,Male
1808.jpg,Female
1809.jpg,Male
1810.jpg,Male
1811.jpg,Male
1812.jpg,Male
1813.jpg,Female
1814.jpg,Male
1815.jpg,Male
1816.jpg,Female
1817.jpg,Male
1818.jpg,Male
1819.jpg,Male
1820.jpg,Male
1821.jpg,Male
1822.jpg,Male
1823.jpg,Male
1824.jpg,Male
1825.jpg,Male
1826.jpg,Male
1827.jpg,Male
1828.jpg,Female
1829.jpg,Male
1830.jpg,Female
1831.jpg,Male
1832.jpg,Male
1833.jpg,Male
1834.jpg,Female
1835.jpg,Female
1836.jpg,Female
1837.jpg,Male
1838.jpg,Female
1839.jpg,Male
1840.jpg,Male
1841.jpg,Male
1842.jpg,Male
1843.jpg,Female
1844.jpg,Female
1845.jpg,Male
1846.jpg,Male
1847.jpg,Male
1848.jpg,Male
1849.jpg,Female
1850.jpg,Male
1851.jpg,Male
1852.jpg,Female
1853.jpg,Male
1854.jpg,Male
1855.jpg,Male
1856.jpg,Male
1857.jpg,Male
1858.jpg,Male
1859.jpg,Female
1860.jpg,Male
1861.jpg,Male
1862.jpg,Female
1863.jpg,Male
1864.jpg,Male
1865.jpg,Male
1866.jpg,Male
1867.jpg,Male
1868.jpg,Male
1869.jpg,Male
1870.jpg,Male
1871.jpg,Male
1872.jpg,Male
1873.jpg,Male
1874.jpg,Male
1875.jpg,Male
1876.jpg,Male
1877.jpg,Male
1878.jpg,Male
1879.jpg,Male
1880.jpg,Male
1881.jpg,Male
1882.jpg,Female
1883.jpg,Male
1884.jpg,Female
1885.jpg,Male
1886.jpg,Male
1887.jpg,Male
1888.jpg,Male
1889.jpg,Female
1890.jpg,Female
1891.jpg,Male
1892.jpg,Male
1893.jpg,Male
1894.jpg,Female
1895.jpg,Male
1896.jpg,Male
1897.jpg,Male
1898.jpg,Male
1899.jpg,Female
1900.jpg,Male
1901.jpg,Female
1902.jpg,Female
1903.jpg,Female
1904.jpg,Male
1905.jpg,Female
1906.jpg,Male
1907.jpg,Female
1908.jpg,Male
1909.jpg,Male
1910.jpg,Male
1911.jpg,Male
1912.jpg,Male
1913.jpg,Male
1914.jpg,Male
1915.jpg,Female
1916.jpg,Male
1917.jpg,Male
1918.jpg,Male
1919.jpg,Male
1920.jpg,Male
1921.jpg,Male
1922.jpg,Male
1923.jpg,Male
1924.jpg,Male
1925.jpg,Male
1926.jpg,Male
1927.jpg,Male
1928.jpg,Female
1929.jpg,Male
1930.jpg,Female
1931.jpg,Female
1932.jpg,Male
1933.jpg,Male
1934.jpg,Male
1935.jpg,Male
1936.jpg,Male
1937.jpg,Male
1938.jpg,Male
1939.jpg,Male
1940.jpg,Male
1941.jpg,Female
1942.jpg,Female
1943.jpg,Female
1944.jpg,Male
1945.jpg,Male
1946.jpg,Male
1947.jpg,Female
1948.jpg,Male
1949.jpg,Male
1950.jpg,Male
1951.jpg,Female
1952.jpg,Male
1953.jpg,Male
1954.jpg,Male
1955.jpg,Male
1956.jpg,Male
1957.jpg,Male
1958.jpg,Male
1959.jpg,Male
1960.jpg,Male
1961.jpg,Male
1962.jpg,Male
1963.jpg,Male
1964.jpg,Male
1965.jpg,Male
1966.jpg,Male
1967.jpg,Male
1968.jpg,Male
1969.jpg,Male
1970.jpg,Male
1971.jpg,Male
1972.jpg,Male
1973.jpg,Female
1974.jpg,Male
1975.jpg,Male
1976.jpg,Male
1977.jpg,Male
1978.jpg,Female
1979.jpg,Male
1980.jpg,Male
1981.jpg,Male
1982.jpg,Male
1983.jpg,Male
1984.jpg,Female
1985.jpg,Female
1986.jpg,Male
1987.jpg,Male
1988.jpg,Male
1989.jpg,Male
1990.jpg,Male
1991.jpg,Male
1992.jpg,Male
1993.jpg,Male
1994.jpg,Male
1995.jpg,Male
1996.jpg,Female
1997.jpg,Male
1998.jpg,Male
1999.jpg,Male
2000.jpg,Female
2001.jpg,Male
2002.jpg,Female
2003.jpg,Male
2004.jpg,Female
2005.jpg,Male
2006.jpg,Male
2007.jpg,Male
2008.jpg,Male
2009.jpg,Male
2010.jpg,Male
2011.jpg,Male
2012.jpg,Male
2013.jpg,Male
2014.jpg,Male
2015.jpg,Male
2016.jpg,Male
2017.jpg,Male
2018.jpg,Male
2019.jpg,Male
2020.jpg,Female
2021.jpg,Male
2022.jpg,Male
2023.jpg,Male
2024.jpg,Male
2025.jpg,Male
2026.jpg,Male
2027.jpg,Male
2028.jpg,Female
2029.jpg,Male
2030.jpg,Female
2031.jpg,Male
2032.jpg,Male
2033.jpg,Male
2034.jpg,Male
2035.jpg,Female
2036.jpg,Male
2037.jpg,Male
2038.jpg,Male
2039.jpg,Male
2040.jpg,Male
2041.jpg,Male
2042.jpg,Male
2043.jpg,Male
2044.jpg,Male
2045.jpg,Male
2046.jpg,Female
2047.jpg,Male
2048.jpg,Male
2049.jpg,Male
2050.jpg,Female
2051.jpg,Male
2052.jpg,Female
2053.jpg,Male
2054.jpg,Female
2055.jpg,Male
2056.jpg,Female
2057.jpg,Male
2058.jpg,Female
2059.jpg,Male
2060.jpg,Male
2061.jpg,Male
2062.jpg,Female
2063.jpg,Female
2064.jpg,Male
2065.jpg,Male
2066.jpg,Male
2067.jpg,Male
2068.jpg,Male
2069.jpg,Male
2070.jpg,Male
2071.jpg,Female
2072.jpg,Male
2073.jpg,Male
2074.jpg,Female
2075.jpg,Male
2076.jpg,Male
2077.jpg,Male
2078.jpg,Male
2079.jpg,Male
2080.jpg,Male
2081.jpg,Female
2082.jpg,Male
2083.jpg,Male
2084.jpg,Male
2085.jpg,Male
2086.jpg,Male
2087.jpg,Male
2088.jpg,Male
2089.jpg,Male
2090.jpg,Female
2091.jpg,Male
2092.jpg,Male
2093.jpg,Male
2094.jpg,Male
2095.jpg,Male
2096.jpg,Male
2097.jpg,Male
2098.jpg,Male
2099.jpg,Male
2100.jpg,Female
2101.jpg,Female
2102.jpg,Male
2103.jpg,Male
2104.jpg,Male
2105.jpg,Female
2106.jpg,Female
2107.jpg,Male
2108.jpg,Female
2109.jpg,Male
2110.jpg,Female
2111.jpg,Male
2112.jpg,Male
2113.jpg,Male
2114.jpg,Male
2115.jpg,Male
2116.jpg,Female
2117.jpg,Female
2118.jpg,Male
2119.jpg,Male
2120.jpg,Male
2121.jpg,Female
2122.jpg,Male
2123.jpg,Male
2124.jpg,Male
2125.jpg,Male
2126.jpg,Male
2127.jpg,Male
2128.jpg,Male
2129.jpg,Male
2130.jpg,Male
2131.jpg,Male
2132.jpg,Male
2133.jpg,Male
2134.jpg,Female
2135.jpg,Female
2136.jpg,Female
2137.jpg,Male
2138.jpg,Male
2139.jpg,Male
2140.jpg,Male
2141.jpg,Female
2142.jpg,Male
2143.jpg,Female
2144.jpg,Male
2145.jpg,Male
2146.jpg,Male
2147.jpg,Male
2148.jpg,Male
2149.jpg,Male
2150.jpg,Male
2151.jpg,Male
2152.jpg,Male
2153.jpg,Male
2154.jpg,Female
2155.jpg,Male
2156.jpg,Male
2157.jpg,Male
2158.jpg,Male
2159.jpg,Male
2160.jpg,Male
2161.jpg,Male
2162.jpg,Male
2163.jpg,Male
2164.jpg,Male
2165.jpg,Male
2166.jpg,Female
2167.jpg,Male
2168.jpg,Male
2169.jpg,Male
2170.jpg,Male
2171.jpg,Male
2172.jpg,Female
2173.jpg,Male
2174.jpg,Male
2175.jpg,Male
2176.jpg,Male
2177.jpg,Male
2178.jpg,Male
2179.jpg,Female
2180.jpg,Male
2181.jpg,Female
2182.jpg,Male
2183.jpg,Male
2184.jpg,Male
2185.jpg,Female
2186.jpg,Male
2187.jpg,Male
2188.jpg,Female
2189.jpg,Male
2190.jpg,Male
2191.jpg,Male
2192.jpg,Male
2193.jpg,Male
2194.jpg,Female
2195.jpg,Male
2196.jpg,Female
2197.jpg,Male
2198.jpg,Male
2199.jpg,Male
2200.jpg,Female
2201.jpg,Female
2202.jpg,Female
2203.jpg,Male
2204.jpg,Male
2205.jpg,Female
2206.jpg,Male
2207.jpg,Male
2208.jpg,Male
2209.jpg,Male
2210.jpg,Male
2211.jpg,Male
2212.jpg,Male
2213.jpg,Male
2214.jpg,Female
2215.jpg,Male
2216.jpg,Male
2217.jpg,Male
2218.jpg,Male
2219.jpg,Male
2220.jpg,Female
2221.jpg,Male
2222.jpg,Female
2223.jpg,Female
2224.jpg,Male
2225.jpg,Male
2226.jpg,Male
2227.jpg,Female
2228.jpg,Male
2229.jpg,Male
2230.jpg,Male
2231.jpg,Male
2232.jpg,Female
2233.jpg,Male
2234.jpg,Male
2235.jpg,Male
2236.jpg,Male
2237.jpg,Male
2238.jpg,Male
2239.jpg,Male
2240.jpg,Female
2241.jpg,Male
2242.jpg,Male
2243.jpg,Male
2244.jpg,Male
2245.jpg,Male
2246.jpg,Female
2247.jpg,Female
2248.jpg,Male
2249.jpg,Female
2250.jpg,Male
2251.jpg,Female
2252.jpg,Male
2253.jpg,Male
2254.jpg,Male
2255.jpg,Male
2256.jpg,Male
2257.jpg,Female
2258.jpg,Male
2259.jpg,Female
2260.jpg,Male
2261.jpg,Male
2262.jpg,Male
2263.jpg,Female
2264.jpg,Male
2265.jpg,Male
2266.jpg,Male
2267.jpg,Male
2268.jpg,Male
2269.jpg,Female
2270.jpg,Male
2271.jpg,Female
2272.jpg,Male
2273.jpg,Female
2274.jpg,Male
2275.jpg,Male
2276.jpg,Male
2277.jpg,Male
2278.jpg,Female
2279.jpg,Male
2280.jpg,Male
2281.jpg,Female
2282.jpg,Male
2283.jpg,Male
2284.jpg,Female
2285.jpg,Male
2286.jpg,Male
2287.jpg,Male
2288.jpg,Female
2289.jpg,Male
2290.jpg,Male
2291.jpg,Male
2292.jpg,Male
2293.jpg,Male
2294.jpg,Male
2295.jpg,Male
2296.jpg,Female
2297.jpg,Male
2298.jpg,Male
2299.jpg,Male
2300.jpg,Male
2301.jpg,Male
2302.jpg,Male
2303.jpg,Male
2304.jpg,Male
2305.jpg,Male
2306.jpg,Male
2307.jpg,Male
2308.jpg,Male
2309.jpg,Male
2310.jpg,Female
2311.jpg,Male
2312.jpg,Male
2313.jpg,Male
2314.jpg,Male
2315.jpg,Male
2316.jpg,Female
2317.jpg,Male
2318.jpg,Male
2319.jpg,Male
2320.jpg,Male
2321.jpg,Male
2322.jpg,Male
2323.jpg,Male
2324.jpg,Male
2325.jpg,Male
2326.jpg,Male
2327.jpg,Male
2328.jpg,Male
2329.jpg,Male
2330.jpg,Male
2331.jpg,Male
2332.jpg,Male
2333.jpg,Female
2334.jpg,Male
2335.jpg,Male
2336.jpg,Male
2337.jpg,Female
2338.jpg,Male
2339.jpg,Male
2340.jpg,Male
2341.jpg,Male
2342.jpg,Male
2343.jpg,Female
2344.jpg,Male
2345.jpg,Male
2346.jpg,Female
2347.jpg,Male
2348.jpg,Female
2349.jpg,Male
2350.jpg,Female
2351.jpg,Male
2352.jpg,Female
2353.jpg,Female
2354.jpg,Male
2355.jpg,Male
2356.jpg,Male
2357.jpg,Female
2358.jpg,Female
2359.jpg,Male
2360.jpg,Male
2361.jpg,Male
2362.jpg,Male
2363.jpg,Male
2364.jpg,Female
2365.jpg,Male
2366.jpg,Male
2367.jpg,Male
2368.jpg,Male
2369.jpg,Male
2370.jpg,Female
2371.jpg,Male
2372.jpg,Male
2373.jpg,Male
2374.jpg,Female
2375.jpg,Male
2376.jpg,Male
2377.jpg,Male
2378.jpg,Male
2379.jpg,Male
2380.jpg,Male
2381.jpg,Male
2382.jpg,Male
2383.jpg,Female
2384.jpg,Male
2385.jpg,Male
2386.jpg,Male
2387.jpg,Female
2388.jpg,Male
2389.jpg,Male
2390.jpg,Male
2391.jpg,Male
2392.jpg,Male
2393.jpg,Female
2394.jpg,Male
2395.jpg,Male
2396.jpg,Female
2397.jpg,Female
2398.jpg,Male
2399.jpg,Male
2400.jpg,Male
2401.jpg,Male
2402.jpg,Male
2403.jpg,Male
2404.jpg,Male
2405.jpg,Male
2406.jpg,Male
2407.jpg,Male
2408.jpg,Male
2409.jpg,Female
2410.jpg,Male
2411.jpg,Male
2412.jpg,Male
2413.jpg,Male
2414.jpg,Female
2415.jpg,Male
2416.jpg,Male
2417.jpg,Male
2418.jpg,Female
2419.jpg,Male
2420.jpg,Male
2421.jpg,Male
2422.jpg,Female
2423.jpg,Male
2424.jpg,Male
2425.jpg,Male
2426.jpg,Female
2427.jpg,Male
2428.jpg,Female
2429.jpg,Female
2430.jpg,Male
2431.jpg,Female
2432.jpg,Male
2433.jpg,Male
2434.jpg,Male
2435.jpg,Male
2436.jpg,Male
2437.jpg,Male
2438.jpg,Male
2439.jpg,Male
2440.jpg,Male
2441.jpg,Male
2442.jpg,Male
2443.jpg,Male
2444.jpg,Male
2445.jpg,Male
2446.jpg,Male
2447.jpg,Male
2448.jpg,Male
2449.jpg,Male
2450.jpg,Male
2451.jpg,Female
2452.jpg,Male
2453.jpg,Male
2454.jpg,Male
2455.jpg,Female
2456.jpg,Male
2457.jpg,Female
2458.jpg,Male
2459.jpg,Male
2460.jpg,Male
2461.jpg,Male
2462.jpg,Male
2463.jpg,Male
2464.jpg,Male
2465.jpg,Male
2466.jpg,Male
2467.jpg,Male
2468.jpg,Male
2469.jpg,Male
2470.jpg,Male
2471.jpg,Female
2472.jpg,Female
2473.jpg,Female
2474.jpg,Male
2475.jpg,Female
2476.jpg,Female
2477.jpg,Male
2478.jpg,Female
2479.jpg,Male
2480.jpg,Male
2481.jpg,Male
2482.jpg,Male
2483.jpg,Male
2484.jpg,Male
2485.jpg,Male
2486.jpg,Male
2487.jpg,Male
2488.jpg,Male
2489.jpg,Female
2490.jpg,Male
2491.jpg,Male
2492.jpg,Male
2493.jpg,Male
2494.jpg,Male
2495.jpg,Male
2496.jpg,Male
2497.jpg,Male
2498.jpg,Female
2499.jpg,Male
2500.jpg,Male
2501.jpg,Male
2502.jpg,Male
2503.jpg,Male
2504.jpg,Female
2505.jpg,Male
2506.jpg,Male
2507.jpg,Male
2508.jpg,Male
2509.jpg,Male
2510.jpg,Male
2511.jpg,Male
2512.jpg,Female
2513.jpg,Male
2514.jpg,Male
2515.jpg,Male
2516.jpg,Male
2517.jpg,Female
2518.jpg,Male
2519.jpg,Male
2520.jpg,Male
2521.jpg,Male
2522.jpg,Male
2523.jpg,Male
2524.jpg,Male
2525.jpg,Male
2526.jpg,Male
2527.jpg,Male
2528.jpg,Female
2529.jpg,Male
2530.jpg,Male
2531.jpg,Male
2532.jpg,Male
2533.jpg,Male
2534.jpg,Male
2535.jpg,Male
2536.jpg,Female
2537.jpg,Male
2538.jpg,Male
2539.jpg,Female
2540.jpg,Male
2541.jpg,Female
2542.jpg,Male
2543.jpg,Male
2544.jpg,Male
2545.jpg,Male
2546.jpg,Male
2547.jpg,Male
2548.jpg,Female
2549.jpg,Male
2550.jpg,Male
2551.jpg,Male
2552.jpg,Male
2553.jpg,Male
2554.jpg,Male
2555.jpg,Male
2556.jpg,Female
2557.jpg,Male
2558.jpg,Male
2559.jpg,Male
2560.jpg,Male
2561.jpg,Male
2562.jpg,Male
2563.jpg,Male
2564.jpg,Male
2565.jpg,Male
2566.jpg,Female
2567.jpg,Male
2568.jpg,Male
2569.jpg,Female
2570.jpg,Male
2571.jpg,Female
2572.jpg,Male
2573.jpg,Male
2574.jpg,Male
2575.jpg,Male
2576.jpg,Male
2577.jpg,Male
2578.jpg,Male
2579.jpg,Female
2580.jpg,Male
2581.jpg,Male
2582.jpg,Male
2583.jpg,Male
2584.jpg,Male
2585.jpg,Male
2586.jpg,Male
2587.jpg,Female
2588.jpg,Male
2589.jpg,Male
2590.jpg,Male
2591.jpg,Male
2592.jpg,Male
2593.jpg,Female
2594.jpg,Male
2595.jpg,Male
2596.jpg,Male
2597.jpg,Male
2598.jpg,Male
2599.jpg,Male
2600.jpg,Male
2601.jpg,Male
2602.jpg,Female
2603.jpg,Male
2604.jpg,Male
2605.jpg,Male
2606.jpg,Female
2607.jpg,Male
2608.jpg,Male
2609.jpg,Male
2610.jpg,Female
2611.jpg,Male
2612.jpg,Male
2613.jpg,Male
2614.jpg,Male
2615.jpg,Male
2616.jpg,Male
2617.jpg,Male
2618.jpg,Male
2619.jpg,Female
2620.jpg,Female
2621.jpg,Male
2622.jpg,Male
2623.jpg,Male
2624.jpg,Male
2625.jpg,Male
2626.jpg,Male
2627.jpg,Male
2628.jpg,Male
2629.jpg,Female
2630.jpg,Male
2631.jpg,Female
2632.jpg,Male
2633.jpg,Female
2634.jpg,Male
2635.jpg,Male
2636.jpg,Male
2637.jpg,Male
2638.jpg,Female
2639.jpg,Female
2640.jpg,Male
2641.jpg,Male
2642.jpg,Male
2643.jpg,Male
2644.jpg,Male
2645.jpg,Male
2646.jpg,Male
2647.jpg,Male
2648.jpg,Male
2649.jpg,Male
2650.jpg,Male
2651.jpg,Male
2652.jpg,Male
2653.jpg,Male
2654.jpg,Male
2655.jpg,Male
2656.jpg,Female
2657.jpg,Male
2658.jpg,Male
2659.jpg,Male
2660.jpg,Male
2661.jpg,Female
2662.jpg,Male
2663.jpg,Female
2664.jpg,Female
2665.jpg,Male
2666.jpg,Male
2667.jpg,Female
2668.jpg,Male
2669.jpg,Female
2670.jpg,Male
2671.jpg,Female
2672.jpg,Female
2673.jpg,Male
2674.jpg,Male
2675.jpg,Male
2676.jpg,Male
2677.jpg,Female
2678.jpg,Male
2679.jpg,Female
2680.jpg,Male
2681.jpg,Male
2682.jpg,Male
2683.jpg,Male
2684.jpg,Female
2685.jpg,Female
2686.jpg,Male
2687.jpg,Male
2688.jpg,Male
2689.jpg,Female
2690.jpg,Male
2691.jpg,Male
2692.jpg,Male
2693.jpg,Male
2694.jpg,Male
2695.jpg,Male
2696.jpg,Male
2697.jpg,Male
2698.jpg,Female
2699.jpg,Male
2700.jpg,Male
2701.jpg,Male
2702.jpg,Male
2703.jpg,Male
2704.jpg,Female
2705.jpg,Male
2706.jpg,Male
2707.jpg,Male
2708.jpg,Male
2709.jpg,Male
2710.jpg,Female
2711.jpg,Male
2712.jpg,Female
2713.jpg,Male
2714.jpg,Male
2715.jpg,Male
2716.jpg,Female
2717.jpg,Male
2718.jpg,Male
2719.jpg,Male
2720.jpg,Male
2721.jpg,Male
2722.jpg,Male
2723.jpg,Male
2724.jpg,Female
2725.jpg,Male
2726.jpg,Male
2727.jpg,Male
2728.jpg,Male
2729.jpg,Female
2730.jpg,Male
2731.jpg,Male
2732.jpg,Male
2733.jpg,Female
2734.jpg,Male
2735.jpg,Male
2736.jpg,Male
2737.jpg,Male
2738.jpg,Male
2739.jpg,Female
2740.jpg,Male
2741.jpg,Male
2742.jpg,Male
2743.jpg,Male
2744.jpg,Female
2745.jpg,Male
2746.jpg,Male
2747.jpg,Male
2748.jpg,Male
2749.jpg,Male
2750.jpg,Female
2751.jpg,Female
2752.jpg,Female
2753.jpg,Female
2754.jpg,Male
2755.jpg,Male
2756.jpg,Male
2757.jpg,Male
2758.jpg,Male
2759.jpg,Male
2760.jpg,Male
2761.jpg,Male
2762.jpg,Male
2763.jpg,Female
2764.jpg,Male
2765.jpg,Male
2766.jpg,Male
2767.jpg,Male
2768.jpg,Male
2769.jpg,Male
2770.jpg,Male
2771.jpg,Male
2772.jpg,Female
2773.jpg,Male
2774.jpg,Male
2775.jpg,Male
2776.jpg,Male
2777.jpg,Male
2778.jpg,Male
2779.jpg,Male
2780.jpg,Female
2781.jpg,Male
2782.jpg,Female
2783.jpg,Male
2784.jpg,Male
2785.jpg,Male
2786.jpg,Male
2787.jpg,Male
2788.jpg,Male
2789.jpg,Male
2790.jpg,Male
2791.jpg,Female
2792.jpg,Male
2793.jpg,Male
2794.jpg,Male
2795.jpg,Male
2796.jpg,Male
2797.jpg,Male
2798.jpg,Male
2799.jpg,Female
2800.jpg,Male
2801.jpg,Male
2802.jpg,Male
2803.jpg,Male
2804.jpg,Male
2805.jpg,Male
2806.jpg,Male
2807.jpg,Male
2808.jpg,Male
2809.jpg,Male
2810.jpg,Male
2811.jpg,Female
2812.jpg,Male
2813.jpg,Female
2814.jpg,Male
2815.jpg,Female
2816.jpg,Male
2817.jpg,Male
2818.jpg,Male
2819.jpg,Male
2820.jpg,Male
2821.jpg,Male
2822.jpg,Male
2823.jpg,Male
2824.jpg,Male
2825.jpg,Male
2826.jpg,Male
2827.jpg,Female
2828.jpg,Male
2829.jpg,Female
2830.jpg,Male
2831.jpg,Male
2832.jpg,Male
2833.jpg,Male
2834.jpg,Male
2835.jpg,Male
2836.jpg,Male
2837.jpg,Male
2838.jpg,Male
2839.jpg,Female
2840.jpg,Male
2841.jpg,Male
2842.jpg,Male
2843.jpg,Female
2844.jpg,Female
2845.jpg,Male
2846.jpg,Male
2847.jpg,Male
2848.jpg,Male
2849.jpg,Male
2850.jpg,Male
2851.jpg,Male
2852.jpg,Male
2853.jpg,Male
2854.jpg,Male
2855.jpg,Male
2856.jpg,Male
2857.jpg,Male
2858.jpg,Male
2859.jpg,Male
2860.jpg,Male
2861.jpg,Male
2862.jpg,Male
2863.jpg,Male
2864.jpg,Female
2865.jpg,Male
2866.jpg,Male
2867.jpg,Male
2868.jpg,Male
2869.jpg,Female
2870.jpg,Male
2871.jpg,Male
2872.jpg,Male
2873.jpg,Male
2874.jpg,Female
2875.jpg,Male
2876.jpg,Male
2877.jpg,Female
2878.jpg,Male
2879.jpg,Male
2880.jpg,Male
2881.jpg,Male
2882.jpg,Male
2883.jpg,Male
2884.jpg,Male
2885.jpg,Male
2886.jpg,Male
2887.jpg,Male
2888.jpg,Female
2889.jpg,Male
2890.jpg,Male
2891.jpg,Female
2892.jpg,Male
2893.jpg,Female
2894.jpg,Male
2895.jpg,Male
2896.jpg,Male
2897.jpg,Female
2898.jpg,Male
2899.jpg,Female
2900.jpg,Male
2901.jpg,Male
2902.jpg,Male
2903.jpg,Male
2904.jpg,Female
2905.jpg,Male
2906.jpg,Male
2907.jpg,Male
2908.jpg,Male
2909.jpg,Male
2910.jpg,Female
2911.jpg,Male
2912.jpg,Male
2913.jpg,Male
2914.jpg,Female
2915.jpg,Male
2916.jpg,Male
2917.jpg,Male
2918.jpg,Female
2919.jpg,Male
2920.jpg,Male
2921.jpg,Male
2922.jpg,Male
2923.jpg,Female
2924.jpg,Female
2925.jpg,Male
2926.jpg,Male
2927.jpg,Male
2928.jpg,Female
2929.jpg,Female
2930.jpg,Male
2931.jpg,Male
2932.jpg,Male
2933.jpg,Female
2934.jpg,Male
2935.jpg,Male
2936.jpg,Male
2937.jpg,Female
2938.jpg,Female
2939.jpg,Male
2940.jpg,Male
2941.jpg,Male
2942.jpg,Male
2943.jpg,Male
2944.jpg,Male
2945.jpg,Male
2946.jpg,Female
2947.jpg,Male
2948.jpg,Male
2949.jpg,Male
2950.jpg,Male
2951.jpg,Male
2952.jpg,Male
2953.jpg,Male
2954.jpg,Male
2955.jpg,Female
2956.jpg,Male
2957.jpg,Male
2958.jpg,Male
2959.jpg,Male
2960.jpg,Male
2961.jpg,Male
2962.jpg,Male
2963.jpg,Male
2964.jpg,Male
2965.jpg,Female
2966.jpg,Male
2967.jpg,Male
2968.jpg,Male
2969.jpg,Male
2970.jpg,Male
2971.jpg,Female
2972.jpg,Male
2973.jpg,Male
2974.jpg,Male
2975.jpg,Male
2976.jpg,Female
2977.jpg,Female
2978.jpg,Female
2979.jpg,Male
2980.jpg,Male
2981.jpg,Male
2982.jpg,Male
2983.jpg,Male
2984.jpg,Female
2985.jpg,Male
2986.jpg,Female
2987.jpg,Male
2988.jpg,Male
2989.jpg,Male
2990.jpg,Male
2991.jpg,Male
2992.jpg,Female
2993.jpg,Male
2994.jpg,Female
2995.jpg,Male
2996.jpg,Female
2997.jpg,Female
2998.jpg,Male
2999.jpg,Male
3000.jpg,Male
3001.jpg,Male
3002.jpg,Male
3003.jpg,Male
3004.jpg,Male
3005.jpg,Male
3006.jpg,Male
3007.jpg,Female
3008.jpg,Male
3009.jpg,Male
3010.jpg,Male
3011.jpg,Male
3012.jpg,Male
3013.jpg,Male
3014.jpg,Female
3015.jpg,Female
3016.jpg,Male
3017.jpg,Female
3018.jpg,Male
3019.jpg,Male
3020.jpg,Male
3021.jpg,Female
3022.jpg,Male
3023.jpg,Male
3024.jpg,Female
3025.jpg,Male
3026.jpg,Male
3027.jpg,Male
3028.jpg,Male
3029.jpg,Male
3030.jpg,Male
3031.jpg,Male
3032.jpg,Female
3033.jpg,Male
3034.jpg,Male
3035.jpg,Male
3036.jpg,Female
3037.jpg,Male
3038.jpg,Male
3039.jpg,Male
3040.jpg,Male
3041.jpg,Male
3042.jpg,Male
3043.jpg,Male
3044.jpg,Female
3045.jpg,Male
3046.jpg,Male
3047.jpg,Female
3048.jpg,Male
3049.jpg,Male
3050.jpg,Male
3051.jpg,Male
3052.jpg,Female
3053.jpg,Female
3054.jpg,Male
3055.jpg,Male
3056.jpg,Male
3057.jpg,Female
3058.jpg,Female
3059.jpg,Male
3060.jpg,Male
3061.jpg,Male
3062.jpg,Male
3063.jpg,Male
3064.jpg,Female
3065.jpg,Male
3066.jpg,Male
3067.jpg,Male
3068.jpg,Male
3069.jpg,Female
3070.jpg,Male
3071.jpg,Male
3072.jpg,Male
3073.jpg,Female
3074.jpg,Male
3075.jpg,Female
3076.jpg,Male
3077.jpg,Male
3078.jpg,Male
3079.jpg,Male
3080.jpg,Male
3081.jpg,Male
3082.jpg,Male
3083.jpg,Male
3084.jpg,Male
3085.jpg,Male
3086.jpg,Male
3087.jpg,Male
3088.jpg,Male
3089.jpg,Male
3090.jpg,Male
3091.jpg,Male
3092.jpg,Male
3093.jpg,Male
3094.jpg,Male
3095.jpg,Male
3096.jpg,Male
3097.jpg,Female
3098.jpg,Male
3099.jpg,Male
3100.jpg,Male
3101.jpg,Female
3102.jpg,Male
3103.jpg,Male
3104.jpg,Female
3105.jpg,Male
3106.jpg,Male
3107.jpg,Male
3108.jpg,Male
3109.jpg,Male
3110.jpg,Male
3111.jpg,Male
3112.jpg,Male
3113.jpg,Female
3114.jpg,Male
3115.jpg,Male
3116.jpg,Male
3117.jpg,Male
3118.jpg,Male
3119.jpg,Male
3120.jpg,Female
3121.jpg,Female
3122.jpg,Male
3123.jpg,Male
3124.jpg,Female
3125.jpg,Female
3126.jpg,Male
3127.jpg,Male
3128.jpg,Male
3129.jpg,Female
3130.jpg,Male
3131.jpg,Male
3132.jpg,Male
3133.jpg,Male
3134.jpg,Female
3135.jpg,Male
3136.jpg,Male
3137.jpg,Male
3138.jpg,Female
3139.jpg,Male
3140.jpg,Male
3141.jpg,Male
3142.jpg,Female
3143.jpg,Male
3144.jpg,Male
3145.jpg,Female
3146.jpg,Male
3147.jpg,Male
3148.jpg,Male
3149.jpg,Male
3150.jpg,Male
3151.jpg,Female
3152.jpg,Male
3153.jpg,Female
3154.jpg,Male
3155.jpg,Male
3156.jpg,Male
3157.jpg,Female
3158.jpg,Male
3159.jpg,Male
3160.jpg,Male
3161.jpg,Male
3162.jpg,Male
3163.jpg,Male
3164.jpg,Male
3165.jpg,Male
3166.jpg,Female
3167.jpg,Male
3168.jpg,Male
3169.jpg,Female
3170.jpg,Male
3171.jpg,Male
3172.jpg,Male
3173.jpg,Male
3174.jpg,Male
3175.jpg,Male
3176.jpg,Male
3177.jpg,Male
3178.jpg,Female
3179.jpg,Male
3180.jpg,Female
3181.jpg,Male
3182.jpg,Female
3183.jpg,Male
3184.jpg,Male
3185.jpg,Male
3186.jpg,Male
3187.jpg,Male
3188.jpg,Male
3189.jpg,Female
3190.jpg,Male
3191.jpg,Male
3192.jpg,Male
3193.jpg,Female
3194.jpg,Male
3195.jpg,Female
3196.jpg,Male
3197.jpg,Male
3198.jpg,Male
3199.jpg,Male
3200.jpg,Male
3201.jpg,Male
3202.jpg,Male
3203.jpg,Female
3204.jpg,Male
3205.jpg,Male
3206.jpg,Female
3207.jpg,Male
3208.jpg,Male
3209.jpg,Male
3210.jpg,Male
3211.jpg,Female
3212.jpg,Male
3213.jpg,Female
3214.jpg,Female
3215.jpg,Male
3216.jpg,Male
3217.jpg,Male
3218.jpg,Male
3219.jpg,Male
3220.jpg,Male
3221.jpg,Male
3222.jpg,Female
3223.jpg,Female
3224.jpg,Female
3225.jpg,Male
3226.jpg,Male
3227.jpg,Male
3228.jpg,Male
3229.jpg,Male
3230.jpg,Female
3231.jpg,Male
3232.jpg,Female
3233.jpg,Male
3234.jpg,Male
3235.jpg,Male
3236.jpg,Female
3237.jpg,Male
3238.jpg,Female
3239.jpg,Male
3240.jpg,Female
3241.jpg,Male
3242.jpg,Male
3243.jpg,Male
3244.jpg,Male
3245.jpg,Male
3246.jpg,Male
3247.jpg,Male
3248.jpg,Male
3249.jpg,Male
3250.jpg,Male
3251.jpg,Male
3252.jpg,Male
3253.jpg,Female
3254.jpg,Male
3255.jpg,Male
3256.jpg,Male
3257.jpg,Male
3258.jpg,Male
3259.jpg,Female
3260.jpg,Female
3261.jpg,Male
3262.jpg,Male
3263.jpg,Male
3264.jpg,Male
3265.jpg,Male
3266.jpg,Male
3267.jpg,Male
3268.jpg,Male
3269.jpg,Male
3270.jpg,Female
3271.jpg,Male
3272.jpg,Male
3273.jpg,Male
3274.jpg,Female
3275.jpg,Male
3276.jpg,Male
3277.jpg,Male
3278.jpg,Male
3279.jpg,Female
3280.jpg,Male
3281.jpg,Male
3282.jpg,Male
3283.jpg,Male
3284.jpg,Male
3285.jpg,Female
3286.jpg,Male
3287.jpg,Female
3288.jpg,Male
3289.jpg,Female
3290.jpg,Male
3291.jpg,Male
3292.jpg,Male
3293.jpg,Male
3294.jpg,Male
3295.jpg,Male
3296.jpg,Male
3297.jpg,Male
3298.jpg,Male
3299.jpg,Male
3300.jpg,Male
3301.jpg,Male
3302.jpg,Male
3303.jpg,Male
3304.jpg,Male
3305.jpg,Male
3306.jpg,Male
3307.jpg,Female
3308.jpg,Male
3309.jpg,Male
3310.jpg,Female
3311.jpg,Female
3312.jpg,Female
3313.jpg,Male
3314.jpg,Female
3315.jpg,Female
3316.jpg,Male
3317.jpg,Female
3318.jpg,Female
3319.jpg,Male
3320.jpg,Female
3321.jpg,Male
3322.jpg,Male
3323.jpg,Male
3324.jpg,Male
3325.jpg,Female
3326.jpg,Male
3327.jpg,Female
3328.jpg,Male
3329.jpg,Male
3330.jpg,Male
3331.jpg,Male
3332.jpg,Male
3333.jpg,Male
3334.jpg,Male
3335.jpg,Male
3336.jpg,Female
3337.jpg,Male
3338.jpg,Male
3339.jpg,Male
3340.jpg,Male
3341.jpg,Male
3342.jpg,Male
3343.jpg,Male
3344.jpg,Male
3345.jpg,Male
3346.jpg,Male
3347.jpg,Female
3348.jpg,Female
3349.jpg,Male
3350.jpg,Male
3351.jpg,Male
3352.jpg,Male
3353.jpg,Male
3354.jpg,Female
3355.jpg,Male
3356.jpg,Male
3357.jpg,Female
3358.jpg,Male
3359.jpg,Male
3360.jpg,Male
3361.jpg,Female
3362.jpg,Female
3363.jpg,Male
3364.jpg,Female
3365.jpg,Male
3366.jpg,Male
3367.jpg,Male
3368.jpg,Male
3369.jpg,Male
3370.jpg,Male
3371.jpg,Female
3372.jpg,Male
3373.jpg,Female
3374.jpg,Male
3375.jpg,Male
3376.jpg,Female
3377.jpg,Male
3378.jpg,Female
3379.jpg,Male
3380.jpg,Male
3381.jpg,Male
3382.jpg,Male
3383.jpg,Male
3384.jpg,Male
3385.jpg,Female
3386.jpg,Male
3387.jpg,Female
3388.jpg,Male
3389.jpg,Male
3390.jpg,Female
3391.jpg,Male
3392.jpg,Male
3393.jpg,Male
3394.jpg,Male
3395.jpg,Male
3396.jpg,Male
3397.jpg,Male
3398.jpg,Male
3399.jpg,Female
3400.jpg,Male
3401.jpg,Male
3402.jpg,Female
3403.jpg,Male
3404.jpg,Male
3405.jpg,Male
3406.jpg,Male
3407.jpg,Female
3408.jpg,Male
3409.jpg,Male
3410.jpg,Female
3411.jpg,Male
3412.jpg,Female
3413.jpg,Male
3414.jpg,Male
3415.jpg,Male
3416.jpg,Male
3417.jpg,Female
3418.jpg,Male
3419.jpg,Male
3420.jpg,Male
3421.jpg,Male
3422.jpg,Male
3423.jpg,Female
3424.jpg,Male
3425.jpg,Male
3426.jpg,Male
3427.jpg,Male
3428.jpg,Male
3429.jpg,Female
3430.jpg,Male
3431.jpg,Male
3432.jpg,Male
3433.jpg,Male
3434.jpg,Male
3435.jpg,Male
3436.jpg,Male
3437.jpg,Female
3438.jpg,Male
3439.jpg,Male
3440.jpg,Female
3441.jpg,Male
3442.jpg,Male
3443.jpg,Female
3444.jpg,Female
3445.jpg,Male
3446.jpg,Female
3447.jpg,Male
3448.jpg,Male
3449.jpg,Male
3450.jpg,Male
3451.jpg,Male
3452.jpg,Male
3453.jpg,Male
3454.jpg,Male
3455.jpg,Female
3456.jpg,Male
3457.jpg,Female
3458.jpg,Male
3459.jpg,Male
3460.jpg,Male
3461.jpg,Male
3462.jpg,Female
3463.jpg,Female
3464.jpg,Male
3465.jpg,Male
3466.jpg,Female
3467.jpg,Male
3468.jpg,Male
3469.jpg,Male
3470.jpg,Male
3471.jpg,Male
3472.jpg,Male
3473.jpg,Male
3474.jpg,Male
3475.jpg,Male
3476.jpg,Male
3477.jpg,Female
3478.jpg,Female
3479.jpg,Female
3480.jpg,Female
3481.jpg,Female
3482.jpg,Male
3483.jpg,Male
3484.jpg,Male
3485.jpg,Male
3486.jpg,Male
3487.jpg,Male
3488.jpg,Male
3489.jpg,Male
3490.jpg,Male
3491.jpg,Male
3492.jpg,Male
3493.jpg,Male
3494.jpg,Female
3495.jpg,Male
3496.jpg,Male
3497.jpg,Female
3498.jpg,Male
3499.jpg,Male
3500.jpg,Male
3501.jpg,Male
3502.jpg,Male
3503.jpg,Male
3504.jpg,Female
3505.jpg,Male
3506.jpg,Male
3507.jpg,Female
3508.jpg,Female
3509.jpg,Male
3510.jpg,Male
3511.jpg,Male
3512.jpg,Male
3513.jpg,Male
3514.jpg,Female
3515.jpg,Male
3516.jpg,Male
3517.jpg,Male
3518.jpg,Male
3519.jpg,Female
3520.jpg,Male
3521.jpg,Male
3522.jpg,Male
3523.jpg,Male
3524.jpg,Male
3525.jpg,Female
3526.jpg,Female
3527.jpg,Female
3528.jpg,Male
3529.jpg,Male
3530.jpg,Male
3531.jpg,Male
3532.jpg,Male
3533.jpg,Male
3534.jpg,Male
3535.jpg,Male
3536.jpg,Male
3537.jpg,Male
3538.jpg,Male
3539.jpg,Male
3540.jpg,Male
3541.jpg,Female
3542.jpg,Male
3543.jpg,Male
3544.jpg,Male
3545.jpg,Female
3546.jpg,Male
3547.jpg,Male
3548.jpg,Male
3549.jpg,Male
3550.jpg,Male
3551.jpg,Male
3552.jpg,Female
3553.jpg,Male
3554.jpg,Female
3555.jpg,Female
3556.jpg,Male
3557.jpg,Male
3558.jpg,Male
3559.jpg,Male
3560.jpg,Male
3561.jpg,Male
3562.jpg,Male
3563.jpg,Male
3564.jpg,Male
3565.jpg,Male
3566.jpg,Male
3567.jpg,Male
3568.jpg,Female
3569.jpg,Male
3570.jpg,Male
3571.jpg,Male
3572.jpg,Male
3573.jpg,Male
3574.jpg,Male
3575.jpg,Male
3576.jpg,Male
3577.jpg,Female
3578.jpg,Male
3579.jpg,Male
3580.jpg,Male
3581.jpg,Male
3582.jpg,Male
3583.jpg,Male
3584.jpg,Male
3585.jpg,Male
3586.jpg,Male
3587.jpg,Male
3588.jpg,Male
3589.jpg,Male
3590.jpg,Male
3591.jpg,Male
3592.jpg,Male
3593.jpg,Male
3594.jpg,Male
3595.jpg,Male
3596.jpg,Male
3597.jpg,Female
3598.jpg,Male
3599.jpg,Male
3600.jpg,Female
3601.jpg,Female
3602.jpg,Male
3603.jpg,Male
3604.jpg,Male
3605.jpg,Male
3606.jpg,Male
3607.jpg,Male
3608.jpg,Male
3609.jpg,Female
3610.jpg,Male
3611.jpg,Male
3612.jpg,Male
3613.jpg,Female
3614.jpg,Male
3615.jpg,Male
3616.jpg,Male
3617.jpg,Male
3618.jpg,Male
3619.jpg,Male
3620.jpg,Male
3621.jpg,Male
3622.jpg,Male
3623.jpg,Male
3624.jpg,Male
3625.jpg,Male
3626.jpg,Female
3627.jpg,Male
3628.jpg,Male
3629.jpg,Male
3630.jpg,Female
3631.jpg,Male
3632.jpg,Male
3633.jpg,Male
3634.jpg,Female
3635.jpg,Male
3636.jpg,Male
3637.jpg,Male
3638.jpg,Male
3639.jpg,Male
3640.jpg,Male
3641.jpg,Male
3642.jpg,Male
3643.jpg,Male
3644.jpg,Male
3645.jpg,Male
3646.jpg,Female
3647.jpg,Male
3648.jpg,Female
3649.jpg,Male
3650.jpg,Male
3651.jpg,Male
3652.jpg,Male
3653.jpg,Male
3654.jpg,Male
3655.jpg,Male
3656.jpg,Male
3657.jpg,Male
3658.jpg,Female
3659.jpg,Male
3660.jpg,Male
3661.jpg,Male
3662.jpg,Male
3663.jpg,Male
3664.jpg,Female
3665.jpg,Female
3666.jpg,Male
3667.jpg,Male
3668.jpg,Male
3669.jpg,Male
3670.jpg,Female
3671.jpg,Male
3672.jpg,Male
3673.jpg,Male
3674.jpg,Female
3675.jpg,Male
3676.jpg,Male
3677.jpg,Male
3678.jpg,Male
3679.jpg,Male
3680.jpg,Female
3681.jpg,Male
3682.jpg,Male
3683.jpg,Male
3684.jpg,Male
3685.jpg,Male
3686.jpg,Male
3687.jpg,Male
3688.jpg,Female
3689.jpg,Male
3690.jpg,Male
3691.jpg,Male
3692.jpg,Male
3693.jpg,Female
3694.jpg,Male
3695.jpg,Male
3696.jpg,Female
3697.jpg,Female
3698.jpg,Male
3699.jpg,Male
3700.jpg,Male
3701.jpg,Female
3702.jpg,Male
3703.jpg,Male
3704.jpg,Male
3705.jpg,Male
3706.jpg,Male
3707.jpg,Female
3708.jpg,Male
3709.jpg,Female
3710.jpg,Male
3711.jpg,Female
3712.jpg,Male
3713.jpg,Male
3714.jpg,Female
3715.jpg,Female
3716.jpg,Male
3717.jpg,Male
3718.jpg,Male
3719.jpg,Female
3720.jpg,Male
3721.jpg,Male
3722.jpg,Male
3723.jpg,Male
3724.jpg,Male
3725.jpg,Male
3726.jpg,Female
3727.jpg,Male
3728.jpg,Male
3729.jpg,Male
3730.jpg,Male
3731.jpg,Female
3732.jpg,Male
3733.jpg,Male
3734.jpg,Male
3735.jpg,Male
3736.jpg,Male
3737.jpg,Male
3738.jpg,Male
3739.jpg,Female
3740.jpg,Male
3741.jpg,Male
3742.jpg,Female
3743.jpg,Male
3744.jpg,Male
3745.jpg,Female
3746.jpg,Male
3747.jpg,Female
3748.jpg,Male
3749.jpg,Male
3750.jpg,Male
3751.jpg,Male
3752.jpg,Female
3753.jpg,Male
3754.jpg,Male
3755.jpg,Male
3756.jpg,Male
3757.jpg,Male
3758.jpg,Male
3759.jpg,Male
3760.jpg,Male
3761.jpg,Female
3762.jpg,Male
3763.jpg,Male
3764.jpg,Male
3765.jpg,Female
3766.jpg,Female
3767.jpg,Male
3768.jpg,Female
3769.jpg,Female
3770.jpg,Male
3771.jpg,Male
3772.jpg,Male
3773.jpg,Male
3774.jpg,Male
3775.jpg,Female
3776.jpg,Male
3777.jpg,Male
3778.jpg,Female
3779.jpg,Male
3780.jpg,Female
3781.jpg,Male
3782.jpg,Female
3783.jpg,Male
3784.jpg,Female
3785.jpg,Female
3786.jpg,Male
3787.jpg,Male
3788.jpg,Male
3789.jpg,Female
3790.jpg,Male
3791.jpg,Female
3792.jpg,Male
3793.jpg,Male
3794.jpg,Male
3795.jpg,Female
3796.jpg,Female
3797.jpg,Male
3798.jpg,Male
3799.jpg,Male
3800.jpg,Male
3801.jpg,Female
3802.jpg,Male
3803.jpg,Female
3804.jpg,Male
3805.jpg,Male
3806.jpg,Male
3807.jpg,Male
3808.jpg,Male
3809.jpg,Male
3810.jpg,Male
3811.jpg,Male
3812.jpg,Male
3813.jpg,Male
3814.jpg,Male
3815.jpg,Female
3816.jpg,Male
3817.jpg,Male
3818.jpg,Male
3819.jpg,Female
3820.jpg,Male
3821.jpg,Female
3822.jpg,Female
3823.jpg,Male
3824.jpg,Male
3825.jpg,Male
3826.jpg,Male
3827.jpg,Male
3828.jpg,Male
3829.jpg,Male
3830.jpg,Female
3831.jpg,Male
3832.jpg,Male
3833.jpg,Male
3834.jpg,Male
3835.jpg,Male
3836.jpg,Male
3837.jpg,Male
3838.jpg,Male
3839.jpg,Female
3840.jpg,Male
3841.jpg,Female
3842.jpg,Male
3843.jpg,Male
3844.jpg,Male
3845.jpg,Male
3846.jpg,Male
3847.jpg,Male
3848.jpg,Male
3849.jpg,Male
3850.jpg,Male
3851.jpg,Female
3852.jpg,Male
3853.jpg,Male
3854.jpg,Male
3855.jpg,Female
3856.jpg,Male
3857.jpg,Male
3858.jpg,Male
3859.jpg,Male
3860.jpg,Male
3861.jpg,Female
3862.jpg,Male
3863.jpg,Female
3864.jpg,Male
3865.jpg,Male
3866.jpg,Male
3867.jpg,Female
3868.jpg,Male
3869.jpg,Male
3870.jpg,Female
3871.jpg,Female
3872.jpg,Male
3873.jpg,Female
3874.jpg,Male
3875.jpg,Male
3876.jpg,Male
3877.jpg,Female
3878.jpg,Male
3879.jpg,Male
3880.jpg,Male
3881.jpg,Male
3882.jpg,Male
3883.jpg,Female
3884.jpg,Male
3885.jpg,Male
3886.jpg,Male
3887.jpg,Male
3888.jpg,Male
3889.jpg,Male
3890.jpg,Male
3891.jpg,Male
3892.jpg,Male
3893.jpg,Male
3894.jpg,Male
3895.jpg,Male
3896.jpg,Male
3897.jpg,Male
3898.jpg,Male
3899.jpg,Male
3900.jpg,Male
3901.jpg,Male
3902.jpg,Male
3903.jpg,Male
3904.jpg,Male
3905.jpg,Male
3906.jpg,Male
3907.jpg,Female
3908.jpg,Male
3909.jpg,Male
3910.jpg,Male
3911.jpg,Male
3912.jpg,Male
3913.jpg,Male
3914.jpg,Male
3915.jpg,Male
3916.jpg,Male
3917.jpg,Male
3918.jpg,Male
3919.jpg,Male
3920.jpg,Male
3921.jpg,Female
3922.jpg,Male
3923.jpg,Male
3924.jpg,Male
3925.jpg,Male
3926.jpg,Female
3927.jpg,Male
3928.jpg,Male
3929.jpg,Female
3930.jpg,Female
3931.jpg,Male
3932.jpg,Male
3933.jpg,Male
3934.jpg,Male
3935.jpg,Male
3936.jpg,Female
3937.jpg,Male
3938.jpg,Male
3939.jpg,Male
3940.jpg,Male
3941.jpg,Male
3942.jpg,Male
3943.jpg,Male
3944.jpg,Female
3945.jpg,Female
3946.jpg,Male
3947.jpg,Male
3948.jpg,Male
3949.jpg,Female
3950.jpg,Female
3951.jpg,Male
3952.jpg,Male
3953.jpg,Female
3954.jpg,Male
3955.jpg,Male
3956.jpg,Male
3957.jpg,Male
3958.jpg,Female
3959.jpg,Male
3960.jpg,Male
3961.jpg,Male
3962.jpg,Male
3963.jpg,Male
3964.jpg,Male
3965.jpg,Male
3966.jpg,Male
3967.jpg,Female
3968.jpg,Male
3969.jpg,Male
3970.jpg,Male
3971.jpg,Male
3972.jpg,Male
3973.jpg,Male
3974.jpg,Male
3975.jpg,Male
3976.jpg,Male
3977.jpg,Female
3978.jpg,Male
3979.jpg,Male
3980.jpg,Female
3981.jpg,Male
3982.jpg,Female
3983.jpg,Male
3984.jpg,Female
3985.jpg,Male
3986.jpg,Male
3987.jpg,Male
3988.jpg,Male
3989.jpg,Male
3990.jpg,Male
3991.jpg,Male
3992.jpg,Male
3993.jpg,Male
3994.jpg,Male
3995.jpg,Male
3996.jpg,Male
3997.jpg,Male
3998.jpg,Male
3999.jpg,Male
4000.jpg,Male
4001.jpg,Male
4002.jpg,Male
4003.jpg,Male
4004.jpg,Female
4005.jpg,Male
4006.jpg,Male
4007.jpg,Male
4008.jpg,Male
4009.jpg,Male
4010.jpg,Male
4011.jpg,Male
4012.jpg,Male
4013.jpg,Female
4014.jpg,Male
4015.jpg,Female
4016.jpg,Male
4017.jpg,Male
4018.jpg,Female
4019.jpg,Male
4020.jpg,Male
4021.jpg,Female
4022.jpg,Male
4023.jpg,Male
4024.jpg,Male
4025.jpg,Male
4026.jpg,Male
4027.jpg,Male
4028.jpg,Male
4029.jpg,Male
4030.jpg,Male
4031.jpg,Male
4032.jpg,Female
4033.jpg,Male
4034.jpg,Male
4035.jpg,Male
4036.jpg,Male
4037.jpg,Male
4038.jpg,Male
4039.jpg,Male
4040.jpg,Female
4041.jpg,Female
4042.jpg,Female
4043.jpg,Male
4044.jpg,Female
4045.jpg,Male
4046.jpg,Male
4047.jpg,Male
4048.jpg,Male
4049.jpg,Male
4050.jpg,Male
4051.jpg,Male
4052.jpg,Male
4053.jpg,Female
4054.jpg,Male
4055.jpg,Male
4056.jpg,Male
4057.jpg,Male
4058.jpg,Male
4059.jpg,Female
4060.jpg,Male
4061.jpg,Male
4062.jpg,Male
4063.jpg,Male
4064.jpg,Male
4065.jpg,Male
4066.jpg,Male
4067.jpg,Male
4068.jpg,Male
4069.jpg,Male
4070.jpg,Male
4071.jpg,Male
4072.jpg,Male
4073.jpg,Male
4074.jpg,Male
4075.jpg,Male
4076.jpg,Male
4077.jpg,Female
4078.jpg,Male
4079.jpg,Female
4080.jpg,Female
4081.jpg,Male
4082.jpg,Male
4083.jpg,Female
4084.jpg,Male
4085.jpg,Male
4086.jpg,Female
4087.jpg,Male
4088.jpg,Female
4089.jpg,Male
4090.jpg,Female
4091.jpg,Male
4092.jpg,Female
4093.jpg,Male
4094.jpg,Female
4095.jpg,Male
4096.jpg,Female
4097.jpg,Female
4098.jpg,Male
4099.jpg,Male
4100.jpg,Male
4101.jpg,Male
4102.jpg,Male
4103.jpg,Male
4104.jpg,Male
4105.jpg,Male
4106.jpg,Female
4107.jpg,Male
4108.jpg,Male
4109.jpg,Female
4110.jpg,Male
4111.jpg,Male
4112.jpg,Male
4113.jpg,Male
4114.jpg,Male
4115.jpg,Male
4116.jpg,Male
4117.jpg,Male
4118.jpg,Male
4119.jpg,Male
4120.jpg,Male
4121.jpg,Female
4122.jpg,Male
4123.jpg,Male
4124.jpg,Male
4125.jpg,Female
4126.jpg,Male
4127.jpg,Male
4128.jpg,Male
4129.jpg,Male
4130.jpg,Female
4131.jpg,Male
4132.jpg,Male
4133.jpg,Female
4134.jpg,Male
4135.jpg,Male
4136.jpg,Male
4137.jpg,Male
4138.jpg,Male
4139.jpg,Male
4140.jpg,Male
4141.jpg,Male
4142.jpg,Male
4143.jpg,Male
4144.jpg,Male
4145.jpg,Male
4146.jpg,Male
4147.jpg,Female
4148.jpg,Male
4149.jpg,Male
4150.jpg,Male
4151.jpg,Female
4152.jpg,Male
4153.jpg,Male
4154.jpg,Male
4155.jpg,Male
4156.jpg,Male
4157.jpg,Female
4158.jpg,Male
4159.jpg,Male
4160.jpg,Male
4161.jpg,Male
4162.jpg,Male
4163.jpg,Male
4164.jpg,Male
4165.jpg,Female
4166.jpg,Male
4167.jpg,Male
4168.jpg,Female
4169.jpg,Male
4170.jpg,Male
4171.jpg,Male
4172.jpg,Male
4173.jpg,Male
4174.jpg,Female
4175.jpg,Male
4176.jpg,Male
4177.jpg,Female
4178.jpg,Male
4179.jpg,Male
4180.jpg,Male
4181.jpg,Male
4182.jpg,Male
4183.jpg,Male
4184.jpg,Male
4185.jpg,Male
4186.jpg,Male
4187.jpg,Male
4188.jpg,Male
4189.jpg,Male
4190.jpg,Male
4191.jpg,Male
4192.jpg,Male
4193.jpg,Male
4194.jpg,Male
4195.jpg,Female
4196.jpg,Male
4197.jpg,Male
4198.jpg,Female
4199.jpg,Male
4200.jpg,Female
4201.jpg,Male
4202.jpg,Male
4203.jpg,Male
4204.jpg,Male
4205.jpg,Male
4206.jpg,Male
4207.jpg,Female
4208.jpg,Male
4209.jpg,Female
4210.jpg,Male
4211.jpg,Male
4212.jpg,Male
4213.jpg,Male
4214.jpg,Male
4215.jpg,Male
4216.jpg,Male
4217.jpg,Male
4218.jpg,Male
4219.jpg,Female
4220.jpg,Male
4221.jpg,Male
4222.jpg,Male
4223.jpg,Male
4224.jpg,Male
4225.jpg,Female
4226.jpg,Male
4227.jpg,Male
4228.jpg,Male
4229.jpg,Male
4230.jpg,Male
4231.jpg,Female
4232.jpg,Male
4233.jpg,Male
4234.jpg,Male
4235.jpg,Female
4236.jpg,Male
4237.jpg,Male
4238.jpg,Male
4239.jpg,Male
4240.jpg,Female
4241.jpg,Male
4242.jpg,Male
4243.jpg,Male
4244.jpg,Male
4245.jpg,Male
4246.jpg,Male
4247.jpg,Male
4248.jpg,Male
4249.jpg,Male
4250.jpg,Male
4251.jpg,Female
4252.jpg,Male
4253.jpg,Male
4254.jpg,Male
4255.jpg,Female
4256.jpg,Male
4257.jpg,Male
4258.jpg,Female
4259.jpg,Male
4260.jpg,Male
4261.jpg,Male
4262.jpg,Male
4263.jpg,Male
4264.jpg,Male
4265.jpg,Male
4266.jpg,Male
4267.jpg,Male
4268.jpg,Male
4269.jpg,Male
4270.jpg,Male
4271.jpg,Male
4272.jpg,Male
4273.jpg,Female
4274.jpg,Male
4275.jpg,Male
4276.jpg,Male
4277.jpg,Male
4278.jpg,Female
4279.jpg,Male
4280.jpg,Male
4281.jpg,Male
4282.jpg,Female
4283.jpg,Male
4284.jpg,Female
4285.jpg,Male
4286.jpg,Male
4287.jpg,Male
4288.jpg,Female
4289.jpg,Male
4290.jpg,Male
4291.jpg,Male
4292.jpg,Female
4293.jpg,Female
4294.jpg,Male
4295.jpg,Male
4296.jpg,Female
4297.jpg,Male
4298.jpg,Male
4299.jpg,Male
4300.jpg,Male
4301.jpg,Male
4302.jpg,Male
4303.jpg,Male
4304.jpg,Male
4305.jpg,Male
4306.jpg,Male
4307.jpg,Female
4308.jpg,Male
4309.jpg,Female
4310.jpg,Female
4311.jpg,Male
4312.jpg,Male
4313.jpg,Male
4314.jpg,Female
4315.jpg,Male
4316.jpg,Female
4317.jpg,Male
4318.jpg,Male
4319.jpg,Male
4320.jpg,Male
4321.jpg,Male
4322.jpg,Male
4323.jpg,Male
4324.jpg,Male
4325.jpg,Male
4326.jpg,Male
4327.jpg,Male
4328.jpg,Male
4329.jpg,Male
4330.jpg,Male
4331.jpg,Male
4332.jpg,Male
4333.jpg,Male
4334.jpg,Female
4335.jpg,Male
4336.jpg,Male
4337.jpg,Male
4338.jpg,Female
4339.jpg,Male
4340.jpg,Male
4341.jpg,Male
4342.jpg,Male
4343.jpg,Female
4344.jpg,Male
4345.jpg,Male
4346.jpg,Male
4347.jpg,Female
4348.jpg,Female
4349.jpg,Female
4350.jpg,Male
4351.jpg,Male
4352.jpg,Female
4353.jpg,Male
4354.jpg,Male
4355.jpg,Male
4356.jpg,Female
4357.jpg,Male
4358.jpg,Male
4359.jpg,Female
4360.jpg,Male
4361.jpg,Male
4362.jpg,Male
4363.jpg,Male
4364.jpg,Male
4365.jpg,Male
4366.jpg,Male
4367.jpg,Female
4368.jpg,Male
4369.jpg,Male
4370.jpg,Male
4371.jpg,Female
4372.jpg,Male
4373.jpg,Female
4374.jpg,Male
4375.jpg,Male
4376.jpg,Male
4377.jpg,Male
4378.jpg,Male
4379.jpg,Male
4380.jpg,Female
4381.jpg,Male
4382.jpg,Male
4383.jpg,Female
4384.jpg,Male
4385.jpg,Female
4386.jpg,Female
4387.jpg,Male
4388.jpg,Male
4389.jpg,Male
4390.jpg,Male
4391.jpg,Male
4392.jpg,Male
4393.jpg,Female
4394.jpg,Male
4395.jpg,Female
4396.jpg,Male
4397.jpg,Male
4398.jpg,Male
4399.jpg,Male
4400.jpg,Male
4401.jpg,Female
4402.jpg,Male
4403.jpg,Male
4404.jpg,Female
4405.jpg,Male
4406.jpg,Male
4407.jpg,Male
4408.jpg,Male
4409.jpg,Male
4410.jpg,Female
4411.jpg,Male
4412.jpg,Male
4413.jpg,Female
4414.jpg,Male
4415.jpg,Male
4416.jpg,Male
4417.jpg,Male
4418.jpg,Male
4419.jpg,Male
4420.jpg,Male
4421.jpg,Male
4422.jpg,Male
4423.jpg,Male
4424.jpg,Male
4425.jpg,Male
4426.jpg,Male
4427.jpg,Male
4428.jpg,Female
4429.jpg,Male
4430.jpg,Male
4431.jpg,Male
4432.jpg,Female
4433.jpg,Female
4434.jpg,Male
4435.jpg,Male
4436.jpg,Male
4437.jpg,Male
4438.jpg,Male
4439.jpg,Male
4440.jpg,Male
4441.jpg,Female
4442.jpg,Male
4443.jpg,Male
4444.jpg,Male
4445.jpg,Male
4446.jpg,Female
4447.jpg,Male
4448.jpg,Male
4449.jpg,Male
4450.jpg,Male
4451.jpg,Male
4452.jpg,Male
4453.jpg,Male
4454.jpg,Female
4455.jpg,Male
4456.jpg,Male
4457.jpg,Male
4458.jpg,Male
4459.jpg,Male
4460.jpg,Male
4461.jpg,Male
4462.jpg,Male
4463.jpg,Male
4464.jpg,Female
4465.jpg,Male
4466.jpg,Male
4467.jpg,Male
4468.jpg,Female
4469.jpg,Female
4470.jpg,Female
4471.jpg,Male
4472.jpg,Male
4473.jpg,Male
4474.jpg,Male
4475.jpg,Male
4476.jpg,Male
4477.jpg,Male
4478.jpg,Male
4479.jpg,Male
4480.jpg,Female
4481.jpg,Male
4482.jpg,Male
4483.jpg,Female
4484.jpg,Male
4485.jpg,Male
4486.jpg,Female
4487.jpg,Female
4488.jpg,Male
4489.jpg,Female
4490.jpg,Male
4491.jpg,Male
4492.jpg,Male
4493.jpg,Male
4494.jpg,Male
4495.jpg,Female
4496.jpg,Female
4497.jpg,Male
4498.jpg,Male
4499.jpg,Female
4500.jpg,Male
4501.jpg,Male
4502.jpg,Male
4503.jpg,Female
4504.jpg,Female
4505.jpg,Male
4506.jpg,Male
4507.jpg,Male
4508.jpg,Male
4509.jpg,Male
4510.jpg,Male
4511.jpg,Male
4512.jpg,Female
4513.jpg,Female
4514.jpg,Male
4515.jpg,Male
4516.jpg,Male
4517.jpg,Female
4518.jpg,Male
4519.jpg,Male
4520.jpg,Male
4521.jpg,Male
4522.jpg,Male
4523.jpg,Male
4524.jpg,Female
4525.jpg,Male
4526.jpg,Female
4527.jpg,Female
4528.jpg,Male
4529.jpg,Male
4530.jpg,Male
4531.jpg,Male
4532.jpg,Male
4533.jpg,Male
4534.jpg,Male
4535.jpg,Female
4536.jpg,Male
4537.jpg,Male
4538.jpg,Male
4539.jpg,Male
4540.jpg,Male
4541.jpg,Male
4542.jpg,Male
4543.jpg,Male
4544.jpg,Male
4545.jpg,Male
4546.jpg,Male
4547.jpg,Male
4548.jpg,Male
4549.jpg,Male
4550.jpg,Male
4551.jpg,Male
4552.jpg,Female
4553.jpg,Male
4554.jpg,Male
4555.jpg,Female
4556.jpg,Female
4557.jpg,Male
4558.jpg,Female
4559.jpg,Male
4560.jpg,Male
4561.jpg,Male
4562.jpg,Female
4563.jpg,Male
4564.jpg,Female
4565.jpg,Female
4566.jpg,Male
4567.jpg,Male
4568.jpg,Male
4569.jpg,Female
4570.jpg,Male
4571.jpg,Male
4572.jpg,Male
4573.jpg,Male
4574.jpg,Male
4575.jpg,Male
4576.jpg,Male
4577.jpg,Female
4578.jpg,Male
4579.jpg,Male
4580.jpg,Male
4581.jpg,Male
4582.jpg,Male
4583.jpg,Male
4584.jpg,Female
4585.jpg,Male
4586.jpg,Female
4587.jpg,Male
4588.jpg,Male
4589.jpg,Female
4590.jpg,Male
4591.jpg,Female
4592.jpg,Male
4593.jpg,Female
4594.jpg,Male
4595.jpg,Female
4596.jpg,Male
4597.jpg,Male
4598.jpg,Male
4599.jpg,Female
4600.jpg,Male
4601.jpg,Female
4602.jpg,Female
4603.jpg,Male
4604.jpg,Male
4605.jpg,Male
4606.jpg,Male
4607.jpg,Male
4608.jpg,Male
4609.jpg,Male
4610.jpg,Female
4611.jpg,Male
4612.jpg,Female
4613.jpg,Male
4614.jpg,Female
4615.jpg,Male
4616.jpg,Male
4617.jpg,Male
4618.jpg,Male
4619.jpg,Male
4620.jpg,Male
4621.jpg,Female
4622.jpg,Female
4623.jpg,Male
4624.jpg,Male
4625.jpg,Male
4626.jpg,Male
4627.jpg,Male
4628.jpg,Female
4629.jpg,Male
4630.jpg,Female
4631.jpg,Male
4632.jpg,Female
4633.jpg,Male
4634.jpg,Male
4635.jpg,Male
4636.jpg,Male
4637.jpg,Male
4638.jpg,Male
4639.jpg,Male
4640.jpg,Male
4641.jpg,Male
4642.jpg,Male
4643.jpg,Male
4644.jpg,Male
4645.jpg,Male
4646.jpg,Female
4647.jpg,Male
4648.jpg,Female
4649.jpg,Male
4650.jpg,Female
4651.jpg,Female
4652.jpg,Male
4653.jpg,Male
4654.jpg,Male
4655.jpg,Male
4656.jpg,Female
4657.jpg,Male
4658.jpg,Female
4659.jpg,Male
4660.jpg,Male
4661.jpg,Male
4662.jpg,Female
4663.jpg,Male
4664.jpg,Female
4665.jpg,Male
4666.jpg,Male
4667.jpg,Male
4668.jpg,Female
4669.jpg,Male
4670.jpg,Female
4671.jpg,Female
4672.jpg,Male
4673.jpg,Male
4674.jpg,Male
4675.jpg,Male
4676.jpg,Male
4677.jpg,Male
4678.jpg,Male
4679.jpg,Male
4680.jpg,Male
4681.jpg,Male
4682.jpg,Male
4683.jpg,Male
4684.jpg,Male
4685.jpg,Male
4686.jpg,Female
4687.jpg,Male
4688.jpg,Male
4689.jpg,Female
4690.jpg,Male
4691.jpg,Female
4692.jpg,Male
4693.jpg,Male
4694.jpg,Male
4695.jpg,Male
4696.jpg,Male
4697.jpg,Male
4698.jpg,Male
4699.jpg,Female
4700.jpg,Female
4701.jpg,Male
4702.jpg,Male
4703.jpg,Male
4704.jpg,Female
4705.jpg,Male
4706.jpg,Male
4707.jpg,Female
4708.jpg,Male
4709.jpg,Male
4710.jpg,Male
4711.jpg,Female
4712.jpg,Male
4713.jpg,Male
4714.jpg,Male
4715.jpg,Male
4716.jpg,Female
4717.jpg,Female
4718.jpg,Male
4719.jpg,Male
4720.jpg,Male
4721.jpg,Male
4722.jpg,Female
4723.jpg,Male
4724.jpg,Male
4725.jpg,Male
4726.jpg,Male
4727.jpg,Male
4728.jpg,Male
4729.jpg,Female
4730.jpg,Male
4731.jpg,Male
4732.jpg,Male
4733.jpg,Male
4734.jpg,Male
4735.jpg,Male
4736.jpg,Male
4737.jpg,Male
4738.jpg,Male
4739.jpg,Male
4740.jpg,Male
4741.jpg,Male
4742.jpg,Male
4743.jpg,Male
4744.jpg,Male
4745.jpg,Male
4746.jpg,Male
4747.jpg,Female
4748.jpg,Male
4749.jpg,Male
4750.jpg,Male
4751.jpg,Male
4752.jpg,Male
4753.jpg,Male
4754.jpg,Male
4755.jpg,Female
4756.jpg,Male
4757.jpg,Male
4758.jpg,Male
4759.jpg,Male
4760.jpg,Male
4761.jpg,Male
4762.jpg,Female
4763.jpg,Female
4764.jpg,Male
4765.jpg,Male
4766.jpg,Male
4767.jpg,Male
4768.jpg,Male
4769.jpg,Male
4770.jpg,Male
4771.jpg,Male
4772.jpg,Male
4773.jpg,Male
4774.jpg,Male
4775.jpg,Female
4776.jpg,Female
4777.jpg,Female
4778.jpg,Male
4779.jpg,Female
4780.jpg,Male
4781.jpg,Male
4782.jpg,Female
4783.jpg,Male
4784.jpg,Female
4785.jpg,Female
4786.jpg,Male
4787.jpg,Male
4788.jpg,Male
4789.jpg,Male
4790.jpg,Male
4791.jpg,Male
4792.jpg,Male
4793.jpg,Male
4794.jpg,Male
4795.jpg,Male
4796.jpg,Male
4797.jpg,Male
4798.jpg,Male
4799.jpg,Male
4800.jpg,Male
4801.jpg,Female
4802.jpg,Male
4803.jpg,Male
4804.jpg,Female
4805.jpg,Male
4806.jpg,Male
4807.jpg,Female
4808.jpg,Male
4809.jpg,Male
4810.jpg,Male
4811.jpg,Male
4812.jpg,Female
4813.jpg,Male
4814.jpg,Female
4815.jpg,Female
4816.jpg,Male
4817.jpg,Male
4818.jpg,Male
4819.jpg,Female
4820.jpg,Male
4821.jpg,Male
4822.jpg,Male
4823.jpg,Female
4824.jpg,Male
4825.jpg,Male
4826.jpg,Male
4827.jpg,Male
4828.jpg,Male
4829.jpg,Male
4830.jpg,Male
4831.jpg,Male
4832.jpg,Male
4833.jpg,Male
4834.jpg,Male
4835.jpg,Male
4836.jpg,Male
4837.jpg,Male
4838.jpg,Male
4839.jpg,Male
4840.jpg,Male
4841.jpg,Male
4842.jpg,Male
4843.jpg,Female
4844.jpg,Male
4845.jpg,Female
4846.jpg,Male
4847.jpg,Male
4848.jpg,Female
4849.jpg,Male
4850.jpg,Female
4851.jpg,Male
4852.jpg,Male
4853.jpg,Male
4854.jpg,Male
4855.jpg,Female
4856.jpg,Male
4857.jpg,Male
4858.jpg,Male
4859.jpg,Male
4860.jpg,Male
4861.jpg,Female
4862.jpg,Male
4863.jpg,Male
4864.jpg,Male
4865.jpg,Male
4866.jpg,Male
4867.jpg,Male
4868.jpg,Male
4869.jpg,Female
4870.jpg,Male
4871.jpg,Female
4872.jpg,Male
4873.jpg,Male
4874.jpg,Male
4875.jpg,Male
4876.jpg,Male
4877.jpg,Male
4878.jpg,Male
4879.jpg,Male
4880.jpg,Male
4881.jpg,Male
4882.jpg,Female
4883.jpg,Male
4884.jpg,Female
4885.jpg,Male
4886.jpg,Male
4887.jpg,Female
4888.jpg,Male
4889.jpg,Male
4890.jpg,Male
4891.jpg,Male
4892.jpg,Male
4893.jpg,Male
4894.jpg,Male
4895.jpg,Female
4896.jpg,Male
4897.jpg,Male
4898.jpg,Male
4899.jpg,Male
4900.jpg,Male
4901.jpg,Male
4902.jpg,Male
4903.jpg,Male
4904.jpg,Male
4905.jpg,Male
4906.jpg,Male
4907.jpg,Male
4908.jpg,Male
4909.jpg,Male
4910.jpg,Male
4911.jpg,Female
4912.jpg,Male
4913.jpg,Male
4914.jpg,Male
4915.jpg,Male
4916.jpg,Male
4917.jpg,Male
4918.jpg,Female
4919.jpg,Female
4920.jpg,Male
4921.jpg,Male
4922.jpg,Female
4923.jpg,Male
4924.jpg,Male
4925.jpg,Male
4926.jpg,Female
4927.jpg,Male
4928.jpg,Male
4929.jpg,Female
4930.jpg,Male
4931.jpg,Male
4932.jpg,Male
4933.jpg,Female
4934.jpg,Male
4935.jpg,Male
4936.jpg,Male
4937.jpg,Male
4938.jpg,Male
4939.jpg,Male
4940.jpg,Male
4941.jpg,Male
4942.jpg,Male
4943.jpg,Female
4944.jpg,Male
4945.jpg,Male
4946.jpg,Male
4947.jpg,Male
4948.jpg,Male
4949.jpg,Male
4950.jpg,Female
4951.jpg,Male
4952.jpg,Male
4953.jpg,Male
4954.jpg,Male
4955.jpg,Female
4956.jpg,Male
4957.jpg,Male
4958.jpg,Male
4959.jpg,Female
4960.jpg,Female
4961.jpg,Male
4962.jpg,Male
4963.jpg,Male
4964.jpg,Female
4965.jpg,Male
4966.jpg,Male
4967.jpg,Male
4968.jpg,Female
4969.jpg,Male
4970.jpg,Male
4971.jpg,Male
4972.jpg,Male
4973.jpg,Male
4974.jpg,Female
4975.jpg,Male
4976.jpg,Female
4977.jpg,Male
4978.jpg,Male
4979.jpg,Male
4980.jpg,Female
4981.jpg,Male
4982.jpg,Female
4983.jpg,Male
4984.jpg,Male
4985.jpg,Male
4986.jpg,Male
4987.jpg,Male
4988.jpg,Male
4989.jpg,Female
4990.jpg,Male
4991.jpg,Male
4992.jpg,Male
4993.jpg,Male
4994.jpg,Female
4995.jpg,Male
4996.jpg,Male
4997.jpg,Female
4998.jpg,Male
4999.jpg,Male
5000.jpg,Male
5001.jpg,Male
5002.jpg,Female
5003.jpg,Female
5004.jpg,Male
5005.jpg,Male
5006.jpg,Male
5007.jpg,Male
5008.jpg,Male
5009.jpg,Female
5010.jpg,Male
5011.jpg,Female
5012.jpg,Female
5013.jpg,Male
5014.jpg,Female
5015.jpg,Female
5016.jpg,Male
5017.jpg,Male
5018.jpg,Male
5019.jpg,Female
5020.jpg,Male
5021.jpg,Male
5022.jpg,Male
5023.jpg,Male
5024.jpg,Male
5025.jpg,Male
5026.jpg,Male
5027.jpg,Male
5028.jpg,Male
5029.jpg,Male
5030.jpg,Male
5031.jpg,Male
5032.jpg,Female
5033.jpg,Male
5034.jpg,Male
5035.jpg,Female
5036.jpg,Male
5037.jpg,Male
5038.jpg,Female
5039.jpg,Male
5040.jpg,Male
5041.jpg,Female
5042.jpg,Male
5043.jpg,Male
5044.jpg,Female
5045.jpg,Male
5046.jpg,Male
5047.jpg,Male
5048.jpg,Male
5049.jpg,Female
5050.jpg,Male
5051.jpg,Male
5052.jpg,Male
5053.jpg,Female
5054.jpg,Female
5055.jpg,Male
5056.jpg,Female
5057.jpg,Male
5058.jpg,Female
5059.jpg,Male
5060.jpg,Male
5061.jpg,Male
5062.jpg,Female
5063.jpg,Male
5064.jpg,Male
5065.jpg,Male
5066.jpg,Male
5067.jpg,Male
5068.jpg,Male
5069.jpg,Male
5070.jpg,Male
5071.jpg,Male
5072.jpg,Male
5073.jpg,Male
5074.jpg,Female
5075.jpg,Male
5076.jpg,Female
5077.jpg,Female
5078.jpg,Male
5079.jpg,Male
5080.jpg,Male
5081.jpg,Male
5082.jpg,Male
5083.jpg,Male
5084.jpg,Male
5085.jpg,Male
5086.jpg,Male
5087.jpg,Male
5088.jpg,Male
5089.jpg,Male
5090.jpg,Male
5091.jpg,Male
5092.jpg,Male
5093.jpg,Male
5094.jpg,Male
5095.jpg,Female
5096.jpg,Male
5097.jpg,Male
5098.jpg,Female
5099.jpg,Male
5100.jpg,Female
5101.jpg,Male
5102.jpg,Male
5103.jpg,Male
5104.jpg,Male
5105.jpg,Male
5106.jpg,Male
5107.jpg,Male
5108.jpg,Male
5109.jpg,Male
5110.jpg,Female
5111.jpg,Male
5112.jpg,Male
5113.jpg,Male
5114.jpg,Male
5115.jpg,Male
5116.jpg,Female
5117.jpg,Male
5118.jpg,Male
5119.jpg,Male
5120.jpg,Male
5121.jpg,Male
5122.jpg,Male
5123.jpg,Male
5124.jpg,Male
5125.jpg,Male
5126.jpg,Male
5127.jpg,Female
5128.jpg,Male
5129.jpg,Male
5130.jpg,Female
5131.jpg,Male
5132.jpg,Male
5133.jpg,Male
5134.jpg,Male
5135.jpg,Male
5136.jpg,Male
5137.jpg,Male
5138.jpg,Female
5139.jpg,Male
5140.jpg,Male
5141.jpg,Male
5142.jpg,Male
5143.jpg,Male
5144.jpg,Male
5145.jpg,Male
5146.jpg,Male
5147.jpg,Female
5148.jpg,Male
5149.jpg,Male
5150.jpg,Female
5151.jpg,Female
5152.jpg,Male
5153.jpg,Male
5154.jpg,Male
5155.jpg,Male
5156.jpg,Male
5157.jpg,Female
5158.jpg,Female
5159.jpg,Male
5160.jpg,Female
5161.jpg,Female
5162.jpg,Male
5163.jpg,Male
5164.jpg,Female
5165.jpg,Male
5166.jpg,Female
5167.jpg,Male
5168.jpg,Male
5169.jpg,Male
5170.jpg,Female
5171.jpg,Male
5172.jpg,Female
5173.jpg,Male
5174.jpg,Male
5175.jpg,Male
5176.jpg,Male
5177.jpg,Male
5178.jpg,Male
5179.jpg,Male
5180.jpg,Male
5181.jpg,Male
5182.jpg,Male
5183.jpg,Male
5184.jpg,Female
5185.jpg,Male
5186.jpg,Male
5187.jpg,Female
5188.jpg,Male
5189.jpg,Male
5190.jpg,Male
5191.jpg,Male
5192.jpg,Male
5193.jpg,Male
5194.jpg,Male
5195.jpg,Male
5196.jpg,Female
5197.jpg,Male
5198.jpg,Male
5199.jpg,Female
5200.jpg,Male
5201.jpg,Male
5202.jpg,Male
5203.jpg,Male
5204.jpg,Male
5205.jpg,Male
5206.jpg,Male
5207.jpg,Male
5208.jpg,Male
5209.jpg,Male
5210.jpg,Female
5211.jpg,Male
5212.jpg,Male
5213.jpg,Male
5214.jpg,Male
5215.jpg,Male
5216.jpg,Male
5217.jpg,Male
5218.jpg,Male
5219.jpg,Female
5220.jpg,Male
5221.jpg,Female
5222.jpg,Male
5223.jpg,Female
5224.jpg,Female
5225.jpg,Male
5226.jpg,Female
5227.jpg,Female
5228.jpg,Male
5229.jpg,Male
5230.jpg,Male
5231.jpg,Female
5232.jpg,Male
5233.jpg,Male
5234.jpg,Male
5235.jpg,Male
5236.jpg,Male
5237.jpg,Male
5238.jpg,Male
5239.jpg,Male
5240.jpg,Male
5241.jpg,Female
5242.jpg,Male
5243.jpg,Male
5244.jpg,Male
5245.jpg,Male
5246.jpg,Male
5247.jpg,Male
5248.jpg,Male
5249.jpg,Female
5250.jpg,Male
5251.jpg,Female
5252.jpg,Male
5253.jpg,Male
5254.jpg,Female
5255.jpg,Male
5256.jpg,Male
5257.jpg,Male
5258.jpg,Male
5259.jpg,Male
5260.jpg,Male
5261.jpg,Male
5262.jpg,Male
5263.jpg,Male
5264.jpg,Female
5265.jpg,Male
5266.jpg,Male
5267.jpg,Male
5268.jpg,Female
5269.jpg,Male
5270.jpg,Male
5271.jpg,Male
5272.jpg,Male
5273.jpg,Male
5274.jpg,Male
5275.jpg,Female
5276.jpg,Male
5277.jpg,Male
5278.jpg,Male
5279.jpg,Male
5280.jpg,Male
5281.jpg,Male
5282.jpg,Male
5283.jpg,Female
5284.jpg,Male
5285.jpg,Male
5286.jpg,Male
5287.jpg,Male
5288.jpg,Male
5289.jpg,Male
5290.jpg,Male
5291.jpg,Male
5292.jpg,Male
5293.jpg,Male
5294.jpg,Male
5295.jpg,Male
5296.jpg,Male
5297.jpg,Male
5298.jpg,Male
5299.jpg,Male
5300.jpg,Male
5301.jpg,Male
5302.jpg,Male
5303.jpg,Male
5304.jpg,Female
5305.jpg,Male
5306.jpg,Male
5307.jpg,Male
5308.jpg,Male
5309.jpg,Male
5310.jpg,Male
5311.jpg,Male
5312.jpg,Male
5313.jpg,Male
5314.jpg,Male
5315.jpg,Male
5316.jpg,Male
5317.jpg,Male
5318.jpg,Male
5319.jpg,Male
5320.jpg,Female
5321.jpg,Male
5322.jpg,Female
5323.jpg,Male
5324.jpg,Female
5325.jpg,Male
5326.jpg,Female
5327.jpg,Male
5328.jpg,Female
5329.jpg,Male
5330.jpg,Male
5331.jpg,Female
5332.jpg,Male
5333.jpg,Female
5334.jpg,Male
5335.jpg,Male
5336.jpg,Male
5337.jpg,Male
5338.jpg,Male
5339.jpg,Male
5340.jpg,Female
5341.jpg,Male
5342.jpg,Male
5343.jpg,Male
5344.jpg,Male
5345.jpg,Male
5346.jpg,Female
5347.jpg,Male
5348.jpg,Male
5349.jpg,Male
5350.jpg,Male
5351.jpg,Male
5352.jpg,Male
5353.jpg,Female
5354.jpg,Male
5355.jpg,Male
5356.jpg,Male
5357.jpg,Male
5358.jpg,Male
5359.jpg,Male
5360.jpg,Male
5361.jpg,Male
5362.jpg,Male
5363.jpg,Male
5364.jpg,Male
5365.jpg,Male
5366.jpg,Male
5367.jpg,Male
5368.jpg,Male
5369.jpg,Female
5370.jpg,Female
5371.jpg,Female
5372.jpg,Male
5373.jpg,Male
5374.jpg,Male
5375.jpg,Female
5376.jpg,Male
5377.jpg,Female
5378.jpg,Male
5379.jpg,Male
5380.jpg,Male
5381.jpg,Female
5382.jpg,Male
5383.jpg,Female
5384.jpg,Male
5385.jpg,Male
5386.jpg,Female
5387.jpg,Male
5388.jpg,Male
5389.jpg,Male
5390.jpg,Male
5391.jpg,Male
5392.jpg,Female
5393.jpg,Male
5394.jpg,Male
5395.jpg,Male
5396.jpg,Male
5397.jpg,Male
5398.jpg,Male
5399.jpg,Male
5400.jpg,Male
5401.jpg,Female
5402.jpg,Female
5403.jpg,Male
5404.jpg,Male
5405.jpg,Male
5406.jpg,Male
5407.jpg,Male
5408.jpg,Male
5409.jpg,Female
5410.jpg,Male
5411.jpg,Female
5412.jpg,Male
5413.jpg,Male
5414.jpg,Male
5415.jpg,Male
5416.jpg,Male
5417.jpg,Male
5418.jpg,Female
5419.jpg,Female
5420.jpg,Male
5421.jpg,Male
5422.jpg,Male
5423.jpg,Male
5424.jpg,Female
5425.jpg,Male
5426.jpg,Male
5427.jpg,Male
5428.jpg,Male
5429.jpg,Male
5430.jpg,Male
5431.jpg,Male
5432.jpg,Male
5433.jpg,Male
5434.jpg,Female
5435.jpg,Male
5436.jpg,Male
5437.jpg,Male
5438.jpg,Male
5439.jpg,Male
5440.jpg,Male
5441.jpg,Male
5442.jpg,Male
5443.jpg,Male
5444.jpg,Male
5445.jpg,Male
5446.jpg,Female
5447.jpg,Male
5448.jpg,Male
5449.jpg,Male
5450.jpg,Female
5451.jpg,Male
5452.jpg,Female
5453.jpg,Male
5454.jpg,Male
5455.jpg,Male
5456.jpg,Male
5457.jpg,Male
5458.jpg,Female
5459.jpg,Female
5460.jpg,Female
5461.jpg,Male
5462.jpg,Male
5463.jpg,Male
5464.jpg,Male
5465.jpg,Male
5466.jpg,Female
5467.jpg,Male
5468.jpg,Female
5469.jpg,Female
5470.jpg,Female
5471.jpg,Male
5472.jpg,Male
5473.jpg,Male
5474.jpg,Female
5475.jpg,Male
5476.jpg,Male
5477.jpg,Male
5478.jpg,Male
5479.jpg,Male
5480.jpg,Male
5481.jpg,Male
5482.jpg,Female
5483.jpg,Male
5484.jpg,Female
5485.jpg,Male
5486.jpg,Male
5487.jpg,Male
5488.jpg,Male
5489.jpg,Female
5490.jpg,Male
5491.jpg,Male
5492.jpg,Female
5493.jpg,Male
5494.jpg,Male
5495.jpg,Male
5496.jpg,Male
5497.jpg,Female
5498.jpg,Male
5499.jpg,Male
5500.jpg,Male
5501.jpg,Male
5502.jpg,Male
5503.jpg,Male
5504.jpg,Male
5505.jpg,Male
5506.jpg,Male
5507.jpg,Male
5508.jpg,Male
5509.jpg,Male
5510.jpg,Male
5511.jpg,Male
5512.jpg,Male
5513.jpg,Male
5514.jpg,Female
5515.jpg,Male
5516.jpg,Male
5517.jpg,Male
5518.jpg,Male
5519.jpg,Male
5520.jpg,Male
5521.jpg,Male
5522.jpg,Male
5523.jpg,Male
5524.jpg,Male
5525.jpg,Male
5526.jpg,Female
5527.jpg,Male
5528.jpg,Male
5529.jpg,Male
5530.jpg,Male
5531.jpg,Male
5532.jpg,Female
5533.jpg,Male
5534.jpg,Female
5535.jpg,Female
5536.jpg,Male
5537.jpg,Male
5538.jpg,Male
5539.jpg,Female
5540.jpg,Male
5541.jpg,Male
5542.jpg,Male
5543.jpg,Male
5544.jpg,Male
5545.jpg,Male
5546.jpg,Male
5547.jpg,Male
5548.jpg,Male
5549.jpg,Male
5550.jpg,Male
5551.jpg,Male
5552.jpg,Male
5553.jpg,Male
5554.jpg,Male
5555.jpg,Female
5556.jpg,Male
5557.jpg,Female
5558.jpg,Female
5559.jpg,Female
5560.jpg,Female
5561.jpg,Male
5562.jpg,Male
5563.jpg,Male
5564.jpg,Male
5565.jpg,Male
5566.jpg,Male
5567.jpg,Male
5568.jpg,Male
5569.jpg,Male
5570.jpg,Male
5571.jpg,Male
5572.jpg,Male
5573.jpg,Male
5574.jpg,Male
5575.jpg,Female
5576.jpg,Male
5577.jpg,Male
5578.jpg,Male
5579.jpg,Male
5580.jpg,Female
5581.jpg,Male
5582.jpg,Male
5583.jpg,Male
5584.jpg,Male
5585.jpg,Male
5586.jpg,Male
5587.jpg,Male
5588.jpg,Male
5589.jpg,Male
5590.jpg,Male
5591.jpg,Female
5592.jpg,Male
5593.jpg,Male
5594.jpg,Male
5595.jpg,Female
5596.jpg,Female
5597.jpg,Female
5598.jpg,Male
5599.jpg,Male
5600.jpg,Female
5601.jpg,Male
5602.jpg,Male
5603.jpg,Male
5604.jpg,Male
5605.jpg,Female
5606.jpg,Male
5607.jpg,Male
5608.jpg,Female
5609.jpg,Male
5610.jpg,Male
5611.jpg,Male
5612.jpg,Male
5613.jpg,Female
5614.jpg,Male
5615.jpg,Male
5616.jpg,Male
5617.jpg,Male
5618.jpg,Female
5619.jpg,Female
5620.jpg,Female
5621.jpg,Male
5622.jpg,Female
5623.jpg,Male
5624.jpg,Male
5625.jpg,Male
5626.jpg,Male
5627.jpg,Female
5628.jpg,Male
5629.jpg,Male
5630.jpg,Female
5631.jpg,Female
5632.jpg,Male
5633.jpg,Female
5634.jpg,Male
5635.jpg,Male
5636.jpg,Male
5637.jpg,Male
5638.jpg,Male
5639.jpg,Male
5640.jpg,Male
5641.jpg,Male
5642.jpg,Male
5643.jpg,Male
5644.jpg,Male
5645.jpg,Female
5646.jpg,Male
5647.jpg,Male
5648.jpg,Male
5649.jpg,Male
5650.jpg,Female
5651.jpg,Male
5652.jpg,Male
5653.jpg,Male
5654.jpg,Male
5655.jpg,Male
5656.jpg,Male
5657.jpg,Male
5658.jpg,Male
5659.jpg,Male
5660.jpg,Male
5661.jpg,Female
5662.jpg,Male
5663.jpg,Male
5664.jpg,Female
5665.jpg,Male
5666.jpg,Male
5667.jpg,Female
5668.jpg,Female
5669.jpg,Male
5670.jpg,Female
5671.jpg,Male
5672.jpg,Male
5673.jpg,Female
5674.jpg,Female
5675.jpg,Female
5676.jpg,Female
5677.jpg,Male
5678.jpg,Male
5679.jpg,Male
5680.jpg,Male
5681.jpg,Male
5682.jpg,Male
5683.jpg,Male
5684.jpg,Male
5685.jpg,Male
5686.jpg,Female
5687.jpg,Female
5688.jpg,Male
5689.jpg,Male
5690.jpg,Male
5691.jpg,Male
5692.jpg,Male
5693.jpg,Male
5694.jpg,Male
5695.jpg,Male
5696.jpg,Male
5697.jpg,Male
5698.jpg,Male
5699.jpg,Male
5700.jpg,Male
5701.jpg,Male
5702.jpg,Female
5703.jpg,Male
5704.jpg,Male
5705.jpg,Male
5706.jpg,Male
5707.jpg,Male
5708.jpg,Male
5709.jpg,Female
5710.jpg,Male
5711.jpg,Male
5712.jpg,Male
5713.jpg,Male
5714.jpg,Female
5715.jpg,Male
5716.jpg,Female
5717.jpg,Female
5718.jpg,Male
5719.jpg,Male
5720.jpg,Male
5721.jpg,Male
5722.jpg,Male
5723.jpg,Male
5724.jpg,Male
5725.jpg,Male
5726.jpg,Male
5727.jpg,Female
5728.jpg,Male
5729.jpg,Male
5730.jpg,Male
5731.jpg,Male
5732.jpg,Male
5733.jpg,Male
5734.jpg,Male
5735.jpg,Male
5736.jpg,Male
5737.jpg,Male
5738.jpg,Male
5739.jpg,Female
5740.jpg,Male
5741.jpg,Male
5742.jpg,Male
5743.jpg,Male
5744.jpg,Female
5745.jpg,Female
5746.jpg,Male
5747.jpg,Male
5748.jpg,Male
5749.jpg,Male
5750.jpg,Female
5751.jpg,Female
5752.jpg,Male
5753.jpg,Male
5754.jpg,Male
5755.jpg,Male
5756.jpg,Male
5757.jpg,Male
5758.jpg,Male
5759.jpg,Male
5760.jpg,Male
5761.jpg,Male
5762.jpg,Male
5763.jpg,Male
5764.jpg,Male
5765.jpg,Female
5766.jpg,Female
5767.jpg,Male
5768.jpg,Male
5769.jpg,Male
5770.jpg,Male
5771.jpg,Female
5772.jpg,Male
5773.jpg,Female
5774.jpg,Female
5775.jpg,Male
5776.jpg,Male
5777.jpg,Male
5778.jpg,Male
5779.jpg,Female
5780.jpg,Male
5781.jpg,Male
5782.jpg,Female
5783.jpg,Male
5784.jpg,Male
5785.jpg,Male
5786.jpg,Female
5787.jpg,Male
5788.jpg,Male
5789.jpg,Male
5790.jpg,Female
5791.jpg,Male
5792.jpg,Male
5793.jpg,Male
5794.jpg,Female
5795.jpg,Male
5796.jpg,Male
5797.jpg,Male
5798.jpg,Male
5799.jpg,Male
5800.jpg,Male
5801.jpg,Male
5802.jpg,Male
5803.jpg,Female
5804.jpg,Male
5805.jpg,Male
5806.jpg,Female
5807.jpg,Male
5808.jpg,Female
5809.jpg,Male
5810.jpg,Male
5811.jpg,Female
5812.jpg,Male
5813.jpg,Male
5814.jpg,Male
5815.jpg,Male
5816.jpg,Female
5817.jpg,Male
5818.jpg,Male
5819.jpg,Male
5820.jpg,Male
5821.jpg,Male
5822.jpg,Female
5823.jpg,Male
5824.jpg,Male
5825.jpg,Male
5826.jpg,Male
5827.jpg,Male
5828.jpg,Male
5829.jpg,Female
5830.jpg,Female
5831.jpg,Male
5832.jpg,Male
5833.jpg,Male
5834.jpg,Male
5835.jpg,Male
5836.jpg,Male
5837.jpg,Female
5838.jpg,Male
5839.jpg,Male
5840.jpg,Male
5841.jpg,Female
5842.jpg,Male
5843.jpg,Male
5844.jpg,Male
5845.jpg,Male
5846.jpg,Male
5847.jpg,Female
5848.jpg,Male
5849.jpg,Male
5850.jpg,Female
5851.jpg,Male
5852.jpg,Male
5853.jpg,Male
5854.jpg,Female
5855.jpg,Female
5856.jpg,Male
5857.jpg,Male
5858.jpg,Male
5859.jpg,Female
5860.jpg,Female
5861.jpg,Male
5862.jpg,Male
5863.jpg,Male
5864.jpg,Female
5865.jpg,Male
5866.jpg,Male
5867.jpg,Male
5868.jpg,Female
5869.jpg,Male
5870.jpg,Male
5871.jpg,Female
5872.jpg,Female
5873.jpg,Female
5874.jpg,Female
5875.jpg,Female
5876.jpg,Male
5877.jpg,Male
5878.jpg,Female
5879.jpg,Female
5880.jpg,Male
5881.jpg,Male
5882.jpg,Male
5883.jpg,Male
5884.jpg,Female
5885.jpg,Male
5886.jpg,Female
5887.jpg,Female
5888.jpg,Female
5889.jpg,Male
5890.jpg,Female
5891.jpg,Male
5892.jpg,Female
5893.jpg,Male
5894.jpg,Male
5895.jpg,Male
5896.jpg,Male
5897.jpg,Male
5898.jpg,Female
5899.jpg,Male
5900.jpg,Female
5901.jpg,Female
5902.jpg,Male
5903.jpg,Male
5904.jpg,Male
5905.jpg,Male
5906.jpg,Female
5907.jpg,Female
5908.jpg,Male
5909.jpg,Male
5910.jpg,Male
5911.jpg,Male
5912.jpg,Male
5913.jpg,Male
5914.jpg,Female
5915.jpg,Male
5916.jpg,Female
5917.jpg,Male
5918.jpg,Male
5919.jpg,Male
5920.jpg,Female
5921.jpg,Male
5922.jpg,Male
5923.jpg,Male
5924.jpg,Male
5925.jpg,Male
5926.jpg,Male
5927.jpg,Male
5928.jpg,Male
5929.jpg,Female
5930.jpg,Male
5931.jpg,Male
5932.jpg,Female
5933.jpg,Female
5934.jpg,Male
5935.jpg,Male
5936.jpg,Male
5937.jpg,Female
5938.jpg,Male
5939.jpg,Male
5940.jpg,Female
5941.jpg,Male
5942.jpg,Male
5943.jpg,Male
5944.jpg,Male
5945.jpg,Male
5946.jpg,Female
5947.jpg,Male
5948.jpg,Female
5949.jpg,Male
5950.jpg,Male
5951.jpg,Male
5952.jpg,Male
5953.jpg,Male
5954.jpg,Male
5955.jpg,Male
5956.jpg,Male
5957.jpg,Male
5958.jpg,Male
5959.jpg,Male
5960.jpg,Female
5961.jpg,Male
5962.jpg,Male
5963.jpg,Male
5964.jpg,Male
5965.jpg,Male
5966.jpg,Male
5967.jpg,Female
5968.jpg,Male
5969.jpg,Male
5970.jpg,Male
5971.jpg,Male
5972.jpg,Female
5973.jpg,Male
5974.jpg,Female
5975.jpg,Male
5976.jpg,Male
5977.jpg,Male
5978.jpg,Female
5979.jpg,Male
5980.jpg,Male
5981.jpg,Male
5982.jpg,Male
5983.jpg,Male
5984.jpg,Female
5985.jpg,Male
5986.jpg,Male
5987.jpg,Female
5988.jpg,Male
5989.jpg,Male
5990.jpg,Male
5991.jpg,Male
5992.jpg,Male
5993.jpg,Male
5994.jpg,Female
5995.jpg,Female
5996.jpg,Male
5997.jpg,Female
5998.jpg,Male
5999.jpg,Male
6000.jpg,Male
6001.jpg,Male
6002.jpg,Male
6003.jpg,Female
6004.jpg,Male
6005.jpg,Male
6006.jpg,Male
6007.jpg,Male
6008.jpg,Male
6009.jpg,Female
6010.jpg,Female
6011.jpg,Male
6012.jpg,Male
6013.jpg,Male
6014.jpg,Male
6015.jpg,Male
6016.jpg,Female
6017.jpg,Female
6018.jpg,Male
6019.jpg,Male
6020.jpg,Male
6021.jpg,Female
6022.jpg,Male
6023.jpg,Male
6024.jpg,Male
6025.jpg,Male
6026.jpg,Male
6027.jpg,Female
6028.jpg,Male
6029.jpg,Male
6030.jpg,Male
6031.jpg,Male
6032.jpg,Male
6033.jpg,Male
6034.jpg,Male
6035.jpg,Female
6036.jpg,Male
6037.jpg,Female
6038.jpg,Female
6039.jpg,Male
6040.jpg,Male
6041.jpg,Male
6042.jpg,Male
6043.jpg,Male
6044.jpg,Male
6045.jpg,Female
6046.jpg,Male
6047.jpg,Male
6048.jpg,Male
6049.jpg,Male
6050.jpg,Male
6051.jpg,Female
6052.jpg,Male
6053.jpg,Female
6054.jpg,Male
6055.jpg,Male
6056.jpg,Male
6057.jpg,Male
6058.jpg,Female
6059.jpg,Male
6060.jpg,Male
6061.jpg,Male
6062.jpg,Male
6063.jpg,Male
6064.jpg,Male
6065.jpg,Male
6066.jpg,Male
6067.jpg,Male
6068.jpg,Male
6069.jpg,Male
6070.jpg,Male
6071.jpg,Female
6072.jpg,Male
6073.jpg,Male
6074.jpg,Female
6075.jpg,Female
6076.jpg,Male
6077.jpg,Male
6078.jpg,Male
6079.jpg,Male
6080.jpg,Female
6081.jpg,Male
6082.jpg,Male
6083.jpg,Male
6084.jpg,Male
6085.jpg,Male
6086.jpg,Male
6087.jpg,Male
6088.jpg,Male
6089.jpg,Male
6090.jpg,Male
6091.jpg,Male
6092.jpg,Male
6093.jpg,Female
6094.jpg,Female
6095.jpg,Male
6096.jpg,Male
6097.jpg,Male
6098.jpg,Male
6099.jpg,Female
6100.jpg,Male
6101.jpg,Male
6102.jpg,Male
6103.jpg,Male
6104.jpg,Male
6105.jpg,Male
6106.jpg,Female
6107.jpg,Male
6108.jpg,Male
6109.jpg,Male
6110.jpg,Female
6111.jpg,Male
6112.jpg,Male
6113.jpg,Male
6114.jpg,Female
6115.jpg,Male
6116.jpg,Male
6117.jpg,Female
6118.jpg,Female
6119.jpg,Male
6120.jpg,Male
6121.jpg,Male
6122.jpg,Male
6123.jpg,Male
6124.jpg,Male
6125.jpg,Female
6126.jpg,Male
6127.jpg,Male
6128.jpg,Male
6129.jpg,Male
6130.jpg,Male
6131.jpg,Male
6132.jpg,Male
6133.jpg,Female
6134.jpg,Male
6135.jpg,Female
6136.jpg,Male
6137.jpg,Male
6138.jpg,Male
6139.jpg,Female
6140.jpg,Male
6141.jpg,Male
6142.jpg,Male
6143.jpg,Male
6144.jpg,Male
6145.jpg,Female
6146.jpg,Female
6147.jpg,Male
6148.jpg,Male
6149.jpg,Male
6150.jpg,Male
6151.jpg,Male
6152.jpg,Male
6153.jpg,Male
6154.jpg,Female
6155.jpg,Male
6156.jpg,Male
6157.jpg,Male
6158.jpg,Male
6159.jpg,Male
6160.jpg,Female
6161.jpg,Male
6162.jpg,Female
6163.jpg,Male
6164.jpg,Male
6165.jpg,Male
6166.jpg,Male
6167.jpg,Female
6168.jpg,Female
6169.jpg,Female
6170.jpg,Male
6171.jpg,Male
6172.jpg,Male
6173.jpg,Male
6174.jpg,Male
6175.jpg,Female
6176.jpg,Male
6177.jpg,Male
6178.jpg,Male
6179.jpg,Female
6180.jpg,Male
6181.jpg,Male
6182.jpg,Male
6183.jpg,Male
6184.jpg,Male
6185.jpg,Male
6186.jpg,Male
6187.jpg,Male
6188.jpg,Male
6189.jpg,Male
6190.jpg,Male
6191.jpg,Female
6192.jpg,Male
6193.jpg,Male
6194.jpg,Female
6195.jpg,Male
6196.jpg,Male
6197.jpg,Male
6198.jpg,Male
6199.jpg,Male
6200.jpg,Male
6201.jpg,Female
6202.jpg,Female
6203.jpg,Male
6204.jpg,Male
6205.jpg,Male
6206.jpg,Male
6207.jpg,Male
6208.jpg,Female
6209.jpg,Male
6210.jpg,Male
6211.jpg,Male
6212.jpg,Female
6213.jpg,Male
6214.jpg,Male
6215.jpg,Male
6216.jpg,Male
6217.jpg,Male
6218.jpg,Male
6219.jpg,Female
6220.jpg,Male
6221.jpg,Male
6222.jpg,Male
6223.jpg,Male
6224.jpg,Female
6225.jpg,Male
6226.jpg,Male
6227.jpg,Male
6228.jpg,Male
6229.jpg,Male
6230.jpg,Male
6231.jpg,Male
6232.jpg,Male
6233.jpg,Male
6234.jpg,Male
6235.jpg,Female
6236.jpg,Male
6237.jpg,Male
6238.jpg,Female
6239.jpg,Male
6240.jpg,Male
6241.jpg,Male
6242.jpg,Male
6243.jpg,Male
6244.jpg,Female
6245.jpg,Male
6246.jpg,Male
6247.jpg,Female
6248.jpg,Male
6249.jpg,Male
6250.jpg,Male
6251.jpg,Female
6252.jpg,Male
6253.jpg,Male
6254.jpg,Male
6255.jpg,Male
6256.jpg,Male
6257.jpg,Male
6258.jpg,Male
6259.jpg,Male
6260.jpg,Male
6261.jpg,Male
6262.jpg,Male
6263.jpg,Male
6264.jpg,Male
6265.jpg,Male
6266.jpg,Female
6267.jpg,Female
6268.jpg,Female
6269.jpg,Female
6270.jpg,Male
6271.jpg,Female
6272.jpg,Male
6273.jpg,Female
6274.jpg,Male
6275.jpg,Male
6276.jpg,Male
6277.jpg,Male
6278.jpg,Male
6279.jpg,Male
6280.jpg,Male
6281.jpg,Male
6282.jpg,Male
6283.jpg,Male
6284.jpg,Male
6285.jpg,Female
6286.jpg,Female
6287.jpg,Female
6288.jpg,Male
6289.jpg,Male
6290.jpg,Male
6291.jpg,Male
6292.jpg,Female
6293.jpg,Female
6294.jpg,Male
6295.jpg,Male
6296.jpg,Male
6297.jpg,Male
6298.jpg,Male
6299.jpg,Male
6300.jpg,Male
6301.jpg,Male
6302.jpg,Male
6303.jpg,Male
6304.jpg,Male
6305.jpg,Male
6306.jpg,Male
6307.jpg,Female
6308.jpg,Female
6309.jpg,Male
6310.jpg,Female
6311.jpg,Female
6312.jpg,Male
6313.jpg,Male
6314.jpg,Female
6315.jpg,Male
6316.jpg,Male
6317.jpg,Female
6318.jpg,Male
6319.jpg,Male
6320.jpg,Male
6321.jpg,Male
6322.jpg,Male
6323.jpg,Male
6324.jpg,Male
6325.jpg,Male
6326.jpg,Male
6327.jpg,Male
6328.jpg,Male
6329.jpg,Male
6330.jpg,Male
6331.jpg,Male
6332.jpg,Male
6333.jpg,Male
6334.jpg,Male
6335.jpg,Male
6336.jpg,Male
6337.jpg,Female
6338.jpg,Male
6339.jpg,Male
6340.jpg,Male
6341.jpg,Male
6342.jpg,Female
6343.jpg,Female
6344.jpg,Male
6345.jpg,Female
6346.jpg,Male
6347.jpg,Male
6348.jpg,Male
6349.jpg,Male
6350.jpg,Male
6351.jpg,Female
6352.jpg,Male
6353.jpg,Male
6354.jpg,Male
6355.jpg,Male
6356.jpg,Male
6357.jpg,Male
6358.jpg,Male
6359.jpg,Male
6360.jpg,Female
6361.jpg,Male
6362.jpg,Male
6363.jpg,Male
6364.jpg,Male
6365.jpg,Male
6366.jpg,Female
6367.jpg,Male
6368.jpg,Male
6369.jpg,Male
6370.jpg,Male
6371.jpg,Male
6372.jpg,Male
6373.jpg,Female
6374.jpg,Male
6375.jpg,Male
6376.jpg,Male
6377.jpg,Male
6378.jpg,Male
6379.jpg,Male
6380.jpg,Male
6381.jpg,Male
6382.jpg,Female
6383.jpg,Male
6384.jpg,Male
6385.jpg,Male
6386.jpg,Female
6387.jpg,Male
6388.jpg,Male
6389.jpg,Male
6390.jpg,Male
6391.jpg,Female
6392.jpg,Male
6393.jpg,Male
6394.jpg,Male
6395.jpg,Male
6396.jpg,Male
6397.jpg,Female
6398.jpg,Male
6399.jpg,Male
6400.jpg,Female
6401.jpg,Male
6402.jpg,Male
6403.jpg,Female
6404.jpg,Male
6405.jpg,Male
6406.jpg,Male
6407.jpg,Female
6408.jpg,Female
6409.jpg,Male
6410.jpg,Male
6411.jpg,Male
6412.jpg,Female
6413.jpg,Male
6414.jpg,Male
6415.jpg,Male
6416.jpg,Male
6417.jpg,Male
6418.jpg,Male
6419.jpg,Male
6420.jpg,Male
6421.jpg,Male
6422.jpg,Male
6423.jpg,Male
6424.jpg,Male
6425.jpg,Male
6426.jpg,Female
6427.jpg,Male
6428.jpg,Female
6429.jpg,Male
6430.jpg,Male
6431.jpg,Male
6432.jpg,Male
6433.jpg,Female
6434.jpg,Female
6435.jpg,Male
6436.jpg,Male
6437.jpg,Male
6438.jpg,Male
6439.jpg,Male
6440.jpg,Female
6441.jpg,Male
6442.jpg,Male
6443.jpg,Male
6444.jpg,Female
6445.jpg,Male
6446.jpg,Female
6447.jpg,Male
6448.jpg,Male
6449.jpg,Female
6450.jpg,Male
6451.jpg,Male
6452.jpg,Female
6453.jpg,Male
6454.jpg,Female
6455.jpg,Male
6456.jpg,Male
6457.jpg,Female
6458.jpg,Male
6459.jpg,Male
6460.jpg,Male
6461.jpg,Male
6462.jpg,Female
6463.jpg,Male
6464.jpg,Male
6465.jpg,Male
6466.jpg,Male
6467.jpg,Female
6468.jpg,Male
6469.jpg,Male
6470.jpg,Female
6471.jpg,Male
6472.jpg,Male
6473.jpg,Male
6474.jpg,Male
6475.jpg,Male
6476.jpg,Male
6477.jpg,Male
6478.jpg,Male
6479.jpg,Male
6480.jpg,Male
6481.jpg,Male
6482.jpg,Male
6483.jpg,Male
6484.jpg,Male
6485.jpg,Male
6486.jpg,Female
6487.jpg,Female
6488.jpg,Male
6489.jpg,Male
6490.jpg,Male
6491.jpg,Male
6492.jpg,Male
6493.jpg,Male
6494.jpg,Female
6495.jpg,Male
6496.jpg,Male
6497.jpg,Male
6498.jpg,Male
6499.jpg,Male
6500.jpg,Male
6501.jpg,Female
6502.jpg,Male
6503.jpg,Female
6504.jpg,Male
6505.jpg,Female
6506.jpg,Male
6507.jpg,Male
6508.jpg,Female
6509.jpg,Female
6510.jpg,Male
6511.jpg,Male
6512.jpg,Male
6513.jpg,Male
6514.jpg,Male
6515.jpg,Male
6516.jpg,Male
6517.jpg,Female
6518.jpg,Male
6519.jpg,Male
6520.jpg,Female
6521.jpg,Female
6522.jpg,Female
6523.jpg,Male
6524.jpg,Male
6525.jpg,Male
6526.jpg,Male
6527.jpg,Female
6528.jpg,Male
6529.jpg,Female
6530.jpg,Male
6531.jpg,Male
6532.jpg,Male
6533.jpg,Male
6534.jpg,Male
6535.jpg,Male
6536.jpg,Female
6537.jpg,Male
6538.jpg,Male
6539.jpg,Male
6540.jpg,Male
6541.jpg,Male
6542.jpg,Male
6543.jpg,Male
6544.jpg,Male
6545.jpg,Male
6546.jpg,Male
6547.jpg,Female
6548.jpg,Male
6549.jpg,Male
6550.jpg,Female
6551.jpg,Male
6552.jpg,Male
6553.jpg,Male
6554.jpg,Male
6555.jpg,Male
6556.jpg,Male
6557.jpg,Male
6558.jpg,Male
6559.jpg,Male
6560.jpg,Male
6561.jpg,Male
6562.jpg,Male
6563.jpg,Male
6564.jpg,Male
6565.jpg,Male
6566.jpg,Male
6567.jpg,Male
6568.jpg,Male
6569.jpg,Male
6570.jpg,Male
6571.jpg,Male
6572.jpg,Female
6573.jpg,Male
6574.jpg,Male
6575.jpg,Male
6576.jpg,Male
6577.jpg,Male
6578.jpg,Male
6579.jpg,Female
6580.jpg,Male
6581.jpg,Male
6582.jpg,Male
6583.jpg,Female
6584.jpg,Male
6585.jpg,Male
6586.jpg,Male
6587.jpg,Female
6588.jpg,Male
6589.jpg,Female
6590.jpg,Male
6591.jpg,Male
6592.jpg,Male
6593.jpg,Female
6594.jpg,Male
6595.jpg,Male
6596.jpg,Female
6597.jpg,Male
6598.jpg,Male
6599.jpg,Female
6600.jpg,Male
6601.jpg,Male
6602.jpg,Male
6603.jpg,Male
6604.jpg,Male
6605.jpg,Female
6606.jpg,Male
6607.jpg,Male
6608.jpg,Male
6609.jpg,Male
6610.jpg,Male
6611.jpg,Male
6612.jpg,Male
6613.jpg,Male
6614.jpg,Male
6615.jpg,Male
6616.jpg,Female
6617.jpg,Male
6618.jpg,Male
6619.jpg,Male
6620.jpg,Female
6621.jpg,Female
6622.jpg,Male
6623.jpg,Male
6624.jpg,Male
6625.jpg,Male
6626.jpg,Male
6627.jpg,Female
6628.jpg,Male
6629.jpg,Male
6630.jpg,Female
6631.jpg,Male
6632.jpg,Male
6633.jpg,Male
6634.jpg,Male
6635.jpg,Male
6636.jpg,Female
6637.jpg,Male
6638.jpg,Male
6639.jpg,Male
6640.jpg,Female
6641.jpg,Male
6642.jpg,Male
6643.jpg,Male
6644.jpg,Male
6645.jpg,Male
6646.jpg,Male
6647.jpg,Female
6648.jpg,Male
6649.jpg,Female
6650.jpg,Male
6651.jpg,Male
6652.jpg,Female
6653.jpg,Female
6654.jpg,Male
6655.jpg,Male
6656.jpg,Female
6657.jpg,Male
6658.jpg,Male
6659.jpg,Male
6660.jpg,Male
6661.jpg,Female
6662.jpg,Male
6663.jpg,Male
6664.jpg,Male
6665.jpg,Male
6666.jpg,Male
6667.jpg,Male
6668.jpg,Female
6669.jpg,Female
6670.jpg,Female
6671.jpg,Male
6672.jpg,Male
6673.jpg,Female
6674.jpg,Male
6675.jpg,Male
6676.jpg,Male
6677.jpg,Male
6678.jpg,Male
6679.jpg,Male
6680.jpg,Female
6681.jpg,Male
6682.jpg,Male
6683.jpg,Male
6684.jpg,Male
6685.jpg,Male
6686.jpg,Male
6687.jpg,Male
6688.jpg,Female
6689.jpg,Male
6690.jpg,Male
6691.jpg,Male
6692.jpg,Male
6693.jpg,Male
6694.jpg,Male
6695.jpg,Male
6696.jpg,Male
6697.jpg,Male
6698.jpg,Male
6699.jpg,Male
6700.jpg,Male
6701.jpg,Male
6702.jpg,Male
6703.jpg,Male
6704.jpg,Male
6705.jpg,Male
6706.jpg,Male
6707.jpg,Male
6708.jpg,Male
6709.jpg,Male
6710.jpg,Male
6711.jpg,Male
6712.jpg,Male
6713.jpg,Male
6714.jpg,Male
6715.jpg,Male
6716.jpg,Female
6717.jpg,Male
6718.jpg,Male
6719.jpg,Female
6720.jpg,Male
6721.jpg,Male
6722.jpg,Male
6723.jpg,Male
6724.jpg,Male
6725.jpg,Male
6726.jpg,Male
6727.jpg,Male
6728.jpg,Male
6729.jpg,Male
6730.jpg,Male
6731.jpg,Male
6732.jpg,Male
6733.jpg,Male
6734.jpg,Male
6735.jpg,Male
6736.jpg,Male
6737.jpg,Male
6738.jpg,Male
6739.jpg,Male
6740.jpg,Male
6741.jpg,Male
6742.jpg,Male
6743.jpg,Female
6744.jpg,Male
6745.jpg,Male
6746.jpg,Female
6747.jpg,Female
6748.jpg,Female
6749.jpg,Male
6750.jpg,Female
6751.jpg,Male
6752.jpg,Male
6753.jpg,Male
6754.jpg,Male
6755.jpg,Male
6756.jpg,Male
6757.jpg,Male
6758.jpg,Male
6759.jpg,Male
6760.jpg,Male
6761.jpg,Male
6762.jpg,Female
6763.jpg,Female
6764.jpg,Male
6765.jpg,Male
6766.jpg,Male
6767.jpg,Male
6768.jpg,Male
6769.jpg,Male
6770.jpg,Male
6771.jpg,Male
6772.jpg,Male
6773.jpg,Male
6774.jpg,Female
6775.jpg,Female
6776.jpg,Female
6777.jpg,Male
6778.jpg,Female
6779.jpg,Male
6780.jpg,Male
6781.jpg,Male
6782.jpg,Male
6783.jpg,Male
6784.jpg,Male
6785.jpg,Male
6786.jpg,Male
6787.jpg,Male
6788.jpg,Male
6789.jpg,Female
6790.jpg,Male
6791.jpg,Male
6792.jpg,Male
6793.jpg,Male
6794.jpg,Male
6795.jpg,Male
6796.jpg,Female
6797.jpg,Male
6798.jpg,Male
6799.jpg,Male
6800.jpg,Male
6801.jpg,Male
6802.jpg,Male
6803.jpg,Female
6804.jpg,Male
6805.jpg,Male
6806.jpg,Male
6807.jpg,Male
6808.jpg,Male
6809.jpg,Male
6810.jpg,Female
6811.jpg,Male
6812.jpg,Male
6813.jpg,Male
6814.jpg,Male
6815.jpg,Male
6816.jpg,Male
6817.jpg,Male
6818.jpg,Male
6819.jpg,Female
6820.jpg,Male
6821.jpg,Male
6822.jpg,Female
6823.jpg,Male
6824.jpg,Male
6825.jpg,Male
6826.jpg,Male
6827.jpg,Female
6828.jpg,Male
6829.jpg,Male
6830.jpg,Female
6831.jpg,Male
6832.jpg,Male
6833.jpg,Male
6834.jpg,Female
6835.jpg,Male
6836.jpg,Male
6837.jpg,Male
6838.jpg,Male
6839.jpg,Male
6840.jpg,Male
6841.jpg,Female
6842.jpg,Female
6843.jpg,Male
6844.jpg,Female
6845.jpg,Male
6846.jpg,Male
6847.jpg,Male
6848.jpg,Female
6849.jpg,Male
6850.jpg,Female
6851.jpg,Male
6852.jpg,Male
6853.jpg,Male
6854.jpg,Male
6855.jpg,Male
6856.jpg,Male
6857.jpg,Female
6858.jpg,Male
6859.jpg,Male
6860.jpg,Male
6861.jpg,Female
6862.jpg,Male
6863.jpg,Male
6864.jpg,Male
6865.jpg,Male
6866.jpg,Male
6867.jpg,Female
6868.jpg,Male
6869.jpg,Female
6870.jpg,Male
6871.jpg,Female
6872.jpg,Male
6873.jpg,Male
6874.jpg,Male
6875.jpg,Female
6876.jpg,Male
6877.jpg,Male
6878.jpg,Male
6879.jpg,Female
6880.jpg,Male
6881.jpg,Male
6882.jpg,Male
6883.jpg,Male
6884.jpg,Male
6885.jpg,Female
6886.jpg,Male
6887.jpg,Male
6888.jpg,Female
6889.jpg,Male
6890.jpg,Male
6891.jpg,Male
6892.jpg,Male
6893.jpg,Male
6894.jpg,Female
6895.jpg,Male
6896.jpg,Male
6897.jpg,Male
6898.jpg,Female
6899.jpg,Male
6900.jpg,Female
6901.jpg,Female
6902.jpg,Female
6903.jpg,Male
6904.jpg,Female
6905.jpg,Male
6906.jpg,Male
6907.jpg,Female
6908.jpg,Male
6909.jpg,Male
6910.jpg,Male
6911.jpg,Male
6912.jpg,Female
6913.jpg,Male
6914.jpg,Male
6915.jpg,Female
6916.jpg,Male
6917.jpg,Female
6918.jpg,Male
6919.jpg,Male
6920.jpg,Male
6921.jpg,Female
6922.jpg,Male
6923.jpg,Male
6924.jpg,Male
6925.jpg,Male
6926.jpg,Male
6927.jpg,Male
6928.jpg,Male
6929.jpg,Female
6930.jpg,Female
6931.jpg,Male
6932.jpg,Male
6933.jpg,Male
6934.jpg,Female
6935.jpg,Male
6936.jpg,Female
6937.jpg,Male
6938.jpg,Male
6939.jpg,Male
6940.jpg,Male
6941.jpg,Male
6942.jpg,Male
6943.jpg,Female
6944.jpg,Male
6945.jpg,Male
6946.jpg,Female
6947.jpg,Male
6948.jpg,Male
6949.jpg,Male
6950.jpg,Female
6951.jpg,Female
6952.jpg,Male
6953.jpg,Male
6954.jpg,Male
6955.jpg,Female
6956.jpg,Female
6957.jpg,Female
6958.jpg,Male
6959.jpg,Male
6960.jpg,Female
6961.jpg,Male
6962.jpg,Male
6963.jpg,Female
6964.jpg,Female
6965.jpg,Male
6966.jpg,Male
6967.jpg,Female
6968.jpg,Male
6969.jpg,Male
6970.jpg,Male
6971.jpg,Female
6972.jpg,Male
6973.jpg,Male
6974.jpg,Male
6975.jpg,Male
6976.jpg,Male
6977.jpg,Female
6978.jpg,Female
6979.jpg,Female
6980.jpg,Female
6981.jpg,Male
6982.jpg,Female
6983.jpg,Male
6984.jpg,Female
6985.jpg,Male
6986.jpg,Male
6987.jpg,Male
6988.jpg,Female
6989.jpg,Male
6990.jpg,Male
6991.jpg,Male
6992.jpg,Female
6993.jpg,Male
6994.jpg,Male
6995.jpg,Male
6996.jpg,Male
6997.jpg,Male
6998.jpg,Male
6999.jpg,Male
7000.jpg,Female
7001.jpg,Male
7002.jpg,Female
7003.jpg,Female
7004.jpg,Male
7005.jpg,Female
7006.jpg,Female
7007.jpg,Male
7008.jpg,Female
7009.jpg,Male
7010.jpg,Male
7011.jpg,Male
7012.jpg,Male
7013.jpg,Female
7014.jpg,Male
7015.jpg,Male
7016.jpg,Male
7017.jpg,Male
7018.jpg,Male
7019.jpg,Male
7020.jpg,Male
7021.jpg,Male
7022.jpg,Male
7023.jpg,Male
7024.jpg,Female
7025.jpg,Male
7026.jpg,Female
7027.jpg,Female
7028.jpg,Male
7029.jpg,Male
7030.jpg,Male
7031.jpg,Male
7032.jpg,Male
7033.jpg,Male
7034.jpg,Male
7035.jpg,Male
7036.jpg,Female
7037.jpg,Male
7038.jpg,Male
7039.jpg,Male
7040.jpg,Male
7041.jpg,Male
7042.jpg,Male
7043.jpg,Male
7044.jpg,Male
7045.jpg,Male
7046.jpg,Male
7047.jpg,Male
7048.jpg,Male
7049.jpg,Female
7050.jpg,Male
7051.jpg,Male
7052.jpg,Female
7053.jpg,Male
7054.jpg,Male
7055.jpg,Male
7056.jpg,Female
7057.jpg,Male
7058.jpg,Male
7059.jpg,Female
7060.jpg,Male
7061.jpg,Male
7062.jpg,Female
7063.jpg,Male
7064.jpg,Male
7065.jpg,Male
7066.jpg,Male
7067.jpg,Male
7068.jpg,Male
7069.jpg,Male
7070.jpg,Female
7071.jpg,Male
7072.jpg,Female
7073.jpg,Female
7074.jpg,Male
7075.jpg,Male
7076.jpg,Female
7077.jpg,Male
7078.jpg,Male
7079.jpg,Male
7080.jpg,Male
7081.jpg,Female
7082.jpg,Male
7083.jpg,Female
7084.jpg,Male
7085.jpg,Male
7086.jpg,Male
7087.jpg,Female
7088.jpg,Male
7089.jpg,Female
7090.jpg,Male
7091.jpg,Male
7092.jpg,Male
7093.jpg,Male
7094.jpg,Female
7095.jpg,Male
7096.jpg,Female
7097.jpg,Male
7098.jpg,Male
7099.jpg,Male
7100.jpg,Male
7101.jpg,Male
7102.jpg,Female
7103.jpg,Male
7104.jpg,Male
7105.jpg,Male
7106.jpg,Male
7107.jpg,Male
7108.jpg,Male
7109.jpg,Male
7110.jpg,Male
7111.jpg,Female
7112.jpg,Male
7113.jpg,Male
7114.jpg,Male
7115.jpg,Male
7116.jpg,Female
7117.jpg,Male
7118.jpg,Male
7119.jpg,Female
7120.jpg,Male
7121.jpg,Male
7122.jpg,Male
7123.jpg,Female
7124.jpg,Male
7125.jpg,Male
7126.jpg,Male
7127.jpg,Male
7128.jpg,Male
7129.jpg,Male
7130.jpg,Male
7131.jpg,Male
7132.jpg,Male
7133.jpg,Male
7134.jpg,Male
7135.jpg,Male
7136.jpg,Male
7137.jpg,Male
7138.jpg,Male
7139.jpg,Male
7140.jpg,Male
7141.jpg,Male
7142.jpg,Female
7143.jpg,Female
7144.jpg,Male
7145.jpg,Male
7146.jpg,Female
7147.jpg,Female
7148.jpg,Male
7149.jpg,Male
7150.jpg,Male
7151.jpg,Male
7152.jpg,Male
7153.jpg,Female
7154.jpg,Female
7155.jpg,Male
7156.jpg,Male
7157.jpg,Male
7158.jpg,Male
7159.jpg,Male
7160.jpg,Female
7161.jpg,Male
7162.jpg,Male
7163.jpg,Male
7164.jpg,Male
7165.jpg,Male
7166.jpg,Male
7167.jpg,Male
7168.jpg,Male
7169.jpg,Female
7170.jpg,Male
7171.jpg,Female
7172.jpg,Male
7173.jpg,Female
7174.jpg,Male
7175.jpg,Male
7176.jpg,Male
7177.jpg,Male
7178.jpg,Male
7179.jpg,Male
7180.jpg,Male
7181.jpg,Male
7182.jpg,Male
7183.jpg,Male
7184.jpg,Male
7185.jpg,Male
7186.jpg,Male
7187.jpg,Male
7188.jpg,Male
7189.jpg,Male
7190.jpg,Male
7191.jpg,Female
7192.jpg,Female
7193.jpg,Male
7194.jpg,Male
7195.jpg,Female
7196.jpg,Male
7197.jpg,Male
7198.jpg,Female
7199.jpg,Female
7200.jpg,Male
7201.jpg,Female
7202.jpg,Male
7203.jpg,Male
7204.jpg,Female
7205.jpg,Female
7206.jpg,Female
7207.jpg,Female
7208.jpg,Male
7209.jpg,Male
7210.jpg,Female
7211.jpg,Male
7212.jpg,Male
7213.jpg,Male
7214.jpg,Male
7215.jpg,Male
7216.jpg,Female
7217.jpg,Female
7218.jpg,Female
7219.jpg,Male
7220.jpg,Female
7221.jpg,Male
7222.jpg,Male
7223.jpg,Female
7224.jpg,Male
7225.jpg,Male
7226.jpg,Male
7227.jpg,Male
7228.jpg,Male
7229.jpg,Female
7230.jpg,Female
7231.jpg,Male
7232.jpg,Male
7233.jpg,Male
7234.jpg,Female
7235.jpg,Male
7236.jpg,Male
7237.jpg,Male
7238.jpg,Female
7239.jpg,Male
7240.jpg,Male
7241.jpg,Male
7242.jpg,Male
7243.jpg,Male
7244.jpg,Male
7245.jpg,Male
7246.jpg,Male
7247.jpg,Male
7248.jpg,Female
7249.jpg,Male
7250.jpg,Female
7251.jpg,Male
7252.jpg,Male
7253.jpg,Male
7254.jpg,Female
7255.jpg,Male
7256.jpg,Male
7257.jpg,Female
7258.jpg,Male
7259.jpg,Female
7260.jpg,Male
7261.jpg,Male
7262.jpg,Female
7263.jpg,Male
7264.jpg,Male
7265.jpg,Male
7266.jpg,Male
7267.jpg,Male
7268.jpg,Male
7269.jpg,Male
7270.jpg,Female
7271.jpg,Female
7272.jpg,Male
7273.jpg,Male
7274.jpg,Male
7275.jpg,Male
7276.jpg,Male
7277.jpg,Female
7278.jpg,Male
7279.jpg,Male
7280.jpg,Male
7281.jpg,Male
7282.jpg,Male
7283.jpg,Female
7284.jpg,Male
7285.jpg,Male
7286.jpg,Male
7287.jpg,Male
7288.jpg,Male
7289.jpg,Male
7290.jpg,Male
7291.jpg,Male
7292.jpg,Male
7293.jpg,Female
7294.jpg,Male
7295.jpg,Male
7296.jpg,Female
7297.jpg,Male
7298.jpg,Male
7299.jpg,Male
7300.jpg,Male
7301.jpg,Female
7302.jpg,Male
7303.jpg,Female
7304.jpg,Female
7305.jpg,Female
7306.jpg,Male
7307.jpg,Male
7308.jpg,Male
7309.jpg,Male
7310.jpg,Male
7311.jpg,Female
7312.jpg,Female
7313.jpg,Male
7314.jpg,Male
7315.jpg,Male
7316.jpg,Male
7317.jpg,Male
7318.jpg,Male
7319.jpg,Female
7320.jpg,Female
7321.jpg,Male
7322.jpg,Male
7323.jpg,Male
7324.jpg,Male
7325.jpg,Male
7326.jpg,Male
7327.jpg,Female
7328.jpg,Male
7329.jpg,Male
7330.jpg,Male
7331.jpg,Male
7332.jpg,Male
7333.jpg,Male
7334.jpg,Male
7335.jpg,Male
7336.jpg,Female
7337.jpg,Male
7338.jpg,Female
7339.jpg,Female
7340.jpg,Male
7341.jpg,Male
7342.jpg,Male
7343.jpg,Male
7344.jpg,Male
7345.jpg,Male
7346.jpg,Male
7347.jpg,Male
7348.jpg,Male
7349.jpg,Female
7350.jpg,Male
7351.jpg,Male
7352.jpg,Female
7353.jpg,Female
7354.jpg,Male
7355.jpg,Male
7356.jpg,Male
7357.jpg,Male
7358.jpg,Male
7359.jpg,Male
7360.jpg,Male
7361.jpg,Male
7362.jpg,Male
7363.jpg,Male
7364.jpg,Male
7365.jpg,Male
7366.jpg,Male
7367.jpg,Male
7368.jpg,Male
7369.jpg,Male
7370.jpg,Male
7371.jpg,Male
7372.jpg,Male
7373.jpg,Male
7374.jpg,Male
7375.jpg,Male
7376.jpg,Female
7377.jpg,Male
7378.jpg,Female
7379.jpg,Female
7380.jpg,Male
7381.jpg,Male
7382.jpg,Male
7383.jpg,Female
7384.jpg,Male
7385.jpg,Male
7386.jpg,Male
7387.jpg,Female
7388.jpg,Male
7389.jpg,Male
7390.jpg,Female
7391.jpg,Female
7392.jpg,Male
7393.jpg,Male
7394.jpg,Male
7395.jpg,Male
7396.jpg,Male
7397.jpg,Male
7398.jpg,Male
7399.jpg,Male
7400.jpg,Male
7401.jpg,Male
7402.jpg,Male
7403.jpg,Female
7404.jpg,Male
7405.jpg,Male
7406.jpg,Male
7407.jpg,Female
7408.jpg,Male
7409.jpg,Male
7410.jpg,Male
7411.jpg,Male
7412.jpg,Male
7413.jpg,Male
7414.jpg,Female
7415.jpg,Male
7416.jpg,Male
7417.jpg,Male
7418.jpg,Male
7419.jpg,Female
7420.jpg,Male
7421.jpg,Male
7422.jpg,Male
7423.jpg,Female
7424.jpg,Male
7425.jpg,Male
7426.jpg,Male
7427.jpg,Male
7428.jpg,Female
7429.jpg,Female
7430.jpg,Male
7431.jpg,Male
7432.jpg,Male
7433.jpg,Male
7434.jpg,Male
7435.jpg,Male
7436.jpg,Male
7437.jpg,Male
7438.jpg,Female
7439.jpg,Male
7440.jpg,Female
7441.jpg,Male
7442.jpg,Male
7443.jpg,Male
7444.jpg,Female
7445.jpg,Male
7446.jpg,Male
7447.jpg,Female
7448.jpg,Male
7449.jpg,Male
7450.jpg,Male
7451.jpg,Female
7452.jpg,Male
7453.jpg,Male
7454.jpg,Male
7455.jpg,Male
7456.jpg,Male
7457.jpg,Male
7458.jpg,Male
7459.jpg,Male
7460.jpg,Female
7461.jpg,Male
7462.jpg,Male
7463.jpg,Male
7464.jpg,Male
7465.jpg,Male
7466.jpg,Male
7467.jpg,Male
7468.jpg,Male
7469.jpg,Female
7470.jpg,Male
7471.jpg,Male
7472.jpg,Female
7473.jpg,Male
7474.jpg,Female
7475.jpg,Female
7476.jpg,Male
7477.jpg,Male
7478.jpg,Male
7479.jpg,Male
7480.jpg,Male
7481.jpg,Male
7482.jpg,Male
7483.jpg,Male
7484.jpg,Male
7485.jpg,Male
7486.jpg,Male
7487.jpg,Male
7488.jpg,Male
7489.jpg,Female
7490.jpg,Female
7491.jpg,Male
7492.jpg,Male
7493.jpg,Female
7494.jpg,Male
7495.jpg,Female
7496.jpg,Female
7497.jpg,Male
7498.jpg,Male
7499.jpg,Male
7500.jpg,Male
7501.jpg,Male
7502.jpg,Female
7503.jpg,Male
7504.jpg,Male
7505.jpg,Male
7506.jpg,Male
7507.jpg,Male
7508.jpg,Female
7509.jpg,Male
7510.jpg,Male
7511.jpg,Male
7512.jpg,Male
7513.jpg,Male
7514.jpg,Male
7515.jpg,Female
7516.jpg,Male
7517.jpg,Male
7518.jpg,Male
7519.jpg,Male
7520.jpg,Male
7521.jpg,Female
7522.jpg,Female
7523.jpg,Male
7524.jpg,Male
7525.jpg,Male
7526.jpg,Male
7527.jpg,Male
7528.jpg,Male
7529.jpg,Male
7530.jpg,Male
7531.jpg,Male
7532.jpg,Male
7533.jpg,Male
7534.jpg,Female
7535.jpg,Male
7536.jpg,Male
7537.jpg,Male
7538.jpg,Female
7539.jpg,Male
7540.jpg,Male
7541.jpg,Male
7542.jpg,Male
7543.jpg,Male
7544.jpg,Male
7545.jpg,Male
7546.jpg,Female
7547.jpg,Male
7548.jpg,Male
7549.jpg,Female
7550.jpg,Female
7551.jpg,Female
7552.jpg,Female
7553.jpg,Male
7554.jpg,Male
7555.jpg,Male
7556.jpg,Male
7557.jpg,Female
7558.jpg,Female
7559.jpg,Male
7560.jpg,Male
7561.jpg,Male
7562.jpg,Male
7563.jpg,Male
7564.jpg,Female
7565.jpg,Male
7566.jpg,Male
7567.jpg,Male
7568.jpg,Female
7569.jpg,Male
7570.jpg,Male
7571.jpg,Male
7572.jpg,Male
7573.jpg,Female
7574.jpg,Male
7575.jpg,Male
7576.jpg,Male
7577.jpg,Male
7578.jpg,Male
7579.jpg,Female
7580.jpg,Male
7581.jpg,Female
7582.jpg,Male
7583.jpg,Male
7584.jpg,Female
7585.jpg,Male
7586.jpg,Male
7587.jpg,Female
7588.jpg,Female
7589.jpg,Female
7590.jpg,Male
7591.jpg,Male
7592.jpg,Male
7593.jpg,Male
7594.jpg,Male
7595.jpg,Male
7596.jpg,Male
7597.jpg,Female
7598.jpg,Female
7599.jpg,Male
7600.jpg,Male
7601.jpg,Male
7602.jpg,Male
7603.jpg,Male
7604.jpg,Female
7605.jpg,Female
7606.jpg,Male
7607.jpg,Male
7608.jpg,Male
7609.jpg,Male
7610.jpg,Male
7611.jpg,Female
7612.jpg,Male
7613.jpg,Male
7614.jpg,Male
7615.jpg,Male
7616.jpg,Male
7617.jpg,Male
7618.jpg,Male
7619.jpg,Female
7620.jpg,Female
7621.jpg,Female
7622.jpg,Male
7623.jpg,Female
7624.jpg,Male
7625.jpg,Female
7626.jpg,Male
7627.jpg,Male
7628.jpg,Male
7629.jpg,Male
7630.jpg,Male
7631.jpg,Male
7632.jpg,Male
7633.jpg,Male
7634.jpg,Male
7635.jpg,Male
7636.jpg,Female
7637.jpg,Female
7638.jpg,Female
7639.jpg,Male
7640.jpg,Female
7641.jpg,Male
7642.jpg,Male
7643.jpg,Male
7644.jpg,Female
7645.jpg,Male
7646.jpg,Male
7647.jpg,Male
7648.jpg,Male
7649.jpg,Male
7650.jpg,Male
7651.jpg,Male
7652.jpg,Female
7653.jpg,Male
7654.jpg,Female
7655.jpg,Male
7656.jpg,Male
7657.jpg,Male
7658.jpg,Male
7659.jpg,Male
7660.jpg,Male
7661.jpg,Male
7662.jpg,Male
7663.jpg,Male
7664.jpg,Male
7665.jpg,Male
7666.jpg,Male
7667.jpg,Male
7668.jpg,Male
7669.jpg,Male
7670.jpg,Male
7671.jpg,Male
7672.jpg,Male
7673.jpg,Female
7674.jpg,Male
7675.jpg,Male
7676.jpg,Male
7677.jpg,Male
7678.jpg,Male
7679.jpg,Female
7680.jpg,Male
7681.jpg,Male
7682.jpg,Male
7683.jpg,Male
7684.jpg,Male
7685.jpg,Male
7686.jpg,Male
7687.jpg,Male
7688.jpg,Female
7689.jpg,Female
7690.jpg,Male
7691.jpg,Female
7692.jpg,Male
7693.jpg,Male
7694.jpg,Male
7695.jpg,Male
7696.jpg,Male
7697.jpg,Female
7698.jpg,Male
7699.jpg,Female
7700.jpg,Male
7701.jpg,Male
7702.jpg,Male
7703.jpg,Male
7704.jpg,Male
7705.jpg,Male
7706.jpg,Female
7707.jpg,Male
7708.jpg,Female
7709.jpg,Male
7710.jpg,Male
7711.jpg,Female
7712.jpg,Male
7713.jpg,Male
7714.jpg,Male
7715.jpg,Female
7716.jpg,Male
7717.jpg,Female
7718.jpg,Male
7719.jpg,Male
7720.jpg,Male
7721.jpg,Female
7722.jpg,Female
7723.jpg,Male
7724.jpg,Male
7725.jpg,Male
7726.jpg,Female
7727.jpg,Male
7728.jpg,Female
7729.jpg,Male
7730.jpg,Male
7731.jpg,Male
7732.jpg,Male
7733.jpg,Male
7734.jpg,Female
7735.jpg,Male
7736.jpg,Female
7737.jpg,Male
7738.jpg,Male
7739.jpg,Male
7740.jpg,Female
7741.jpg,Female
7742.jpg,Male
7743.jpg,Female
7744.jpg,Female
7745.jpg,Female
7746.jpg,Male
7747.jpg,Male
7748.jpg,Male
7749.jpg,Male
7750.jpg,Female
7751.jpg,Male
7752.jpg,Female
7753.jpg,Male
7754.jpg,Male
7755.jpg,Male
7756.jpg,Male
7757.jpg,Female
7758.jpg,Male
7759.jpg,Male
7760.jpg,Male
7761.jpg,Male
7762.jpg,Female
7763.jpg,Male
7764.jpg,Male
7765.jpg,Female
7766.jpg,Male
7767.jpg,Male
7768.jpg,Male
7769.jpg,Male
7770.jpg,Male
7771.jpg,Male
7772.jpg,Male
7773.jpg,Male
7774.jpg,Female
7775.jpg,Male
7776.jpg,Male
7777.jpg,Female
7778.jpg,Male
7779.jpg,Male
7780.jpg,Female
7781.jpg,Female
7782.jpg,Male
7783.jpg,Male
7784.jpg,Male
7785.jpg,Male
7786.jpg,Female
7787.jpg,Male
7788.jpg,Male
7789.jpg,Male
7790.jpg,Male
7791.jpg,Male
7792.jpg,Male
7793.jpg,Female
7794.jpg,Male
7795.jpg,Male
7796.jpg,Male
7797.jpg,Male
7798.jpg,Male
7799.jpg,Female
7800.jpg,Male
7801.jpg,Male
7802.jpg,Male
7803.jpg,Male
7804.jpg,Male
7805.jpg,Female
7806.jpg,Male
7807.jpg,Male
7808.jpg,Male
7809.jpg,Male
7810.jpg,Male
7811.jpg,Female
7812.jpg,Female
7813.jpg,Male
7814.jpg,Male
7815.jpg,Male
7816.jpg,Female
7817.jpg,Male
7818.jpg,Male
7819.jpg,Male
7820.jpg,Male
7821.jpg,Male
7822.jpg,Male
7823.jpg,Male
7824.jpg,Female
7825.jpg,Male
7826.jpg,Male
7827.jpg,Male
7828.jpg,Male
7829.jpg,Female
7830.jpg,Male
7831.jpg,Female
7832.jpg,Male
7833.jpg,Male
7834.jpg,Female
7835.jpg,Male
7836.jpg,Male
7837.jpg,Male
7838.jpg,Male
7839.jpg,Male
7840.jpg,Male
7841.jpg,Male
7842.jpg,Male
7843.jpg,Female
7844.jpg,Male
7845.jpg,Male
7846.jpg,Male
7847.jpg,Male
7848.jpg,Male
7849.jpg,Male
7850.jpg,Male
7851.jpg,Male
7852.jpg,Male
7853.jpg,Male
7854.jpg,Male
7855.jpg,Male
7856.jpg,Male
7857.jpg,Male
7858.jpg,Female
7859.jpg,Male
7860.jpg,Male
7861.jpg,Female
7862.jpg,Male
7863.jpg,Male
7864.jpg,Male
7865.jpg,Female
7866.jpg,Male
7867.jpg,Male
7868.jpg,Male
7869.jpg,Male
7870.jpg,Male
7871.jpg,Male
7872.jpg,Male
7873.jpg,Male
7874.jpg,Male
7875.jpg,Female
7876.jpg,Male
7877.jpg,Male
7878.jpg,Female
7879.jpg,Male
7880.jpg,Male
7881.jpg,Male
7882.jpg,Male
7883.jpg,Male
7884.jpg,Male
7885.jpg,Male
7886.jpg,Male
7887.jpg,Female
7888.jpg,Male
7889.jpg,Male
7890.jpg,Male
7891.jpg,Male
7892.jpg,Female
7893.jpg,Male
7894.jpg,Female
7895.jpg,Female
7896.jpg,Male
7897.jpg,Male
7898.jpg,Male
7899.jpg,Male
7900.jpg,Female
7901.jpg,Male
7902.jpg,Male
7903.jpg,Male
7904.jpg,Male
7905.jpg,Male
7906.jpg,Male
7907.jpg,Male
7908.jpg,Male
7909.jpg,Male
7910.jpg,Male
7911.jpg,Male
7912.jpg,Female
7913.jpg,Male
7914.jpg,Male
7915.jpg,Male
7916.jpg,Male
7917.jpg,Male
7918.jpg,Male
7919.jpg,Male
7920.jpg,Male
7921.jpg,Male
7922.jpg,Male
7923.jpg,Male
7924.jpg,Male
7925.jpg,Male
7926.jpg,Female
7927.jpg,Male
7928.jpg,Male
7929.jpg,Male
7930.jpg,Male
7931.jpg,Male
7932.jpg,Female
7933.jpg,Male
7934.jpg,Male
7935.jpg,Male
7936.jpg,Male
7937.jpg,Male
7938.jpg,Male
7939.jpg,Male
7940.jpg,Female
7941.jpg,Male
7942.jpg,Female
7943.jpg,Male
7944.jpg,Male
7945.jpg,Female
7946.jpg,Female
7947.jpg,Male
7948.jpg,Male
7949.jpg,Female
7950.jpg,Male
7951.jpg,Male
7952.jpg,Female
7953.jpg,Male
7954.jpg,Male
7955.jpg,Male
7956.jpg,Male
7957.jpg,Male
7958.jpg,Male
7959.jpg,Male
7960.jpg,Female
7961.jpg,Male
7962.jpg,Female
7963.jpg,Male
7964.jpg,Male
7965.jpg,Male
7966.jpg,Male
7967.jpg,Male
7968.jpg,Male
7969.jpg,Male
7970.jpg,Male
7971.jpg,Male
7972.jpg,Male
7973.jpg,Female
7974.jpg,Male
7975.jpg,Female
7976.jpg,Female
7977.jpg,Male
7978.jpg,Male
7979.jpg,Male
7980.jpg,Male
7981.jpg,Male
7982.jpg,Male
7983.jpg,Male
7984.jpg,Male
7985.jpg,Male
7986.jpg,Male
7987.jpg,Female
7988.jpg,Female
7989.jpg,Female
7990.jpg,Female
7991.jpg,Female
7992.jpg,Male
7993.jpg,Male
7994.jpg,Female
7995.jpg,Male
7996.jpg,Male
7997.jpg,Male
7998.jpg,Male
7999.jpg,Male
8000.jpg,Female
8001.jpg,Male
8002.jpg,Female
8003.jpg,Male
8004.jpg,Male
8005.jpg,Male
8006.jpg,Female
8007.jpg,Female
8008.jpg,Male
8009.jpg,Male
8010.jpg,Male
8011.jpg,Male
8012.jpg,Male
8013.jpg,Male
8014.jpg,Male
8015.jpg,Male
8016.jpg,Male
8017.jpg,Male
8018.jpg,Male
8019.jpg,Male
8020.jpg,Female
8021.jpg,Male
8022.jpg,Female
8023.jpg,Male
8024.jpg,Male
8025.jpg,Female
8026.jpg,Female
8027.jpg,Male
8028.jpg,Male
8029.jpg,Male
8030.jpg,Male
8031.jpg,Male
8032.jpg,Male
8033.jpg,Male
8034.jpg,Male
8035.jpg,Male
8036.jpg,Female
8037.jpg,Male
8038.jpg,Female
8039.jpg,Male
8040.jpg,Male
8041.jpg,Male
8042.jpg,Male
8043.jpg,Female
8044.jpg,Male
8045.jpg,Male
8046.jpg,Male
8047.jpg,Male
8048.jpg,Male
8049.jpg,Male
8050.jpg,Male
8051.jpg,Male
8052.jpg,Male
8053.jpg,Male
8054.jpg,Male
8055.jpg,Male
8056.jpg,Male
8057.jpg,Male
8058.jpg,Male
8059.jpg,Male
8060.jpg,Female
8061.jpg,Male
8062.jpg,Male
8063.jpg,Male
8064.jpg,Male
8065.jpg,Male
8066.jpg,Female
8067.jpg,Male
8068.jpg,Male
8069.jpg,Male
8070.jpg,Male
8071.jpg,Male
8072.jpg,Female
8073.jpg,Male
8074.jpg,Male
8075.jpg,Male
8076.jpg,Male
8077.jpg,Female
8078.jpg,Male
8079.jpg,Male
8080.jpg,Male
8081.jpg,Male
8082.jpg,Male
8083.jpg,Female
8084.jpg,Male
8085.jpg,Male
8086.jpg,Male
8087.jpg,Male
8088.jpg,Male
8089.jpg,Male
8090.jpg,Female
8091.jpg,Male
8092.jpg,Male
8093.jpg,Male
8094.jpg,Male
8095.jpg,Male
8096.jpg,Male
8097.jpg,Male
8098.jpg,Male
8099.jpg,Male
8100.jpg,Male
8101.jpg,Female
8102.jpg,Male
8103.jpg,Male
8104.jpg,Male
8105.jpg,Male
8106.jpg,Male
8107.jpg,Male
8108.jpg,Male
8109.jpg,Male
8110.jpg,Male
8111.jpg,Male
8112.jpg,Male
8113.jpg,Female
8114.jpg,Male
8115.jpg,Female
8116.jpg,Male
8117.jpg,Female
8118.jpg,Female
8119.jpg,Male
8120.jpg,Male
8121.jpg,Female
8122.jpg,Male
8123.jpg,Female
8124.jpg,Male
8125.jpg,Female
8126.jpg,Male
8127.jpg,Male
8128.jpg,Male
8129.jpg,Male
8130.jpg,Male
8131.jpg,Female
8132.jpg,Male
8133.jpg,Male
8134.jpg,Male
8135.jpg,Male
8136.jpg,Male
8137.jpg,Female
8138.jpg,Female
8139.jpg,Male
8140.jpg,Male
8141.jpg,Male
8142.jpg,Male
8143.jpg,Female
8144.jpg,Male
8145.jpg,Male
8146.jpg,Male
8147.jpg,Male
8148.jpg,Male
8149.jpg,Male
8150.jpg,Male
8151.jpg,Female
8152.jpg,Male
8153.jpg,Male
8154.jpg,Male
8155.jpg,Male
8156.jpg,Male
8157.jpg,Male
8158.jpg,Female
8159.jpg,Female
8160.jpg,Male
8161.jpg,Male
8162.jpg,Male
8163.jpg,Male
8164.jpg,Female
8165.jpg,Male
8166.jpg,Female
8167.jpg,Female
8168.jpg,Female
8169.jpg,Male
8170.jpg,Male
8171.jpg,Male
8172.jpg,Male
8173.jpg,Male
8174.jpg,Male
8175.jpg,Male
8176.jpg,Male
8177.jpg,Male
8178.jpg,Male
8179.jpg,Female
8180.jpg,Male
8181.jpg,Male
8182.jpg,Male
8183.jpg,Male
8184.jpg,Male
8185.jpg,Male
8186.jpg,Female
8187.jpg,Male
8188.jpg,Male
8189.jpg,Female
8190.jpg,Female
8191.jpg,Male
8192.jpg,Female
8193.jpg,Female
8194.jpg,Male
8195.jpg,Male
8196.jpg,Female
8197.jpg,Female
8198.jpg,Male
8199.jpg,Male
8200.jpg,Male
8201.jpg,Male
8202.jpg,Male
8203.jpg,Male
8204.jpg,Female
8205.jpg,Male
8206.jpg,Female
8207.jpg,Male
8208.jpg,Female
8209.jpg,Male
8210.jpg,Male
8211.jpg,Male
8212.jpg,Male
8213.jpg,Male
8214.jpg,Male
8215.jpg,Male
8216.jpg,Male
8217.jpg,Male
8218.jpg,Male
8219.jpg,Male
8220.jpg,Male
8221.jpg,Male
8222.jpg,Male
8223.jpg,Male
8224.jpg,Male
8225.jpg,Male
8226.jpg,Male
8227.jpg,Female
8228.jpg,Male
8229.jpg,Male
8230.jpg,Male
8231.jpg,Female
8232.jpg,Male
8233.jpg,Male
8234.jpg,Male
8235.jpg,Male
8236.jpg,Male
8237.jpg,Male
8238.jpg,Male
8239.jpg,Female
8240.jpg,Male
8241.jpg,Male
8242.jpg,Male
8243.jpg,Male
8244.jpg,Male
8245.jpg,Female
8246.jpg,Female
8247.jpg,Female
8248.jpg,Male
8249.jpg,Male
8250.jpg,Male
8251.jpg,Male
8252.jpg,Female
8253.jpg,Female
8254.jpg,Male
8255.jpg,Male
8256.jpg,Male
8257.jpg,Female
8258.jpg,Male
8259.jpg,Female
8260.jpg,Male
8261.jpg,Male
8262.jpg,Female
8263.jpg,Female
8264.jpg,Male
8265.jpg,Male
8266.jpg,Male
8267.jpg,Male
8268.jpg,Male
8269.jpg,Male
8270.jpg,Male
8271.jpg,Male
8272.jpg,Male
8273.jpg,Male
8274.jpg,Male
8275.jpg,Male
8276.jpg,Male
8277.jpg,Male
8278.jpg,Male
8279.jpg,Male
8280.jpg,Male
8281.jpg,Male
8282.jpg,Male
8283.jpg,Male
8284.jpg,Male
8285.jpg,Male
8286.jpg,Male
8287.jpg,Male
8288.jpg,Male
8289.jpg,Male
8290.jpg,Male
8291.jpg,Male
8292.jpg,Male
8293.jpg,Male
8294.jpg,Male
8295.jpg,Male
8296.jpg,Male
8297.jpg,Male
8298.jpg,Male
8299.jpg,Male
8300.jpg,Male
8301.jpg,Male
8302.jpg,Male
8303.jpg,Female
8304.jpg,Male
8305.jpg,Female
8306.jpg,Female
8307.jpg,Male
8308.jpg,Male
8309.jpg,Female
8310.jpg,Male
8311.jpg,Male
8312.jpg,Male
8313.jpg,Male
8314.jpg,Female
8315.jpg,Male
8316.jpg,Male
8317.jpg,Male
8318.jpg,Female
8319.jpg,Male
8320.jpg,Male
8321.jpg,Male
8322.jpg,Male
8323.jpg,Male
8324.jpg,Male
8325.jpg,Female
8326.jpg,Male
8327.jpg,Male
8328.jpg,Female
8329.jpg,Female
8330.jpg,Male
8331.jpg,Male
8332.jpg,Male
8333.jpg,Male
8334.jpg,Male
8335.jpg,Male
8336.jpg,Male
8337.jpg,Male
8338.jpg,Male
8339.jpg,Male
8340.jpg,Male
8341.jpg,Male
8342.jpg,Female
8343.jpg,Female
8344.jpg,Female
8345.jpg,Male
8346.jpg,Male
8347.jpg,Male
8348.jpg,Male
8349.jpg,Male
8350.jpg,Male
8351.jpg,Male
8352.jpg,Male
8353.jpg,Male
8354.jpg,Female
8355.jpg,Male
8356.jpg,Male
8357.jpg,Male
8358.jpg,Male
8359.jpg,Male
8360.jpg,Female
8361.jpg,Male
8362.jpg,Male
8363.jpg,Male
8364.jpg,Male
8365.jpg,Male
8366.jpg,Male
8367.jpg,Male
8368.jpg,Male
8369.jpg,Male
8370.jpg,Male
8371.jpg,Male
8372.jpg,Male
8373.jpg,Male
8374.jpg,Female
8375.jpg,Female
8376.jpg,Male
8377.jpg,Male
8378.jpg,Male
8379.jpg,Male
8380.jpg,Male
8381.jpg,Male
8382.jpg,Male
8383.jpg,Male
8384.jpg,Male
8385.jpg,Male
8386.jpg,Female
8387.jpg,Male
8388.jpg,Male
8389.jpg,Female
8390.jpg,Female
8391.jpg,Male
8392.jpg,Male
8393.jpg,Male
8394.jpg,Male
8395.jpg,Male
8396.jpg,Male
8397.jpg,Female
8398.jpg,Male
8399.jpg,Female
8400.jpg,Male
8401.jpg,Female
8402.jpg,Male
8403.jpg,Male
8404.jpg,Male
8405.jpg,Male
8406.jpg,Male
8407.jpg,Male
8408.jpg,Male
8409.jpg,Male
8410.jpg,Male
8411.jpg,Male
8412.jpg,Male
8413.jpg,Male
8414.jpg,Male
8415.jpg,Female
8416.jpg,Male
8417.jpg,Male
8418.jpg,Female
8419.jpg,Male
8420.jpg,Male
8421.jpg,Male
8422.jpg,Male
8423.jpg,Male
8424.jpg,Female
8425.jpg,Female
8426.jpg,Male
8427.jpg,Male
8428.jpg,Male
8429.jpg,Male
8430.jpg,Female
8431.jpg,Male
8432.jpg,Female
8433.jpg,Female
8434.jpg,Male
8435.jpg,Male
8436.jpg,Female
8437.jpg,Female
8438.jpg,Male
8439.jpg,Male
8440.jpg,Male
8441.jpg,Male
8442.jpg,Female
8443.jpg,Male
8444.jpg,Male
8445.jpg,Female
8446.jpg,Male
8447.jpg,Male
8448.jpg,Male
8449.jpg,Male
8450.jpg,Female
8451.jpg,Female
8452.jpg,Male
8453.jpg,Female
8454.jpg,Male
8455.jpg,Female
8456.jpg,Female
8457.jpg,Male
8458.jpg,Male
8459.jpg,Male
8460.jpg,Male
8461.jpg,Male
8462.jpg,Male
8463.jpg,Male
8464.jpg,Male
8465.jpg,Male
8466.jpg,Male
8467.jpg,Female
8468.jpg,Male
8469.jpg,Male
8470.jpg,Male
8471.jpg,Male
8472.jpg,Male
8473.jpg,Male
8474.jpg,Male
8475.jpg,Male
8476.jpg,Male
8477.jpg,Male
8478.jpg,Male
8479.jpg,Male
8480.jpg,Female
8481.jpg,Male
8482.jpg,Female
8483.jpg,Male
8484.jpg,Male
8485.jpg,Male
8486.jpg,Male
8487.jpg,Male
8488.jpg,Male
8489.jpg,Female
8490.jpg,Male
8491.jpg,Male
8492.jpg,Male
8493.jpg,Male
8494.jpg,Male
8495.jpg,Male
8496.jpg,Male
8497.jpg,Male
8498.jpg,Male
8499.jpg,Male
8500.jpg,Male
8501.jpg,Male
8502.jpg,Female
8503.jpg,Male
8504.jpg,Male
8505.jpg,Male
8506.jpg,Male
8507.jpg,Male
8508.jpg,Male
8509.jpg,Male
8510.jpg,Male
8511.jpg,Male
8512.jpg,Male
8513.jpg,Female
8514.jpg,Male
8515.jpg,Male
8516.jpg,Male
8517.jpg,Female
8518.jpg,Female
8519.jpg,Male
8520.jpg,Female
8521.jpg,Female
8522.jpg,Female
8523.jpg,Female
8524.jpg,Male
8525.jpg,Female
8526.jpg,Male
8527.jpg,Female
8528.jpg,Male
8529.jpg,Male
8530.jpg,Male
8531.jpg,Male
8532.jpg,Male
8533.jpg,Male
8534.jpg,Female
8535.jpg,Female
8536.jpg,Male
8537.jpg,Male
8538.jpg,Male
8539.jpg,Male
8540.jpg,Male
8541.jpg,Male
8542.jpg,Female
8543.jpg,Male
8544.jpg,Female
8545.jpg,Male
8546.jpg,Female
8547.jpg,Male
8548.jpg,Female
8549.jpg,Male
8550.jpg,Male
8551.jpg,Male
8552.jpg,Male
8553.jpg,Female
8554.jpg,Female
8555.jpg,Female
8556.jpg,Male
8557.jpg,Male
8558.jpg,Female
8559.jpg,Female
8560.jpg,Male
8561.jpg,Male
8562.jpg,Male
8563.jpg,Male
8564.jpg,Male
8565.jpg,Male
8566.jpg,Male
8567.jpg,Male
8568.jpg,Male
8569.jpg,Male
8570.jpg,Male
8571.jpg,Male
8572.jpg,Male
8573.jpg,Male
8574.jpg,Male
8575.jpg,Male
8576.jpg,Male
8577.jpg,Female
8578.jpg,Male
8579.jpg,Female
8580.jpg,Male
8581.jpg,Male
8582.jpg,Male
8583.jpg,Male
8584.jpg,Male
8585.jpg,Male
8586.jpg,Male
8587.jpg,Male
8588.jpg,Male
8589.jpg,Female
8590.jpg,Male
8591.jpg,Male
8592.jpg,Male
8593.jpg,Male
8594.jpg,Male
8595.jpg,Male
8596.jpg,Male
8597.jpg,Male
8598.jpg,Male
8599.jpg,Male
8600.jpg,Male
8601.jpg,Male
8602.jpg,Male
8603.jpg,Male
8604.jpg,Male
8605.jpg,Male
8606.jpg,Male
8607.jpg,Male
8608.jpg,Male
8609.jpg,Male
8610.jpg,Male
8611.jpg,Male
8612.jpg,Male
8613.jpg,Male
8614.jpg,Female
8615.jpg,Male
8616.jpg,Female
8617.jpg,Male
8618.jpg,Male
8619.jpg,Male
8620.jpg,Male
8621.jpg,Male
8622.jpg,Male
8623.jpg,Female
8624.jpg,Male
8625.jpg,Male
8626.jpg,Male
8627.jpg,Female
8628.jpg,Male
8629.jpg,Male
8630.jpg,Male
8631.jpg,Male
8632.jpg,Female
8633.jpg,Female
8634.jpg,Female
8635.jpg,Male
8636.jpg,Male
8637.jpg,Male
8638.jpg,Male
8639.jpg,Female
8640.jpg,Male
8641.jpg,Female
8642.jpg,Female
8643.jpg,Male
8644.jpg,Male
8645.jpg,Female
8646.jpg,Male
8647.jpg,Female
8648.jpg,Female
8649.jpg,Male
8650.jpg,Male
8651.jpg,Male
8652.jpg,Male
8653.jpg,Male
8654.jpg,Male
8655.jpg,Female
8656.jpg,Male
8657.jpg,Male
8658.jpg,Female
8659.jpg,Male
8660.jpg,Female
8661.jpg,Male
8662.jpg,Male
8663.jpg,Male
8664.jpg,Male
8665.jpg,Female
8666.jpg,Male
8667.jpg,Male
8668.jpg,Male
8669.jpg,Male
8670.jpg,Female
8671.jpg,Male
8672.jpg,Male
8673.jpg,Male
8674.jpg,Male
8675.jpg,Male
8676.jpg,Female
8677.jpg,Male
8678.jpg,Male
8679.jpg,Male
8680.jpg,Male
8681.jpg,Female
8682.jpg,Male
8683.jpg,Male
8684.jpg,Male
8685.jpg,Female
8686.jpg,Male
8687.jpg,Male
8688.jpg,Female
8689.jpg,Male
8690.jpg,Male
8691.jpg,Male
8692.jpg,Male
8693.jpg,Male
8694.jpg,Male
8695.jpg,Male
8696.jpg,Male
8697.jpg,Male
8698.jpg,Male
8699.jpg,Female
8700.jpg,Male
8701.jpg,Female
8702.jpg,Male
8703.jpg,Male
8704.jpg,Male
8705.jpg,Male
8706.jpg,Male
8707.jpg,Male
8708.jpg,Female
8709.jpg,Male
8710.jpg,Female
8711.jpg,Male
8712.jpg,Female
8713.jpg,Male
8714.jpg,Male
8715.jpg,Male
8716.jpg,Female
8717.jpg,Male
8718.jpg,Male
8719.jpg,Male
8720.jpg,Male
8721.jpg,Male
8722.jpg,Male
8723.jpg,Male
8724.jpg,Male
8725.jpg,Male
8726.jpg,Male
8727.jpg,Male
8728.jpg,Male
8729.jpg,Male
8730.jpg,Male
8731.jpg,Male
8732.jpg,Female
8733.jpg,Female
8734.jpg,Male
8735.jpg,Male
8736.jpg,Female
8737.jpg,Male
8738.jpg,Female
8739.jpg,Male
8740.jpg,Male
8741.jpg,Male
8742.jpg,Female
8743.jpg,Male
8744.jpg,Female
8745.jpg,Male
8746.jpg,Male
8747.jpg,Male
8748.jpg,Female
8749.jpg,Male
8750.jpg,Male
8751.jpg,Female
8752.jpg,Male
8753.jpg,Male
8754.jpg,Male
8755.jpg,Male
8756.jpg,Male
8757.jpg,Male
8758.jpg,Male
8759.jpg,Male
8760.jpg,Male
8761.jpg,Male
8762.jpg,Female
8763.jpg,Male
8764.jpg,Female
8765.jpg,Male
8766.jpg,Male
8767.jpg,Male
8768.jpg,Male
8769.jpg,Male
8770.jpg,Male
8771.jpg,Male
8772.jpg,Male
8773.jpg,Male
8774.jpg,Female
8775.jpg,Male
8776.jpg,Male
8777.jpg,Male
8778.jpg,Male
8779.jpg,Male
8780.jpg,Male
8781.jpg,Female
8782.jpg,Male
8783.jpg,Male
8784.jpg,Male
8785.jpg,Male
8786.jpg,Male
8787.jpg,Male
8788.jpg,Male
8789.jpg,Male
8790.jpg,Male
8791.jpg,Male
8792.jpg,Male
8793.jpg,Male
8794.jpg,Male
8795.jpg,Female
8796.jpg,Male
8797.jpg,Male
8798.jpg,Male
8799.jpg,Male
8800.jpg,Male
8801.jpg,Male
8802.jpg,Male
8803.jpg,Female
8804.jpg,Male
8805.jpg,Female
8806.jpg,Male
8807.jpg,Male
8808.jpg,Male
8809.jpg,Male
8810.jpg,Male
8811.jpg,Male
8812.jpg,Female
8813.jpg,Male
8814.jpg,Male
8815.jpg,Female
8816.jpg,Male
8817.jpg,Male
8818.jpg,Male
8819.jpg,Male
8820.jpg,Male
8821.jpg,Male
8822.jpg,Male
8823.jpg,Male
8824.jpg,Male
8825.jpg,Male
8826.jpg,Male
8827.jpg,Male
8828.jpg,Male
8829.jpg,Male
8830.jpg,Male
8831.jpg,Male
8832.jpg,Male
8833.jpg,Male
8834.jpg,Female
8835.jpg,Male
8836.jpg,Male
8837.jpg,Male
8838.jpg,Female
8839.jpg,Male
8840.jpg,Male
8841.jpg,Male
8842.jpg,Male
8843.jpg,Male
8844.jpg,Male
8845.jpg,Male
8846.jpg,Male
8847.jpg,Male
8848.jpg,Male
8849.jpg,Male
8850.jpg,Male
8851.jpg,Male
8852.jpg,Male
8853.jpg,Male
8854.jpg,Male
8855.jpg,Male
8856.jpg,Male
8857.jpg,Male
8858.jpg,Male
8859.jpg,Male
8860.jpg,Female
8861.jpg,Female
8862.jpg,Male
8863.jpg,Male
8864.jpg,Female
8865.jpg,Female
8866.jpg,Male
8867.jpg,Male
8868.jpg,Female
8869.jpg,Male
8870.jpg,Male
8871.jpg,Male
8872.jpg,Male
8873.jpg,Male
8874.jpg,Female
8875.jpg,Male
8876.jpg,Female
8877.jpg,Male
8878.jpg,Male
8879.jpg,Male
8880.jpg,Female
8881.jpg,Female
8882.jpg,Male
8883.jpg,Male
8884.jpg,Male
8885.jpg,Male
8886.jpg,Male
8887.jpg,Male
8888.jpg,Male
8889.jpg,Male
8890.jpg,Female
8891.jpg,Female
8892.jpg,Male
8893.jpg,Female
8894.jpg,Male
8895.jpg,Male
8896.jpg,Male
8897.jpg,Female
8898.jpg,Male
8899.jpg,Male
8900.jpg,Male
8901.jpg,Male
8902.jpg,Male
8903.jpg,Female
8904.jpg,Female
8905.jpg,Male
8906.jpg,Male
8907.jpg,Female
8908.jpg,Male
8909.jpg,Male
8910.jpg,Male
8911.jpg,Male
8912.jpg,Female
8913.jpg,Male
8914.jpg,Male
8915.jpg,Female
8916.jpg,Female
8917.jpg,Female
8918.jpg,Female
8919.jpg,Male
8920.jpg,Male
8921.jpg,Female
8922.jpg,Female
8923.jpg,Male
8924.jpg,Male
8925.jpg,Male
8926.jpg,Female
8927.jpg,Male
8928.jpg,Male
8929.jpg,Male
8930.jpg,Male
8931.jpg,Male
8932.jpg,Male
8933.jpg,Male
8934.jpg,Male
8935.jpg,Male
8936.jpg,Male
8937.jpg,Female
8938.jpg,Male
8939.jpg,Male
8940.jpg,Male
8941.jpg,Male
8942.jpg,Male
8943.jpg,Female
8944.jpg,Male
8945.jpg,Female
8946.jpg,Male
8947.jpg,Male
8948.jpg,Male
8949.jpg,Male
8950.jpg,Male
8951.jpg,Male
8952.jpg,Male
8953.jpg,Male
8954.jpg,Male
8955.jpg,Female
8956.jpg,Male
8957.jpg,Male
8958.jpg,Male
8959.jpg,Male
8960.jpg,Male
8961.jpg,Female
8962.jpg,Male
8963.jpg,Female
8964.jpg,Male
8965.jpg,Female
8966.jpg,Female
8967.jpg,Male
8968.jpg,Female
8969.jpg,Male
8970.jpg,Female
8971.jpg,Male
8972.jpg,Male
8973.jpg,Male
8974.jpg,Male
8975.jpg,Female
8976.jpg,Male
8977.jpg,Female
8978.jpg,Male
8979.jpg,Male
8980.jpg,Male
8981.jpg,Male
8982.jpg,Female
8983.jpg,Male
8984.jpg,Male
8985.jpg,Female
8986.jpg,Male
8987.jpg,Female
8988.jpg,Male
8989.jpg,Male
8990.jpg,Male
8991.jpg,Male
8992.jpg,Male
8993.jpg,Male
8994.jpg,Male
8995.jpg,Male
8996.jpg,Male
8997.jpg,Male
8998.jpg,Male
8999.jpg,Female
9000.jpg,Male
9001.jpg,Female
9002.jpg,Male
9003.jpg,Male
9004.jpg,Male
9005.jpg,Male
9006.jpg,Male
9007.jpg,Female
9008.jpg,Male
9009.jpg,Male
9010.jpg,Female
9011.jpg,Male
9012.jpg,Male
9013.jpg,Male
9014.jpg,Male
9015.jpg,Female
9016.jpg,Female
9017.jpg,Male
9018.jpg,Female
9019.jpg,Male
9020.jpg,Male
9021.jpg,Male
9022.jpg,Female
9023.jpg,Male
9024.jpg,Male
9025.jpg,Male
9026.jpg,Female
9027.jpg,Male
9028.jpg,Male
9029.jpg,Female
9030.jpg,Male
9031.jpg,Male
9032.jpg,Male
9033.jpg,Male
9034.jpg,Male
9035.jpg,Male
9036.jpg,Male
9037.jpg,Male
9038.jpg,Male
9039.jpg,Male
9040.jpg,Male
9041.jpg,Male
9042.jpg,Male
9043.jpg,Female
9044.jpg,Male
9045.jpg,Male
9046.jpg,Male
9047.jpg,Male
9048.jpg,Male
9049.jpg,Male
9050.jpg,Female
9051.jpg,Male
9052.jpg,Female
9053.jpg,Male
9054.jpg,Male
9055.jpg,Male
9056.jpg,Male
9057.jpg,Male
9058.jpg,Male
9059.jpg,Male
9060.jpg,Female
9061.jpg,Female
9062.jpg,Male
9063.jpg,Male
9064.jpg,Female
9065.jpg,Male
9066.jpg,Male
9067.jpg,Male
9068.jpg,Male
9069.jpg,Female
9070.jpg,Male
9071.jpg,Male
9072.jpg,Female
9073.jpg,Male
9074.jpg,Male
9075.jpg,Female
9076.jpg,Male
9077.jpg,Male
9078.jpg,Female
9079.jpg,Male
9080.jpg,Female
9081.jpg,Male
9082.jpg,Male
9083.jpg,Male
9084.jpg,Male
9085.jpg,Male
9086.jpg,Male
9087.jpg,Male
9088.jpg,Male
9089.jpg,Male
9090.jpg,Male
9091.jpg,Male
9092.jpg,Male
9093.jpg,Female
9094.jpg,Male
9095.jpg,Male
9096.jpg,Male
9097.jpg,Male
9098.jpg,Male
9099.jpg,Male
9100.jpg,Male
9101.jpg,Male
9102.jpg,Male
9103.jpg,Female
9104.jpg,Male
9105.jpg,Male
9106.jpg,Male
9107.jpg,Female
9108.jpg,Male
9109.jpg,Male
9110.jpg,Male
9111.jpg,Male
9112.jpg,Male
9113.jpg,Male
9114.jpg,Male
9115.jpg,Female
9116.jpg,Male
9117.jpg,Male
9118.jpg,Female
9119.jpg,Male
9120.jpg,Male
9121.jpg,Male
9122.jpg,Male
9123.jpg,Male
9124.jpg,Male
9125.jpg,Male
9126.jpg,Male
9127.jpg,Male
9128.jpg,Male
9129.jpg,Male
9130.jpg,Female
9131.jpg,Female
9132.jpg,Male
9133.jpg,Male
9134.jpg,Male
9135.jpg,Male
9136.jpg,Male
9137.jpg,Female
9138.jpg,Male
9139.jpg,Male
9140.jpg,Male
9141.jpg,Male
9142.jpg,Male
9143.jpg,Male
9144.jpg,Female
9145.jpg,Male
9146.jpg,Male
9147.jpg,Male
9148.jpg,Female
9149.jpg,Male
9150.jpg,Male
9151.jpg,Male
9152.jpg,Female
9153.jpg,Female
9154.jpg,Male
9155.jpg,Male
9156.jpg,Male
9157.jpg,Female
9158.jpg,Male
9159.jpg,Male
9160.jpg,Male
9161.jpg,Male
9162.jpg,Male
9163.jpg,Female
9164.jpg,Male
9165.jpg,Male
9166.jpg,Male
9167.jpg,Male
9168.jpg,Male
9169.jpg,Male
9170.jpg,Male
9171.jpg,Male
9172.jpg,Male
9173.jpg,Female
9174.jpg,Male
9175.jpg,Male
9176.jpg,Male
9177.jpg,Male
9178.jpg,Female
9179.jpg,Female
9180.jpg,Male
9181.jpg,Male
9182.jpg,Male
9183.jpg,Male
9184.jpg,Male
9185.jpg,Male
9186.jpg,Male
9187.jpg,Male
9188.jpg,Male
9189.jpg,Male
9190.jpg,Male
9191.jpg,Female
9192.jpg,Female
9193.jpg,Male
9194.jpg,Male
9195.jpg,Male
9196.jpg,Male
9197.jpg,Male
9198.jpg,Female
9199.jpg,Male
9200.jpg,Female
9201.jpg,Female
9202.jpg,Male
9203.jpg,Male
9204.jpg,Male
9205.jpg,Male
9206.jpg,Male
9207.jpg,Male
9208.jpg,Male
9209.jpg,Male
9210.jpg,Male
9211.jpg,Male
9212.jpg,Female
9213.jpg,Male
9214.jpg,Male
9215.jpg,Male
9216.jpg,Male
9217.jpg,Male
9218.jpg,Male
9219.jpg,Female
9220.jpg,Male
9221.jpg,Male
9222.jpg,Male
9223.jpg,Female
9224.jpg,Male
9225.jpg,Male
9226.jpg,Female
9227.jpg,Male
9228.jpg,Male
9229.jpg,Female
9230.jpg,Male
9231.jpg,Male
9232.jpg,Female
9233.jpg,Male
9234.jpg,Male
9235.jpg,Male
9236.jpg,Male
9237.jpg,Male
9238.jpg,Male
9239.jpg,Male
9240.jpg,Male
9241.jpg,Male
9242.jpg,Male
9243.jpg,Female
9244.jpg,Male
9245.jpg,Male
9246.jpg,Male
9247.jpg,Male
9248.jpg,Male
9249.jpg,Male
9250.jpg,Male
9251.jpg,Male
9252.jpg,Male
9253.jpg,Male
9254.jpg,Female
9255.jpg,Male
9256.jpg,Male
9257.jpg,Male
9258.jpg,Male
9259.jpg,Male
9260.jpg,Male
9261.jpg,Male
9262.jpg,Male
9263.jpg,Male
9264.jpg,Female
9265.jpg,Male
9266.jpg,Male
9267.jpg,Male
9268.jpg,Male
9269.jpg,Male
9270.jpg,Male
9271.jpg,Male
9272.jpg,Male
9273.jpg,Male
9274.jpg,Male
9275.jpg,Male
9276.jpg,Male
9277.jpg,Male
9278.jpg,Female
9279.jpg,Male
9280.jpg,Male
9281.jpg,Male
9282.jpg,Male
9283.jpg,Female
9284.jpg,Male
9285.jpg,Male
9286.jpg,Male
9287.jpg,Female
9288.jpg,Male
9289.jpg,Male
9290.jpg,Male
9291.jpg,Male
9292.jpg,Male
9293.jpg,Male
9294.jpg,Male
9295.jpg,Male
9296.jpg,Male
9297.jpg,Male
9298.jpg,Male
9299.jpg,Female
9300.jpg,Male
9301.jpg,Male
9302.jpg,Male
9303.jpg,Male
9304.jpg,Male
9305.jpg,Male
9306.jpg,Male
9307.jpg,Male
9308.jpg,Female
9309.jpg,Male
9310.jpg,Male
9311.jpg,Female
9312.jpg,Male
9313.jpg,Male
9314.jpg,Male
9315.jpg,Female
9316.jpg,Male
9317.jpg,Male
9318.jpg,Male
9319.jpg,Female
9320.jpg,Male
9321.jpg,Female
9322.jpg,Male
9323.jpg,Male
9324.jpg,Male
9325.jpg,Male
9326.jpg,Male
9327.jpg,Male
9328.jpg,Male
9329.jpg,Male
9330.jpg,Female
9331.jpg,Male
9332.jpg,Male
9333.jpg,Female
9334.jpg,Male
9335.jpg,Male
9336.jpg,Male
9337.jpg,Female
9338.jpg,Male
9339.jpg,Male
9340.jpg,Male
9341.jpg,Male
9342.jpg,Male
9343.jpg,Male
9344.jpg,Female
9345.jpg,Male
9346.jpg,Male
9347.jpg,Male
9348.jpg,Male
9349.jpg,Male
9350.jpg,Male
9351.jpg,Male
9352.jpg,Male
9353.jpg,Male
9354.jpg,Male
9355.jpg,Female
9356.jpg,Male
9357.jpg,Male
9358.jpg,Male
9359.jpg,Male
9360.jpg,Female
9361.jpg,Female
9362.jpg,Male
9363.jpg,Male
9364.jpg,Male
9365.jpg,Male
9366.jpg,Male
9367.jpg,Male
9368.jpg,Male
9369.jpg,Male
9370.jpg,Male
9371.jpg,Male
9372.jpg,Male
9373.jpg,Female
9374.jpg,Male
9375.jpg,Male
9376.jpg,Female
9377.jpg,Male
9378.jpg,Male
9379.jpg,Female
9380.jpg,Male
9381.jpg,Male
9382.jpg,Female
9383.jpg,Female
9384.jpg,Male
9385.jpg,Male
9386.jpg,Male
9387.jpg,Male
9388.jpg,Female
9389.jpg,Male
9390.jpg,Male
9391.jpg,Male
9392.jpg,Female
9393.jpg,Male
9394.jpg,Female
9395.jpg,Male
9396.jpg,Male
9397.jpg,Female
9398.jpg,Female
9399.jpg,Male
9400.jpg,Male
9401.jpg,Female
9402.jpg,Male
9403.jpg,Male
9404.jpg,Male
9405.jpg,Male
9406.jpg,Male
9407.jpg,Male
9408.jpg,Male
9409.jpg,Female
9410.jpg,Female
9411.jpg,Male
9412.jpg,Male
9413.jpg,Male
9414.jpg,Male
9415.jpg,Male
9416.jpg,Male
9417.jpg,Male
9418.jpg,Male
9419.jpg,Male
9420.jpg,Male
9421.jpg,Male
9422.jpg,Female
9423.jpg,Male
9424.jpg,Male
9425.jpg,Male
9426.jpg,Male
9427.jpg,Female
9428.jpg,Female
9429.jpg,Male
9430.jpg,Male
9431.jpg,Male
9432.jpg,Male
9433.jpg,Male
9434.jpg,Male
9435.jpg,Male
9436.jpg,Female
9437.jpg,Female
9438.jpg,Male
9439.jpg,Male
9440.jpg,Male
9441.jpg,Male
9442.jpg,Female
9443.jpg,Male
9444.jpg,Male
9445.jpg,Male
9446.jpg,Male
9447.jpg,Female
9448.jpg,Male
9449.jpg,Male
9450.jpg,Male
9451.jpg,Male
9452.jpg,Female
9453.jpg,Male
9454.jpg,Male
9455.jpg,Male
9456.jpg,Male
9457.jpg,Male
9458.jpg,Male
9459.jpg,Female
9460.jpg,Male
9461.jpg,Male
9462.jpg,Male
9463.jpg,Male
9464.jpg,Male
9465.jpg,Male
9466.jpg,Female
9467.jpg,Male
9468.jpg,Male
9469.jpg,Male
9470.jpg,Male
9471.jpg,Male
9472.jpg,Male
9473.jpg,Male
9474.jpg,Male
9475.jpg,Male
9476.jpg,Male
9477.jpg,Male
9478.jpg,Female
9479.jpg,Male
9480.jpg,Male
9481.jpg,Male
9482.jpg,Male
9483.jpg,Female
9484.jpg,Male
9485.jpg,Male
9486.jpg,Male
9487.jpg,Male
9488.jpg,Male
9489.jpg,Male
9490.jpg,Male
9491.jpg,Male
9492.jpg,Male
9493.jpg,Male
9494.jpg,Male
9495.jpg,Male
9496.jpg,Male
9497.jpg,Male
9498.jpg,Male
9499.jpg,Female
9500.jpg,Male
9501.jpg,Male
9502.jpg,Male
9503.jpg,Male
9504.jpg,Male
9505.jpg,Male
9506.jpg,Male
9507.jpg,Male
9508.jpg,Male
9509.jpg,Male
9510.jpg,Male
9511.jpg,Male
9512.jpg,Male
9513.jpg,Female
9514.jpg,Male
9515.jpg,Male
9516.jpg,Male
9517.jpg,Male
9518.jpg,Male
9519.jpg,Male
9520.jpg,Female
9521.jpg,Male
9522.jpg,Male
9523.jpg,Female
9524.jpg,Male
9525.jpg,Male
9526.jpg,Female
9527.jpg,Male
9528.jpg,Female
9529.jpg,Female
9530.jpg,Male
9531.jpg,Male
9532.jpg,Male
9533.jpg,Male
9534.jpg,Male
9535.jpg,Male
9536.jpg,Male
9537.jpg,Male
9538.jpg,Male
9539.jpg,Female
9540.jpg,Female
9541.jpg,Female
9542.jpg,Female
9543.jpg,Male
9544.jpg,Male
9545.jpg,Male
9546.jpg,Male
9547.jpg,Female
9548.jpg,Male
9549.jpg,Male
9550.jpg,Female
9551.jpg,Male
9552.jpg,Male
9553.jpg,Male
9554.jpg,Male
9555.jpg,Male
9556.jpg,Female
9557.jpg,Male
9558.jpg,Female
9559.jpg,Male
9560.jpg,Male
9561.jpg,Male
9562.jpg,Male
9563.jpg,Male
9564.jpg,Female
9565.jpg,Female
9566.jpg,Female
9567.jpg,Male
9568.jpg,Female
9569.jpg,Female
9570.jpg,Female
9571.jpg,Male
9572.jpg,Male
9573.jpg,Male
9574.jpg,Male
9575.jpg,Female
9576.jpg,Male
9577.jpg,Male
9578.jpg,Male
9579.jpg,Male
9580.jpg,Female
9581.jpg,Male
9582.jpg,Female
9583.jpg,Male
9584.jpg,Male
9585.jpg,Male
9586.jpg,Male
9587.jpg,Female
9588.jpg,Male
9589.jpg,Male
9590.jpg,Male
9591.jpg,Female
9592.jpg,Male
9593.jpg,Female
9594.jpg,Female
9595.jpg,Male
9596.jpg,Male
9597.jpg,Female
9598.jpg,Male
9599.jpg,Male
9600.jpg,Male
9601.jpg,Male
9602.jpg,Male
9603.jpg,Male
9604.jpg,Male
9605.jpg,Male
9606.jpg,Male
9607.jpg,Female
9608.jpg,Male
9609.jpg,Female
9610.jpg,Male
9611.jpg,Female
9612.jpg,Female
9613.jpg,Male
9614.jpg,Male
9615.jpg,Male
9616.jpg,Male
9617.jpg,Male
9618.jpg,Female
9619.jpg,Male
9620.jpg,Male
9621.jpg,Male
9622.jpg,Male
9623.jpg,Male
9624.jpg,Male
9625.jpg,Male
9626.jpg,Male
9627.jpg,Male
9628.jpg,Male
9629.jpg,Male
9630.jpg,Male
9631.jpg,Male
9632.jpg,Male
9633.jpg,Male
9634.jpg,Male
9635.jpg,Male
9636.jpg,Male
9637.jpg,Female
9638.jpg,Male
9639.jpg,Male
9640.jpg,Male
9641.jpg,Male
9642.jpg,Male
9643.jpg,Male
9644.jpg,Female
9645.jpg,Male
9646.jpg,Male
9647.jpg,Male
9648.jpg,Male
9649.jpg,Male
9650.jpg,Male
9651.jpg,Male
9652.jpg,Male
9653.jpg,Male
9654.jpg,Male
9655.jpg,Male
9656.jpg,Female
9657.jpg,Male
9658.jpg,Male
9659.jpg,Female
9660.jpg,Male
9661.jpg,Female
9662.jpg,Male
9663.jpg,Male
9664.jpg,Male
9665.jpg,Female
9666.jpg,Male
9667.jpg,Male
9668.jpg,Male
9669.jpg,Male
9670.jpg,Male
9671.jpg,Male
9672.jpg,Male
9673.jpg,Male
9674.jpg,Male
9675.jpg,Male
9676.jpg,Male
9677.jpg,Female
9678.jpg,Male
9679.jpg,Male
9680.jpg,Male
9681.jpg,Male
9682.jpg,Male
9683.jpg,Female
9684.jpg,Male
9685.jpg,Male
9686.jpg,Male
9687.jpg,Male
9688.jpg,Female
9689.jpg,Male
9690.jpg,Male
9691.jpg,Male
9692.jpg,Male
9693.jpg,Male
9694.jpg,Male
9695.jpg,Male
9696.jpg,Male
9697.jpg,Male
9698.jpg,Male
9699.jpg,Female
9700.jpg,Male
9701.jpg,Male
9702.jpg,Male
9703.jpg,Male
9704.jpg,Male
9705.jpg,Male
9706.jpg,Male
9707.jpg,Male
9708.jpg,Male
9709.jpg,Female
9710.jpg,Male
9711.jpg,Male
9712.jpg,Male
9713.jpg,Female
9714.jpg,Male
9715.jpg,Male
9716.jpg,Male
9717.jpg,Female
9718.jpg,Male
9719.jpg,Male
9720.jpg,Male
9721.jpg,Male
9722.jpg,Male
9723.jpg,Male
9724.jpg,Female
9725.jpg,Female
9726.jpg,Male
9727.jpg,Male
9728.jpg,Male
9729.jpg,Female
9730.jpg,Male
9731.jpg,Female
9732.jpg,Female
9733.jpg,Male
9734.jpg,Male
9735.jpg,Male
9736.jpg,Male
9737.jpg,Female
9738.jpg,Male
9739.jpg,Female
9740.jpg,Male
9741.jpg,Female
9742.jpg,Female
9743.jpg,Male
9744.jpg,Male
9745.jpg,Male
9746.jpg,Female
9747.jpg,Female
9748.jpg,Male
9749.jpg,Male
9750.jpg,Male
9751.jpg,Female
9752.jpg,Female
9753.jpg,Male
9754.jpg,Female
9755.jpg,Male
9756.jpg,Male
9757.jpg,Male
9758.jpg,Female
9759.jpg,Male
9760.jpg,Female
9761.jpg,Male
9762.jpg,Male
9763.jpg,Male
9764.jpg,Male
9765.jpg,Female
9766.jpg,Female
9767.jpg,Male
9768.jpg,Male
9769.jpg,Male
9770.jpg,Male
9771.jpg,Male
9772.jpg,Male
9773.jpg,Female
9774.jpg,Male
9775.jpg,Male
9776.jpg,Female
9777.jpg,Male
9778.jpg,Female
9779.jpg,Male
9780.jpg,Female
9781.jpg,Male
9782.jpg,Male
9783.jpg,Female
9784.jpg,Male
9785.jpg,Male
9786.jpg,Male
9787.jpg,Male
9788.jpg,Male
9789.jpg,Male
9790.jpg,Male
9791.jpg,Male
9792.jpg,Female
9793.jpg,Male
9794.jpg,Male
9795.jpg,Male
9796.jpg,Male
9797.jpg,Male
9798.jpg,Female
9799.jpg,Male
9800.jpg,Female
9801.jpg,Male
9802.jpg,Male
9803.jpg,Female
9804.jpg,Female
9805.jpg,Male
9806.jpg,Male
9807.jpg,Male
9808.jpg,Male
9809.jpg,Male
9810.jpg,Male
9811.jpg,Male
9812.jpg,Female
9813.jpg,Male
9814.jpg,Male
9815.jpg,Female
9816.jpg,Male
9817.jpg,Male
9818.jpg,Male
9819.jpg,Female
9820.jpg,Male
9821.jpg,Female
9822.jpg,Male
9823.jpg,Male
9824.jpg,Female
9825.jpg,Male
9826.jpg,Male
9827.jpg,Female
9828.jpg,Female
9829.jpg,Male
9830.jpg,Male
9831.jpg,Male
9832.jpg,Male
9833.jpg,Male
9834.jpg,Male
9835.jpg,Female
9836.jpg,Male
9837.jpg,Female
9838.jpg,Male
9839.jpg,Female
9840.jpg,Male
9841.jpg,Male
9842.jpg,Male
9843.jpg,Male
9844.jpg,Male
9845.jpg,Male
9846.jpg,Female
9847.jpg,Male
9848.jpg,Female
9849.jpg,Male
9850.jpg,Male
9851.jpg,Male
9852.jpg,Male
9853.jpg,Male
9854.jpg,Male
9855.jpg,Male
9856.jpg,Male
9857.jpg,Male
9858.jpg,Male
9859.jpg,Male
9860.jpg,Male
9861.jpg,Male
9862.jpg,Female
9863.jpg,Male
9864.jpg,Male
9865.jpg,Female
9866.jpg,Female
9867.jpg,Male
9868.jpg,Male
9869.jpg,Male
9870.jpg,Female
9871.jpg,Male
9872.jpg,Male
9873.jpg,Male
9874.jpg,Male
9875.jpg,Female
9876.jpg,Male
9877.jpg,Male
9878.jpg,Male
9879.jpg,Female
9880.jpg,Male
9881.jpg,Female
9882.jpg,Male
9883.jpg,Female
9884.jpg,Male
9885.jpg,Male
9886.jpg,Male
9887.jpg,Female
9888.jpg,Male
9889.jpg,Male
9890.jpg,Male
9891.jpg,Female
9892.jpg,Male
9893.jpg,Female
9894.jpg,Female
9895.jpg,Male
9896.jpg,Male
9897.jpg,Male
9898.jpg,Male
9899.jpg,Male
9900.jpg,Male
9901.jpg,Male
9902.jpg,Male
9903.jpg,Male
9904.jpg,Male
9905.jpg,Male
9906.jpg,Male
9907.jpg,Male
9908.jpg,Male
9909.jpg,Male
9910.jpg,Male
9911.jpg,Male
9912.jpg,Male
9913.jpg,Male
9914.jpg,Female
9915.jpg,Male
9916.jpg,Male
9917.jpg,Male
9918.jpg,Female
9919.jpg,Female
9920.jpg,Male
9921.jpg,Male
9922.jpg,Female
9923.jpg,Female
9924.jpg,Female
9925.jpg,Male
9926.jpg,Male
9927.jpg,Male
9928.jpg,Female
9929.jpg,Male
9930.jpg,Female
9931.jpg,Female
9932.jpg,Male
9933.jpg,Male
9934.jpg,Male
9935.jpg,Male
9936.jpg,Male
9937.jpg,Male
9938.jpg,Male
9939.jpg,Male
9940.jpg,Male
9941.jpg,Male
9942.jpg,Female
9943.jpg,Male
9944.jpg,Female
9945.jpg,Male
9946.jpg,Female
9947.jpg,Male
9948.jpg,Male
9949.jpg,Male
9950.jpg,Male
9951.jpg,Male
9952.jpg,Male
9953.jpg,Male
9954.jpg,Female
9955.jpg,Female
9956.jpg,Male
9957.jpg,Female
9958.jpg,Male
9959.jpg,Male
9960.jpg,Female
9961.jpg,Male
9962.jpg,Male
9963.jpg,Male
9964.jpg,Male
9965.jpg,Male
9966.jpg,Male
9967.jpg,Male
9968.jpg,Male
9969.jpg,Male
9970.jpg,Male
9971.jpg,Male
9972.jpg,Male
9973.jpg,Female
9974.jpg,Male
9975.jpg,Male
9976.jpg,Male
9977.jpg,Male
9978.jpg,Male
9979.jpg,Male
9980.jpg,Male
9981.jpg,Male
9982.jpg,Female
9983.jpg,Male
9984.jpg,Male
9985.jpg,Male
9986.jpg,Male
9987.jpg,Male
9988.jpg,Male
9989.jpg,Male
9990.jpg,Female
9991.jpg,Male
9992.jpg,Male
9993.jpg,Female
9994.jpg,Male
9995.jpg,Male
9996.jpg,Male
9997.jpg,Male
9998.jpg,Male
9999.jpg,Male
10000.jpg,Male
10001.jpg,Male
10002.jpg,Male
10003.jpg,Male
10004.jpg,Female
10005.jpg,Male
10006.jpg,Male
10007.jpg,Male
10008.jpg,Female
10009.jpg,Male
10010.jpg,Male
10011.jpg,Male
10012.jpg,Male
10013.jpg,Male
10014.jpg,Female
10015.jpg,Male
10016.jpg,Male
10017.jpg,Male
10018.jpg,Female
10019.jpg,Female
10020.jpg,Female
10021.jpg,Male
10022.jpg,Male
10023.jpg,Male
10024.jpg,Male
10025.jpg,Male
10026.jpg,Male
10027.jpg,Male
10028.jpg,Male
10029.jpg,Female
10030.jpg,Male
10031.jpg,Male
10032.jpg,Male
10033.jpg,Male
10034.jpg,Male
10035.jpg,Male
10036.jpg,Female
10037.jpg,Male
10038.jpg,Female
10039.jpg,Female
10040.jpg,Female
10041.jpg,Female
10042.jpg,Female
10043.jpg,Male
10044.jpg,Male
10045.jpg,Male
10046.jpg,Male
10047.jpg,Male
10048.jpg,Male
10049.jpg,Male
10050.jpg,Male
10051.jpg,Male
10052.jpg,Male
10053.jpg,Female
10054.jpg,Male
10055.jpg,Male
10056.jpg,Male
10057.jpg,Male
10058.jpg,Male
10059.jpg,Male
10060.jpg,Male
10061.jpg,Female
10062.jpg,Male
10063.jpg,Male
10064.jpg,Female
10065.jpg,Male
10066.jpg,Female
10067.jpg,Male
10068.jpg,Male
10069.jpg,Male
10070.jpg,Male
10071.jpg,Male
10072.jpg,Male
10073.jpg,Male
10074.jpg,Male
10075.jpg,Male
10076.jpg,Male
10077.jpg,Male
10078.jpg,Female
10079.jpg,Female
10080.jpg,Male
10081.jpg,Male
10082.jpg,Male
10083.jpg,Female
10084.jpg,Male
10085.jpg,Female
10086.jpg,Male
10087.jpg,Male
10088.jpg,Male
10089.jpg,Male
10090.jpg,Female
10091.jpg,Female
10092.jpg,Male
10093.jpg,Male
10094.jpg,Male
10095.jpg,Male
10096.jpg,Male
10097.jpg,Female
10098.jpg,Female
10099.jpg,Male
10100.jpg,Female
10101.jpg,Male
10102.jpg,Female
10103.jpg,Male
10104.jpg,Female
10105.jpg,Female
10106.jpg,Male
10107.jpg,Male
10108.jpg,Male
10109.jpg,Female
10110.jpg,Female
10111.jpg,Female
10112.jpg,Female
10113.jpg,Male
10114.jpg,Female
10115.jpg,Male
10116.jpg,Female
10117.jpg,Female
10118.jpg,Male
10119.jpg,Male
10120.jpg,Female
10121.jpg,Female
10122.jpg,Male
10123.jpg,Male
10124.jpg,Male
10125.jpg,Male
10126.jpg,Male
10127.jpg,Male
10128.jpg,Male
10129.jpg,Male
10130.jpg,Female
10131.jpg,Male
10132.jpg,Male
10133.jpg,Male
10134.jpg,Female
10135.jpg,Male
10136.jpg,Male
10137.jpg,Male
10138.jpg,Male
10139.jpg,Male
10140.jpg,Male
10141.jpg,Male
10142.jpg,Male
10143.jpg,Male
10144.jpg,Male
10145.jpg,Male
10146.jpg,Male
10147.jpg,Male
10148.jpg,Male
10149.jpg,Male
10150.jpg,Male
10151.jpg,Male
10152.jpg,Male
10153.jpg,Male
10154.jpg,Female
10155.jpg,Female
10156.jpg,Male
10157.jpg,Male
10158.jpg,Male
10159.jpg,Female
10160.jpg,Female
10161.jpg,Male
10162.jpg,Male
10163.jpg,Male
10164.jpg,Female
10165.jpg,Male
10166.jpg,Male
10167.jpg,Male
10168.jpg,Male
10169.jpg,Male
10170.jpg,Male
10171.jpg,Male
10172.jpg,Male
10173.jpg,Male
10174.jpg,Male
10175.jpg,Male
10176.jpg,Male
10177.jpg,Male
10178.jpg,Male
10179.jpg,Female
10180.jpg,Male
10181.jpg,Male
10182.jpg,Male
10183.jpg,Male
10184.jpg,Male
10185.jpg,Male
10186.jpg,Male
10187.jpg,Female
10188.jpg,Male
10189.jpg,Male
10190.jpg,Male
10191.jpg,Male
10192.jpg,Male
10193.jpg,Male
10194.jpg,Female
10195.jpg,Male
10196.jpg,Male
10197.jpg,Male
10198.jpg,Male
10199.jpg,Female
10200.jpg,Male
10201.jpg,Male
10202.jpg,Male
10203.jpg,Male
10204.jpg,Female
10205.jpg,Male
10206.jpg,Male
10207.jpg,Male
10208.jpg,Male
10209.jpg,Male
10210.jpg,Male
10211.jpg,Male
10212.jpg,Male
10213.jpg,Female
10214.jpg,Male
10215.jpg,Female
10216.jpg,Male
10217.jpg,Male
10218.jpg,Female
10219.jpg,Male
10220.jpg,Male
10221.jpg,Male
10222.jpg,Male
10223.jpg,Male
10224.jpg,Male
10225.jpg,Male
10226.jpg,Female
10227.jpg,Male
10228.jpg,Female
10229.jpg,Male
10230.jpg,Male
10231.jpg,Male
10232.jpg,Male
10233.jpg,Male
10234.jpg,Male
10235.jpg,Male
10236.jpg,Male
10237.jpg,Male
10238.jpg,Male
10239.jpg,Male
10240.jpg,Male
10241.jpg,Female
10242.jpg,Male
10243.jpg,Male
10244.jpg,Male
10245.jpg,Male
10246.jpg,Male
10247.jpg,Female
10248.jpg,Male
10249.jpg,Male
10250.jpg,Male
10251.jpg,Male
10252.jpg,Male
10253.jpg,Male
10254.jpg,Male
10255.jpg,Male
10256.jpg,Male
10257.jpg,Male
10258.jpg,Male
10259.jpg,Male
10260.jpg,Male
10261.jpg,Male
10262.jpg,Male
10263.jpg,Female
10264.jpg,Male
10265.jpg,Male
10266.jpg,Female
10267.jpg,Male
10268.jpg,Male
10269.jpg,Male
10270.jpg,Male
10271.jpg,Male
10272.jpg,Male
10273.jpg,Male
10274.jpg,Male
10275.jpg,Female
10276.jpg,Male
10277.jpg,Male
10278.jpg,Male
10279.jpg,Male
10280.jpg,Male
10281.jpg,Male
10282.jpg,Male
10283.jpg,Male
10284.jpg,Male
10285.jpg,Female
10286.jpg,Male
10287.jpg,Female
10288.jpg,Male
10289.jpg,Male
10290.jpg,Female
10291.jpg,Female
10292.jpg,Male
10293.jpg,Male
10294.jpg,Male
10295.jpg,Male
10296.jpg,Male
10297.jpg,Male
10298.jpg,Female
10299.jpg,Male
10300.jpg,Male
10301.jpg,Male
10302.jpg,Male
10303.jpg,Male
10304.jpg,Male
10305.jpg,Male
10306.jpg,Female
10307.jpg,Male
10308.jpg,Male
10309.jpg,Male
10310.jpg,Male
10311.jpg,Male
10312.jpg,Male
10313.jpg,Male
10314.jpg,Female
10315.jpg,Male
10316.jpg,Female
10317.jpg,Male
10318.jpg,Male
10319.jpg,Male
10320.jpg,Male
10321.jpg,Male
10322.jpg,Male
10323.jpg,Male
10324.jpg,Male
10325.jpg,Male
10326.jpg,Male
10327.jpg,Male
10328.jpg,Female
10329.jpg,Male
10330.jpg,Male
10331.jpg,Male
10332.jpg,Female
10333.jpg,Male
10334.jpg,Male
10335.jpg,Female
10336.jpg,Female
10337.jpg,Male
10338.jpg,Male
10339.jpg,Male
10340.jpg,Male
10341.jpg,Male
10342.jpg,Male
10343.jpg,Male
10344.jpg,Male
10345.jpg,Male
10346.jpg,Male
10347.jpg,Male
10348.jpg,Male
10349.jpg,Female
10350.jpg,Male
10351.jpg,Male
10352.jpg,Male
10353.jpg,Male
10354.jpg,Male
10355.jpg,Male
10356.jpg,Male
10357.jpg,Male
10358.jpg,Male
10359.jpg,Female
10360.jpg,Male
10361.jpg,Male
10362.jpg,Male
10363.jpg,Female
10364.jpg,Female
10365.jpg,Female
10366.jpg,Male
10367.jpg,Male
10368.jpg,Male
10369.jpg,Male
10370.jpg,Male
10371.jpg,Female
10372.jpg,Male
10373.jpg,Male
10374.jpg,Female
10375.jpg,Male
10376.jpg,Male
10377.jpg,Male
10378.jpg,Male
10379.jpg,Male
10380.jpg,Male
10381.jpg,Male
10382.jpg,Female
10383.jpg,Male
10384.jpg,Male
10385.jpg,Male
10386.jpg,Male
10387.jpg,Male
10388.jpg,Male
10389.jpg,Male
10390.jpg,Male
10391.jpg,Male
10392.jpg,Female
10393.jpg,Male
10394.jpg,Female
10395.jpg,Male
10396.jpg,Male
10397.jpg,Male
10398.jpg,Male
10399.jpg,Male
10400.jpg,Male
10401.jpg,Male
10402.jpg,Female
10403.jpg,Male
10404.jpg,Male
10405.jpg,Female
10406.jpg,Male
10407.jpg,Male
10408.jpg,Female
10409.jpg,Male
10410.jpg,Male
10411.jpg,Male
10412.jpg,Male
10413.jpg,Female
10414.jpg,Male
10415.jpg,Male
10416.jpg,Female
10417.jpg,Male
10418.jpg,Male
10419.jpg,Female
10420.jpg,Male
10421.jpg,Male
10422.jpg,Male
10423.jpg,Male
10424.jpg,Male
10425.jpg,Male
10426.jpg,Male
10427.jpg,Female
10428.jpg,Male
10429.jpg,Male
10430.jpg,Female
10431.jpg,Male
10432.jpg,Male
10433.jpg,Male
10434.jpg,Male
10435.jpg,Female
10436.jpg,Male
10437.jpg,Male
10438.jpg,Male
10439.jpg,Male
10440.jpg,Male
10441.jpg,Male
10442.jpg,Male
10443.jpg,Male
10444.jpg,Male
10445.jpg,Male
10446.jpg,Female
10447.jpg,Male
10448.jpg,Male
10449.jpg,Male
10450.jpg,Male
10451.jpg,Male
10452.jpg,Male
10453.jpg,Male
10454.jpg,Female
10455.jpg,Male
10456.jpg,Male
10457.jpg,Male
10458.jpg,Male
10459.jpg,Male
10460.jpg,Male
10461.jpg,Male
10462.jpg,Male
10463.jpg,Male
10464.jpg,Female
10465.jpg,Female
10466.jpg,Male
10467.jpg,Male
10468.jpg,Male
10469.jpg,Male
10470.jpg,Male
10471.jpg,Male
10472.jpg,Male
10473.jpg,Male
10474.jpg,Male
10475.jpg,Female
10476.jpg,Female
10477.jpg,Male
10478.jpg,Male
10479.jpg,Male
10480.jpg,Male
10481.jpg,Male
10482.jpg,Male
10483.jpg,Male
10484.jpg,Female
10485.jpg,Male
10486.jpg,Male
10487.jpg,Male
10488.jpg,Male
10489.jpg,Male
10490.jpg,Female
10491.jpg,Female
10492.jpg,Male
10493.jpg,Male
10494.jpg,Male
10495.jpg,Female
10496.jpg,Female
10497.jpg,Male
10498.jpg,Female
10499.jpg,Female
10500.jpg,Male
10501.jpg,Male
10502.jpg,Male
10503.jpg,Male
10504.jpg,Male
10505.jpg,Male
10506.jpg,Male
10507.jpg,Female
10508.jpg,Female
10509.jpg,Male
10510.jpg,Male
10511.jpg,Female
10512.jpg,Female
10513.jpg,Male
10514.jpg,Male
10515.jpg,Male
10516.jpg,Male
10517.jpg,Male
10518.jpg,Male
10519.jpg,Female
10520.jpg,Male
10521.jpg,Male
10522.jpg,Female
10523.jpg,Male
10524.jpg,Male
10525.jpg,Female
10526.jpg,Male
10527.jpg,Male
10528.jpg,Male
10529.jpg,Male
10530.jpg,Male
10531.jpg,Male
10532.jpg,Male
10533.jpg,Female
10534.jpg,Female
10535.jpg,Male
10536.jpg,Male
10537.jpg,Male
10538.jpg,Male
10539.jpg,Male
10540.jpg,Male
10541.jpg,Female
10542.jpg,Male
10543.jpg,Male
10544.jpg,Male
10545.jpg,Male
10546.jpg,Female
10547.jpg,Male
10548.jpg,Male
10549.jpg,Female
10550.jpg,Male
10551.jpg,Male
10552.jpg,Male
10553.jpg,Female
10554.jpg,Male
10555.jpg,Male
10556.jpg,Male
10557.jpg,Male
10558.jpg,Male
10559.jpg,Male
10560.jpg,Male
10561.jpg,Male
10562.jpg,Male
10563.jpg,Male
10564.jpg,Female
10565.jpg,Male
10566.jpg,Male
10567.jpg,Male
10568.jpg,Male
10569.jpg,Female
10570.jpg,Female
10571.jpg,Male
10572.jpg,Female
10573.jpg,Male
10574.jpg,Male
10575.jpg,Female
10576.jpg,Male
10577.jpg,Male
10578.jpg,Male
10579.jpg,Male
10580.jpg,Male
10581.jpg,Male
10582.jpg,Male
10583.jpg,Male
10584.jpg,Female
10585.jpg,Male
10586.jpg,Male
10587.jpg,Male
10588.jpg,Female
10589.jpg,Male
10590.jpg,Male
10591.jpg,Female
10592.jpg,Male
10593.jpg,Male
10594.jpg,Male
10595.jpg,Male
10596.jpg,Female
10597.jpg,Male
10598.jpg,Male
10599.jpg,Male
10600.jpg,Male
10601.jpg,Male
10602.jpg,Male
10603.jpg,Male
10604.jpg,Male
10605.jpg,Female
10606.jpg,Male
10607.jpg,Female
10608.jpg,Male
10609.jpg,Male
10610.jpg,Female
10611.jpg,Male
10612.jpg,Male
10613.jpg,Male
10614.jpg,Male
10615.jpg,Female
10616.jpg,Female
10617.jpg,Male
10618.jpg,Male
10619.jpg,Female
10620.jpg,Female
10621.jpg,Male
10622.jpg,Male
10623.jpg,Male
10624.jpg,Male
10625.jpg,Male
10626.jpg,Male
10627.jpg,Male
10628.jpg,Male
10629.jpg,Male
10630.jpg,Male
10631.jpg,Female
10632.jpg,Female
10633.jpg,Male
10634.jpg,Male
10635.jpg,Female
10636.jpg,Male
10637.jpg,Male
10638.jpg,Male
10639.jpg,Male
10640.jpg,Male
10641.jpg,Female
10642.jpg,Male
10643.jpg,Male
10644.jpg,Male
10645.jpg,Male
10646.jpg,Female
10647.jpg,Female
10648.jpg,Male
10649.jpg,Male
10650.jpg,Female
10651.jpg,Male
10652.jpg,Male
10653.jpg,Male
10654.jpg,Male
10655.jpg,Female
10656.jpg,Male
10657.jpg,Male
10658.jpg,Male
10659.jpg,Male
10660.jpg,Male
10661.jpg,Male
10662.jpg,Male
10663.jpg,Male
10664.jpg,Male
10665.jpg,Male
10666.jpg,Male
10667.jpg,Male
10668.jpg,Male
10669.jpg,Male
10670.jpg,Male
10671.jpg,Male
10672.jpg,Male
10673.jpg,Female
10674.jpg,Male
10675.jpg,Female
10676.jpg,Male
10677.jpg,Male
10678.jpg,Male
10679.jpg,Female
10680.jpg,Male
10681.jpg,Male
10682.jpg,Female
10683.jpg,Male
10684.jpg,Female
10685.jpg,Female
10686.jpg,Female
10687.jpg,Female
10688.jpg,Male
10689.jpg,Female
10690.jpg,Female
10691.jpg,Male
10692.jpg,Female
10693.jpg,Male
10694.jpg,Male
10695.jpg,Male
10696.jpg,Male
10697.jpg,Male
10698.jpg,Male
10699.jpg,Male
10700.jpg,Female
10701.jpg,Male
10702.jpg,Male
10703.jpg,Male
10704.jpg,Male
10705.jpg,Male
10706.jpg,Male
10707.jpg,Female
10708.jpg,Male
10709.jpg,Female
10710.jpg,Male
10711.jpg,Male
10712.jpg,Male
10713.jpg,Male
10714.jpg,Male
10715.jpg,Male
10716.jpg,Male
10717.jpg,Male
10718.jpg,Male
10719.jpg,Male
10720.jpg,Male
10721.jpg,Male
10722.jpg,Male
10723.jpg,Male
10724.jpg,Female
10725.jpg,Male
10726.jpg,Male
10727.jpg,Male
10728.jpg,Male
10729.jpg,Male
10730.jpg,Male
10731.jpg,Male
10732.jpg,Male
10733.jpg,Female
10734.jpg,Male
10735.jpg,Male
10736.jpg,Male
10737.jpg,Female
10738.jpg,Male
10739.jpg,Male
10740.jpg,Male
10741.jpg,Male
10742.jpg,Male
10743.jpg,Male
10744.jpg,Male
10745.jpg,Male
10746.jpg,Male
10747.jpg,Female
10748.jpg,Male
10749.jpg,Male
10750.jpg,Male
10751.jpg,Male
10752.jpg,Male
10753.jpg,Female
10754.jpg,Male
10755.jpg,Female
10756.jpg,Male
10757.jpg,Male
10758.jpg,Male
10759.jpg,Female
10760.jpg,Male
10761.jpg,Male
10762.jpg,Male
10763.jpg,Male
10764.jpg,Male
10765.jpg,Male
10766.jpg,Male
10767.jpg,Male
10768.jpg,Male
10769.jpg,Female
10770.jpg,Male
10771.jpg,Male
10772.jpg,Male
10773.jpg,Male
10774.jpg,Male
10775.jpg,Male
10776.jpg,Male
10777.jpg,Male
10778.jpg,Female
10779.jpg,Male
10780.jpg,Male
10781.jpg,Male
10782.jpg,Female
10783.jpg,Male
10784.jpg,Male
10785.jpg,Female
10786.jpg,Male
10787.jpg,Male
10788.jpg,Male
10789.jpg,Male
10790.jpg,Female
10791.jpg,Male
10792.jpg,Male
10793.jpg,Male
10794.jpg,Male
10795.jpg,Male
10796.jpg,Male
10797.jpg,Male
10798.jpg,Male
10799.jpg,Male
10800.jpg,Male
10801.jpg,Male
10802.jpg,Male
10803.jpg,Male
10804.jpg,Male
10805.jpg,Male
10806.jpg,Male
10807.jpg,Male
10808.jpg,Male
10809.jpg,Male
10810.jpg,Male
10811.jpg,Male
10812.jpg,Male
10813.jpg,Male
10814.jpg,Female
10815.jpg,Female
10816.jpg,Female
10817.jpg,Male
10818.jpg,Male
10819.jpg,Female
10820.jpg,Male
10821.jpg,Female
10822.jpg,Female
10823.jpg,Male
10824.jpg,Female
10825.jpg,Male
10826.jpg,Male
10827.jpg,Male
10828.jpg,Female
10829.jpg,Male
10830.jpg,Female
10831.jpg,Male
10832.jpg,Male
10833.jpg,Male
10834.jpg,Female
10835.jpg,Female
10836.jpg,Male
10837.jpg,Male
10838.jpg,Male
10839.jpg,Male
10840.jpg,Male
10841.jpg,Male
10842.jpg,Male
10843.jpg,Male
10844.jpg,Female
10845.jpg,Male
10846.jpg,Male
10847.jpg,Male
10848.jpg,Female
10849.jpg,Female
10850.jpg,Male
10851.jpg,Male
10852.jpg,Male
10853.jpg,Female
10854.jpg,Male
10855.jpg,Male
10856.jpg,Male
10857.jpg,Female
10858.jpg,Male
10859.jpg,Female
10860.jpg,Male
10861.jpg,Male
10862.jpg,Male
10863.jpg,Female
10864.jpg,Male
10865.jpg,Male
10866.jpg,Female
10867.jpg,Male
10868.jpg,Male
10869.jpg,Male
10870.jpg,Male
10871.jpg,Male
10872.jpg,Male
10873.jpg,Male
10874.jpg,Female
10875.jpg,Male
10876.jpg,Male
10877.jpg,Male
10878.jpg,Male
10879.jpg,Female
10880.jpg,Female
10881.jpg,Male
10882.jpg,Male
10883.jpg,Male
10884.jpg,Male
10885.jpg,Male
10886.jpg,Male
10887.jpg,Male
10888.jpg,Female
10889.jpg,Female
10890.jpg,Female
10891.jpg,Male
10892.jpg,Female
10893.jpg,Male
10894.jpg,Female
10895.jpg,Male
10896.jpg,Male
10897.jpg,Female
10898.jpg,Female
10899.jpg,Male
10900.jpg,Female
10901.jpg,Male
10902.jpg,Male
10903.jpg,Male
10904.jpg,Female
10905.jpg,Male
10906.jpg,Male
10907.jpg,Male
10908.jpg,Male
10909.jpg,Male
10910.jpg,Male
10911.jpg,Male
10912.jpg,Male
10913.jpg,Male
10914.jpg,Male
10915.jpg,Female
10916.jpg,Female
10917.jpg,Male
10918.jpg,Female
10919.jpg,Male
10920.jpg,Male
10921.jpg,Male
10922.jpg,Male
10923.jpg,Male
10924.jpg,Female
10925.jpg,Male
10926.jpg,Male
10927.jpg,Male
10928.jpg,Male
10929.jpg,Male
10930.jpg,Male
10931.jpg,Female
10932.jpg,Female
10933.jpg,Male
10934.jpg,Male
10935.jpg,Male
10936.jpg,Male
10937.jpg,Male
10938.jpg,Male
10939.jpg,Male
10940.jpg,Male
10941.jpg,Male
10942.jpg,Male
10943.jpg,Male
10944.jpg,Male
10945.jpg,Male
10946.jpg,Male
10947.jpg,Male
10948.jpg,Male
10949.jpg,Male
10950.jpg,Male
10951.jpg,Male
10952.jpg,Male
10953.jpg,Male
10954.jpg,Male
10955.jpg,Male
10956.jpg,Female
10957.jpg,Male
10958.jpg,Male
10959.jpg,Male
10960.jpg,Male
10961.jpg,Male
10962.jpg,Male
10963.jpg,Male
10964.jpg,Male
10965.jpg,Male
10966.jpg,Female
10967.jpg,Male
10968.jpg,Female
10969.jpg,Male
10970.jpg,Male
10971.jpg,Male
10972.jpg,Male
10973.jpg,Male
10974.jpg,Male
10975.jpg,Male
10976.jpg,Male
10977.jpg,Female
10978.jpg,Male
10979.jpg,Male
10980.jpg,Male
10981.jpg,Female
10982.jpg,Male
10983.jpg,Female
10984.jpg,Male
10985.jpg,Male
10986.jpg,Male
10987.jpg,Male
10988.jpg,Male
10989.jpg,Male
10990.jpg,Male
10991.jpg,Male
10992.jpg,Male
10993.jpg,Male
10994.jpg,Male
10995.jpg,Male
10996.jpg,Male
10997.jpg,Male
10998.jpg,Female
10999.jpg,Male
11000.jpg,Male
11001.jpg,Male
11002.jpg,Male
11003.jpg,Male
11004.jpg,Male
11005.jpg,Female
11006.jpg,Male
11007.jpg,Female
11008.jpg,Male
11009.jpg,Female
11010.jpg,Female
11011.jpg,Female
11012.jpg,Male
11013.jpg,Male
11014.jpg,Male
11015.jpg,Male
11016.jpg,Male
11017.jpg,Male
11018.jpg,Male
11019.jpg,Female
11020.jpg,Female
11021.jpg,Male
11022.jpg,Male
11023.jpg,Male
11024.jpg,Male
11025.jpg,Male
11026.jpg,Male
11027.jpg,Female
11028.jpg,Female
11029.jpg,Male
11030.jpg,Female
11031.jpg,Male
11032.jpg,Male
11033.jpg,Male
11034.jpg,Male
11035.jpg,Male
11036.jpg,Male
11037.jpg,Male
11038.jpg,Male
11039.jpg,Male
11040.jpg,Male
11041.jpg,Male
11042.jpg,Female
11043.jpg,Male
11044.jpg,Female
11045.jpg,Male
11046.jpg,Female
11047.jpg,Female
11048.jpg,Male
11049.jpg,Female
11050.jpg,Male
11051.jpg,Male
11052.jpg,Female
11053.jpg,Female
11054.jpg,Male
11055.jpg,Male
11056.jpg,Male
11057.jpg,Male
11058.jpg,Male
11059.jpg,Male
11060.jpg,Male
11061.jpg,Male
11062.jpg,Female
11063.jpg,Male
11064.jpg,Male
11065.jpg,Male
11066.jpg,Male
11067.jpg,Male
11068.jpg,Male
11069.jpg,Male
11070.jpg,Male
11071.jpg,Female
11072.jpg,Male
11073.jpg,Male
11074.jpg,Male
11075.jpg,Male
11076.jpg,Male
11077.jpg,Male
11078.jpg,Male
11079.jpg,Female
11080.jpg,Male
11081.jpg,Male
11082.jpg,Male
11083.jpg,Male
11084.jpg,Male
11085.jpg,Male
11086.jpg,Female
11087.jpg,Male
11088.jpg,Male
11089.jpg,Male
11090.jpg,Female
11091.jpg,Female
11092.jpg,Male
11093.jpg,Male
11094.jpg,Female
11095.jpg,Male
11096.jpg,Male
11097.jpg,Male
11098.jpg,Male
11099.jpg,Male
11100.jpg,Male
11101.jpg,Female
11102.jpg,Female
11103.jpg,Male
11104.jpg,Male
11105.jpg,Male
11106.jpg,Female
11107.jpg,Male
11108.jpg,Male
11109.jpg,Male
11110.jpg,Male
11111.jpg,Male
11112.jpg,Male
11113.jpg,Male
11114.jpg,Male
11115.jpg,Male
11116.jpg,Male
11117.jpg,Male
11118.jpg,Female
11119.jpg,Male
11120.jpg,Male
11121.jpg,Male
11122.jpg,Male
11123.jpg,Female
11124.jpg,Female
11125.jpg,Female
11126.jpg,Male
11127.jpg,Male
11128.jpg,Female
11129.jpg,Male
11130.jpg,Female
11131.jpg,Male
11132.jpg,Male
11133.jpg,Male
11134.jpg,Male
11135.jpg,Female
11136.jpg,Female
11137.jpg,Male
11138.jpg,Male
11139.jpg,Female
11140.jpg,Female
11141.jpg,Male
11142.jpg,Male
11143.jpg,Female
11144.jpg,Female
11145.jpg,Male
11146.jpg,Male
11147.jpg,Male
11148.jpg,Male
11149.jpg,Male
11150.jpg,Female
11151.jpg,Male
11152.jpg,Male
11153.jpg,Male
11154.jpg,Female
11155.jpg,Male
11156.jpg,Male
11157.jpg,Male
11158.jpg,Female
11159.jpg,Male
11160.jpg,Male
11161.jpg,Female
11162.jpg,Male
11163.jpg,Male
11164.jpg,Male
11165.jpg,Male
11166.jpg,Male
11167.jpg,Male
11168.jpg,Male
11169.jpg,Male
11170.jpg,Female
11171.jpg,Male
11172.jpg,Male
11173.jpg,Male
11174.jpg,Male
11175.jpg,Male
11176.jpg,Female
11177.jpg,Male
11178.jpg,Male
11179.jpg,Male
11180.jpg,Female
11181.jpg,Male
11182.jpg,Male
11183.jpg,Male
11184.jpg,Male
11185.jpg,Female
11186.jpg,Male
11187.jpg,Female
11188.jpg,Male
11189.jpg,Male
11190.jpg,Male
11191.jpg,Female
11192.jpg,Male
11193.jpg,Male
11194.jpg,Male
11195.jpg,Female
11196.jpg,Male
11197.jpg,Male
11198.jpg,Male
11199.jpg,Male
11200.jpg,Male
11201.jpg,Male
11202.jpg,Male
11203.jpg,Male
11204.jpg,Male
11205.jpg,Male
11206.jpg,Male
11207.jpg,Female
11208.jpg,Male
11209.jpg,Male
11210.jpg,Male
11211.jpg,Male
11212.jpg,Male
11213.jpg,Male
11214.jpg,Male
11215.jpg,Male
11216.jpg,Male
11217.jpg,Male
11218.jpg,Male
11219.jpg,Male
11220.jpg,Male
11221.jpg,Male
11222.jpg,Female
11223.jpg,Female
11224.jpg,Male
11225.jpg,Male
11226.jpg,Male
11227.jpg,Male
11228.jpg,Female
11229.jpg,Male
11230.jpg,Female
11231.jpg,Male
11232.jpg,Female
11233.jpg,Male
11234.jpg,Female
11235.jpg,Male
11236.jpg,Male
11237.jpg,Male
11238.jpg,Male
11239.jpg,Male
11240.jpg,Male
11241.jpg,Male
11242.jpg,Male
11243.jpg,Male
11244.jpg,Female
11245.jpg,Male
11246.jpg,Male
11247.jpg,Male
11248.jpg,Female
11249.jpg,Male
11250.jpg,Male
11251.jpg,Male
11252.jpg,Male
11253.jpg,Male
11254.jpg,Male
11255.jpg,Female
11256.jpg,Female
11257.jpg,Male
11258.jpg,Female
11259.jpg,Male
11260.jpg,Female
11261.jpg,Male
11262.jpg,Male
11263.jpg,Male
11264.jpg,Male
11265.jpg,Male
11266.jpg,Male
11267.jpg,Male
11268.jpg,Male
11269.jpg,Female
11270.jpg,Male
11271.jpg,Male
11272.jpg,Male
11273.jpg,Male
11274.jpg,Male
11275.jpg,Male
11276.jpg,Female
11277.jpg,Female
11278.jpg,Male
11279.jpg,Female
11280.jpg,Male
11281.jpg,Male
11282.jpg,Male
11283.jpg,Male
11284.jpg,Female
11285.jpg,Female
11286.jpg,Female
11287.jpg,Male
11288.jpg,Male
11289.jpg,Male
11290.jpg,Male
11291.jpg,Male
11292.jpg,Male
11293.jpg,Male
11294.jpg,Male
11295.jpg,Male
11296.jpg,Male
11297.jpg,Male
11298.jpg,Male
11299.jpg,Male
11300.jpg,Male
11301.jpg,Male
11302.jpg,Male
11303.jpg,Male
11304.jpg,Male
11305.jpg,Male
11306.jpg,Male
11307.jpg,Female
11308.jpg,Male
11309.jpg,Male
11310.jpg,Male
11311.jpg,Male
11312.jpg,Male
11313.jpg,Male
11314.jpg,Male
11315.jpg,Female
11316.jpg,Male
11317.jpg,Male
11318.jpg,Male
11319.jpg,Male
11320.jpg,Male
11321.jpg,Male
11322.jpg,Male
11323.jpg,Male
11324.jpg,Female
11325.jpg,Male
11326.jpg,Male
11327.jpg,Male
11328.jpg,Male
11329.jpg,Female
11330.jpg,Male
11331.jpg,Male
11332.jpg,Male
11333.jpg,Male
11334.jpg,Male
11335.jpg,Male
11336.jpg,Male
11337.jpg,Female
11338.jpg,Male
11339.jpg,Female
11340.jpg,Male
11341.jpg,Male
11342.jpg,Male
11343.jpg,Female
11344.jpg,Male
11345.jpg,Male
11346.jpg,Male
11347.jpg,Female
11348.jpg,Male
11349.jpg,Male
11350.jpg,Male
11351.jpg,Female
11352.jpg,Male
11353.jpg,Male
11354.jpg,Male
11355.jpg,Male
11356.jpg,Male
11357.jpg,Male
11358.jpg,Male
11359.jpg,Male
11360.jpg,Male
11361.jpg,Female
11362.jpg,Female
11363.jpg,Male
11364.jpg,Female
11365.jpg,Male
11366.jpg,Female
11367.jpg,Male
11368.jpg,Male
11369.jpg,Female
11370.jpg,Male
11371.jpg,Male
11372.jpg,Male
11373.jpg,Male
11374.jpg,Male
11375.jpg,Male
11376.jpg,Male
11377.jpg,Male
11378.jpg,Female
11379.jpg,Male
11380.jpg,Male
11381.jpg,Male
11382.jpg,Male
11383.jpg,Male
11384.jpg,Male
11385.jpg,Male
11386.jpg,Male
11387.jpg,Female
11388.jpg,Male
11389.jpg,Female
11390.jpg,Male
11391.jpg,Female
11392.jpg,Male
11393.jpg,Male
11394.jpg,Female
11395.jpg,Male
11396.jpg,Male
11397.jpg,Female
11398.jpg,Male
11399.jpg,Male
11400.jpg,Female
11401.jpg,Male
11402.jpg,Female
11403.jpg,Male
11404.jpg,Female
11405.jpg,Male
11406.jpg,Male
11407.jpg,Male
11408.jpg,Male
11409.jpg,Male
11410.jpg,Female
11411.jpg,Male
11412.jpg,Female
11413.jpg,Female
11414.jpg,Female
11415.jpg,Male
11416.jpg,Male
11417.jpg,Female
11418.jpg,Female
11419.jpg,Female
11420.jpg,Female
11421.jpg,Male
11422.jpg,Female
11423.jpg,Male
11424.jpg,Male
11425.jpg,Male
11426.jpg,Male
11427.jpg,Male
11428.jpg,Female
11429.jpg,Male
11430.jpg,Male
11431.jpg,Male
11432.jpg,Female
11433.jpg,Male
11434.jpg,Male
11435.jpg,Male
11436.jpg,Female
11437.jpg,Male
11438.jpg,Male
11439.jpg,Male
11440.jpg,Female
11441.jpg,Male
11442.jpg,Male
11443.jpg,Female
11444.jpg,Male
11445.jpg,Male
11446.jpg,Male
11447.jpg,Male
11448.jpg,Male
11449.jpg,Male
11450.jpg,Female
11451.jpg,Female
11452.jpg,Male
11453.jpg,Male
11454.jpg,Male
11455.jpg,Male
11456.jpg,Male
11457.jpg,Female
11458.jpg,Female
11459.jpg,Male
11460.jpg,Male
11461.jpg,Male
11462.jpg,Male
11463.jpg,Male
11464.jpg,Male
11465.jpg,Male
11466.jpg,Male
11467.jpg,Male
11468.jpg,Female
11469.jpg,Male
11470.jpg,Male
11471.jpg,Male
11472.jpg,Male
11473.jpg,Female
11474.jpg,Male
11475.jpg,Male
11476.jpg,Male
11477.jpg,Male
11478.jpg,Male
11479.jpg,Male
11480.jpg,Male
11481.jpg,Male
11482.jpg,Female
11483.jpg,Female
11484.jpg,Female
11485.jpg,Female
11486.jpg,Male
11487.jpg,Male
11488.jpg,Male
11489.jpg,Male
11490.jpg,Male
11491.jpg,Male
11492.jpg,Male
11493.jpg,Male
11494.jpg,Male
11495.jpg,Female
11496.jpg,Female
11497.jpg,Male
11498.jpg,Male
11499.jpg,Male
11500.jpg,Male
11501.jpg,Male
11502.jpg,Male
11503.jpg,Male
11504.jpg,Male
11505.jpg,Male
11506.jpg,Male
11507.jpg,Female
11508.jpg,Male
11509.jpg,Male
11510.jpg,Female
11511.jpg,Male
11512.jpg,Male
11513.jpg,Male
11514.jpg,Male
11515.jpg,Male
11516.jpg,Male
11517.jpg,Male
11518.jpg,Male
11519.jpg,Female
11520.jpg,Male
11521.jpg,Male
11522.jpg,Male
11523.jpg,Male
11524.jpg,Male
11525.jpg,Female
11526.jpg,Female
11527.jpg,Male
11528.jpg,Male
11529.jpg,Male
11530.jpg,Male
11531.jpg,Male
11532.jpg,Male
11533.jpg,Male
11534.jpg,Female
11535.jpg,Female
11536.jpg,Male
11537.jpg,Male
11538.jpg,Male
11539.jpg,Male
11540.jpg,Female
11541.jpg,Male
11542.jpg,Male
11543.jpg,Male
11544.jpg,Female
11545.jpg,Male
11546.jpg,Male
11547.jpg,Male
11548.jpg,Male
11549.jpg,Male
11550.jpg,Female
11551.jpg,Male
11552.jpg,Male
11553.jpg,Female
11554.jpg,Female
11555.jpg,Female
11556.jpg,Male
11557.jpg,Female
11558.jpg,Male
11559.jpg,Female
11560.jpg,Male
11561.jpg,Male
11562.jpg,Male
11563.jpg,Male
11564.jpg,Male
11565.jpg,Female
11566.jpg,Female
11567.jpg,Male
11568.jpg,Male
11569.jpg,Female
11570.jpg,Male
11571.jpg,Female
11572.jpg,Male
11573.jpg,Male
11574.jpg,Male
11575.jpg,Male
11576.jpg,Male
11577.jpg,Female
11578.jpg,Female
11579.jpg,Female
11580.jpg,Female
11581.jpg,Female
11582.jpg,Female
11583.jpg,Male
11584.jpg,Male
11585.jpg,Male
11586.jpg,Male
11587.jpg,Male
11588.jpg,Male
11589.jpg,Male
11590.jpg,Male
11591.jpg,Female
11592.jpg,Male
11593.jpg,Male
11594.jpg,Male
11595.jpg,Male
11596.jpg,Male
11597.jpg,Male
11598.jpg,Male
11599.jpg,Male
11600.jpg,Male
11601.jpg,Male
11602.jpg,Male
11603.jpg,Female
11604.jpg,Female
11605.jpg,Male
11606.jpg,Male
11607.jpg,Male
11608.jpg,Male
11609.jpg,Male
11610.jpg,Male
11611.jpg,Male
11612.jpg,Male
11613.jpg,Male
11614.jpg,Male
11615.jpg,Male
11616.jpg,Male
11617.jpg,Male
11618.jpg,Male
11619.jpg,Female
11620.jpg,Male
11621.jpg,Male
11622.jpg,Male
11623.jpg,Male
11624.jpg,Male
11625.jpg,Male
11626.jpg,Male
11627.jpg,Male
11628.jpg,Female
11629.jpg,Female
11630.jpg,Male
11631.jpg,Male
11632.jpg,Female
11633.jpg,Male
11634.jpg,Male
11635.jpg,Male
11636.jpg,Male
11637.jpg,Male
11638.jpg,Male
11639.jpg,Male
11640.jpg,Female
11641.jpg,Female
11642.jpg,Female
11643.jpg,Male
11644.jpg,Male
11645.jpg,Male
11646.jpg,Male
11647.jpg,Female
11648.jpg,Male
11649.jpg,Male
11650.jpg,Male
11651.jpg,Male
11652.jpg,Male
11653.jpg,Female
11654.jpg,Male
11655.jpg,Male
11656.jpg,Male
11657.jpg,Male
11658.jpg,Male
11659.jpg,Male
11660.jpg,Female
11661.jpg,Female
11662.jpg,Male
11663.jpg,Male
11664.jpg,Male
11665.jpg,Male
11666.jpg,Male
11667.jpg,Female
11668.jpg,Female
11669.jpg,Male
11670.jpg,Female
11671.jpg,Female
11672.jpg,Female
11673.jpg,Male
11674.jpg,Male
11675.jpg,Female
11676.jpg,Male
11677.jpg,Male
11678.jpg,Male
11679.jpg,Female
11680.jpg,Male
11681.jpg,Female
11682.jpg,Male
11683.jpg,Male
11684.jpg,Male
11685.jpg,Male
11686.jpg,Male
11687.jpg,Female
11688.jpg,Male
11689.jpg,Male
11690.jpg,Male
11691.jpg,Female
11692.jpg,Male
11693.jpg,Male
11694.jpg,Female
11695.jpg,Male
11696.jpg,Male
11697.jpg,Male
11698.jpg,Male
11699.jpg,Male
11700.jpg,Male
11701.jpg,Male
11702.jpg,Male
11703.jpg,Male
11704.jpg,Male
11705.jpg,Male
11706.jpg,Female
11707.jpg,Male
11708.jpg,Male
11709.jpg,Male
11710.jpg,Female
11711.jpg,Male
11712.jpg,Male
11713.jpg,Male
11714.jpg,Male
11715.jpg,Male
11716.jpg,Male
11717.jpg,Male
11718.jpg,Male
11719.jpg,Male
11720.jpg,Female
11721.jpg,Male
11722.jpg,Female
11723.jpg,Male
11724.jpg,Male
11725.jpg,Male
11726.jpg,Male
11727.jpg,Female
11728.jpg,Male
11729.jpg,Male
11730.jpg,Male
11731.jpg,Male
11732.jpg,Male
11733.jpg,Male
11734.jpg,Male
11735.jpg,Male
11736.jpg,Male
11737.jpg,Male
11738.jpg,Male
11739.jpg,Male
11740.jpg,Female
11741.jpg,Male
11742.jpg,Male
11743.jpg,Male
11744.jpg,Female
11745.jpg,Male
11746.jpg,Female
11747.jpg,Male
11748.jpg,Male
11749.jpg,Male
11750.jpg,Male
11751.jpg,Female
11752.jpg,Male
11753.jpg,Male
11754.jpg,Male
11755.jpg,Male
11756.jpg,Male
11757.jpg,Male
11758.jpg,Male
11759.jpg,Male
11760.jpg,Male
11761.jpg,Male
11762.jpg,Male
11763.jpg,Male
11764.jpg,Female
11765.jpg,Male
11766.jpg,Male
11767.jpg,Female
11768.jpg,Male
11769.jpg,Female
11770.jpg,Male
11771.jpg,Male
11772.jpg,Male
11773.jpg,Male
11774.jpg,Male
11775.jpg,Male
11776.jpg,Male
11777.jpg,Male
11778.jpg,Male
11779.jpg,Male
11780.jpg,Male
11781.jpg,Male
11782.jpg,Male
11783.jpg,Male
11784.jpg,Male
11785.jpg,Female
11786.jpg,Male
11787.jpg,Male
11788.jpg,Female
11789.jpg,Male
11790.jpg,Male
11791.jpg,Male
11792.jpg,Female
11793.jpg,Male
11794.jpg,Male
11795.jpg,Female
11796.jpg,Male
11797.jpg,Female
11798.jpg,Male
11799.jpg,Female
11800.jpg,Male
11801.jpg,Male
11802.jpg,Male
11803.jpg,Male
11804.jpg,Male
11805.jpg,Male
11806.jpg,Male
11807.jpg,Male
11808.jpg,Male
11809.jpg,Male
11810.jpg,Male
11811.jpg,Female
11812.jpg,Male
11813.jpg,Male
11814.jpg,Male
11815.jpg,Male
11816.jpg,Female
11817.jpg,Male
11818.jpg,Male
11819.jpg,Male
11820.jpg,Male
11821.jpg,Male
11822.jpg,Male
11823.jpg,Male
11824.jpg,Male
11825.jpg,Male
11826.jpg,Male
11827.jpg,Male
11828.jpg,Male
11829.jpg,Male
11830.jpg,Female
11831.jpg,Male
11832.jpg,Female
11833.jpg,Male
11834.jpg,Male
11835.jpg,Female
11836.jpg,Male
11837.jpg,Female
11838.jpg,Male
11839.jpg,Male
11840.jpg,Male
11841.jpg,Male
11842.jpg,Male
11843.jpg,Female
11844.jpg,Male
11845.jpg,Male
11846.jpg,Male
11847.jpg,Male
11848.jpg,Male
11849.jpg,Male
11850.jpg,Male
11851.jpg,Male
11852.jpg,Male
11853.jpg,Male
11854.jpg,Male
11855.jpg,Male
11856.jpg,Female
11857.jpg,Male
11858.jpg,Female
11859.jpg,Female
11860.jpg,Male
11861.jpg,Male
11862.jpg,Male
11863.jpg,Male
11864.jpg,Male
11865.jpg,Male
11866.jpg,Female
11867.jpg,Female
11868.jpg,Female
11869.jpg,Female
11870.jpg,Male
11871.jpg,Female
11872.jpg,Male
11873.jpg,Male
11874.jpg,Male
11875.jpg,Female
11876.jpg,Male
11877.jpg,Female
11878.jpg,Female
11879.jpg,Male
11880.jpg,Male
11881.jpg,Male
11882.jpg,Male
11883.jpg,Male
11884.jpg,Male
11885.jpg,Male
11886.jpg,Male
11887.jpg,Male
11888.jpg,Male
11889.jpg,Male
11890.jpg,Male
11891.jpg,Male
11892.jpg,Male
11893.jpg,Male
11894.jpg,Male
11895.jpg,Female
11896.jpg,Male
11897.jpg,Male
11898.jpg,Male
11899.jpg,Male
11900.jpg,Female
11901.jpg,Male
11902.jpg,Male
11903.jpg,Male
11904.jpg,Male
11905.jpg,Male
11906.jpg,Male
11907.jpg,Male
11908.jpg,Male
11909.jpg,Male
11910.jpg,Male
11911.jpg,Female
11912.jpg,Male
11913.jpg,Male
11914.jpg,Male
11915.jpg,Female
11916.jpg,Female
11917.jpg,Male
11918.jpg,Female
11919.jpg,Female
11920.jpg,Male
11921.jpg,Female
11922.jpg,Male
11923.jpg,Male
11924.jpg,Male
11925.jpg,Male
11926.jpg,Male
11927.jpg,Male
11928.jpg,Male
11929.jpg,Male
11930.jpg,Male
11931.jpg,Male
11932.jpg,Female
11933.jpg,Female
11934.jpg,Male
11935.jpg,Male
11936.jpg,Female
11937.jpg,Female
11938.jpg,Male
11939.jpg,Male
11940.jpg,Male
11941.jpg,Female
11942.jpg,Male
11943.jpg,Male
11944.jpg,Female
11945.jpg,Male
11946.jpg,Male
11947.jpg,Female
11948.jpg,Male
11949.jpg,Female
11950.jpg,Male
11951.jpg,Male
11952.jpg,Male
11953.jpg,Female
11954.jpg,Female
11955.jpg,Male
11956.jpg,Male
11957.jpg,Male
11958.jpg,Male
11959.jpg,Male
11960.jpg,Male
11961.jpg,Male
11962.jpg,Male
11963.jpg,Male
11964.jpg,Female
11965.jpg,Male
11966.jpg,Male
11967.jpg,Female
11968.jpg,Female
11969.jpg,Male
11970.jpg,Male
11971.jpg,Male
11972.jpg,Male
11973.jpg,Male
11974.jpg,Male
11975.jpg,Female
11976.jpg,Male
11977.jpg,Male
11978.jpg,Male
11979.jpg,Male
11980.jpg,Male
11981.jpg,Male
11982.jpg,Male
11983.jpg,Male
11984.jpg,Male
11985.jpg,Male
11986.jpg,Male
11987.jpg,Male
11988.jpg,Male
11989.jpg,Female
11990.jpg,Male
11991.jpg,Male
11992.jpg,Male
11993.jpg,Male
11994.jpg,Male
11995.jpg,Male
11996.jpg,Female
11997.jpg,Male
11998.jpg,Male
11999.jpg,Male
12000.jpg,Male
12001.jpg,Male
12002.jpg,Male
12003.jpg,Male
12004.jpg,Male
12005.jpg,Male
12006.jpg,Female
12007.jpg,Male
12008.jpg,Female
12009.jpg,Male
12010.jpg,Male
12011.jpg,Female
12012.jpg,Male
12013.jpg,Female
12014.jpg,Male
12015.jpg,Male
12016.jpg,Female
12017.jpg,Male
12018.jpg,Male
12019.jpg,Male
12020.jpg,Male
12021.jpg,Male
12022.jpg,Male
12023.jpg,Female
12024.jpg,Female
12025.jpg,Male
12026.jpg,Male
12027.jpg,Male
12028.jpg,Male
12029.jpg,Male
12030.jpg,Female
12031.jpg,Male
12032.jpg,Male
12033.jpg,Male
12034.jpg,Female
12035.jpg,Male
12036.jpg,Male
12037.jpg,Male
12038.jpg,Female
12039.jpg,Male
12040.jpg,Male
12041.jpg,Male
12042.jpg,Male
12043.jpg,Male
12044.jpg,Male
12045.jpg,Female
12046.jpg,Female
12047.jpg,Male
12048.jpg,Male
12049.jpg,Male
12050.jpg,Male
12051.jpg,Male
12052.jpg,Female
12053.jpg,Male
12054.jpg,Male
12055.jpg,Male
12056.jpg,Male
12057.jpg,Male
12058.jpg,Male
12059.jpg,Male
12060.jpg,Male
12061.jpg,Female
12062.jpg,Male
12063.jpg,Female
12064.jpg,Female
12065.jpg,Male
12066.jpg,Male
12067.jpg,Male
12068.jpg,Female
12069.jpg,Male
12070.jpg,Male
12071.jpg,Male
12072.jpg,Male
12073.jpg,Male
12074.jpg,Male
12075.jpg,Male
12076.jpg,Male
12077.jpg,Male
12078.jpg,Male
12079.jpg,Male
12080.jpg,Female
12081.jpg,Female
12082.jpg,Male
12083.jpg,Male
12084.jpg,Male
12085.jpg,Male
12086.jpg,Male
12087.jpg,Male
12088.jpg,Male
12089.jpg,Male
12090.jpg,Female
12091.jpg,Female
12092.jpg,Male
12093.jpg,Male
12094.jpg,Male
12095.jpg,Male
12096.jpg,Female
12097.jpg,Male
12098.jpg,Male
12099.jpg,Male
12100.jpg,Male
12101.jpg,Male
12102.jpg,Male
12103.jpg,Male
12104.jpg,Male
12105.jpg,Male
12106.jpg,Male
12107.jpg,Male
12108.jpg,Male
12109.jpg,Male
12110.jpg,Male
12111.jpg,Male
12112.jpg,Male
12113.jpg,Female
12114.jpg,Male
12115.jpg,Female
12116.jpg,Male
12117.jpg,Female
12118.jpg,Male
12119.jpg,Male
12120.jpg,Male
12121.jpg,Male
12122.jpg,Male
12123.jpg,Male
12124.jpg,Male
12125.jpg,Male
12126.jpg,Male
12127.jpg,Male
12128.jpg,Male
12129.jpg,Female
12130.jpg,Male
12131.jpg,Male
12132.jpg,Male
12133.jpg,Male
12134.jpg,Male
12135.jpg,Male
12136.jpg,Male
12137.jpg,Male
12138.jpg,Male
12139.jpg,Male
12140.jpg,Male
12141.jpg,Male
12142.jpg,Male
12143.jpg,Male
12144.jpg,Female
12145.jpg,Male
12146.jpg,Male
12147.jpg,Female
12148.jpg,Male
12149.jpg,Male
12150.jpg,Female
12151.jpg,Male
12152.jpg,Male
12153.jpg,Male
12154.jpg,Male
12155.jpg,Female
12156.jpg,Male
12157.jpg,Male
12158.jpg,Male
12159.jpg,Male
12160.jpg,Male
12161.jpg,Male
12162.jpg,Male
12163.jpg,Male
12164.jpg,Male
12165.jpg,Female
12166.jpg,Female
12167.jpg,Male
12168.jpg,Male
12169.jpg,Male
12170.jpg,Female
12171.jpg,Male
12172.jpg,Male
12173.jpg,Female
12174.jpg,Male
12175.jpg,Male
12176.jpg,Male
12177.jpg,Male
12178.jpg,Male
12179.jpg,Male
12180.jpg,Female
12181.jpg,Female
12182.jpg,Male
12183.jpg,Male
12184.jpg,Male
12185.jpg,Male
12186.jpg,Male
12187.jpg,Male
12188.jpg,Male
12189.jpg,Male
12190.jpg,Female
12191.jpg,Male
12192.jpg,Male
12193.jpg,Male
12194.jpg,Male
12195.jpg,Male
12196.jpg,Male
12197.jpg,Male
12198.jpg,Male
12199.jpg,Male
12200.jpg,Male
12201.jpg,Male
12202.jpg,Male
12203.jpg,Male
12204.jpg,Male
12205.jpg,Male
12206.jpg,Male
12207.jpg,Male
12208.jpg,Male
12209.jpg,Male
12210.jpg,Female
12211.jpg,Male
12212.jpg,Male
12213.jpg,Male
12214.jpg,Male
12215.jpg,Male
12216.jpg,Male
12217.jpg,Male
12218.jpg,Male
12219.jpg,Male
12220.jpg,Male
12221.jpg,Male
12222.jpg,Male
12223.jpg,Male
12224.jpg,Female
12225.jpg,Female
12226.jpg,Female
12227.jpg,Male
12228.jpg,Male
12229.jpg,Male
12230.jpg,Female
12231.jpg,Male
12232.jpg,Female
12233.jpg,Male
12234.jpg,Female
12235.jpg,Male
12236.jpg,Male
12237.jpg,Female
12238.jpg,Male
12239.jpg,Male
12240.jpg,Male
12241.jpg,Female
12242.jpg,Male
12243.jpg,Male
12244.jpg,Male
12245.jpg,Male
12246.jpg,Male
12247.jpg,Male
12248.jpg,Male
12249.jpg,Male
12250.jpg,Male
12251.jpg,Male
12252.jpg,Male
12253.jpg,Male
12254.jpg,Male
12255.jpg,Male
12256.jpg,Male
12257.jpg,Male
12258.jpg,Male
12259.jpg,Male
12260.jpg,Female
12261.jpg,Male
12262.jpg,Female
12263.jpg,Female
12264.jpg,Male
12265.jpg,Male
12266.jpg,Female
12267.jpg,Male
12268.jpg,Male
12269.jpg,Male
12270.jpg,Male
12271.jpg,Male
12272.jpg,Male
12273.jpg,Male
12274.jpg,Female
12275.jpg,Male
12276.jpg,Female
12277.jpg,Male
12278.jpg,Female
12279.jpg,Female
12280.jpg,Male
12281.jpg,Female
12282.jpg,Female
12283.jpg,Male
12284.jpg,Male
12285.jpg,Male
12286.jpg,Male
12287.jpg,Female
12288.jpg,Male
12289.jpg,Male
12290.jpg,Male
12291.jpg,Female
12292.jpg,Female
12293.jpg,Male
12294.jpg,Male
12295.jpg,Male
12296.jpg,Male
12297.jpg,Male
12298.jpg,Male
12299.jpg,Male
12300.jpg,Male
12301.jpg,Male
12302.jpg,Male
12303.jpg,Male
12304.jpg,Male
12305.jpg,Male
12306.jpg,Female
12307.jpg,Male
12308.jpg,Male
12309.jpg,Female
12310.jpg,Male
12311.jpg,Male
12312.jpg,Male
12313.jpg,Male
12314.jpg,Male
12315.jpg,Female
12316.jpg,Female
12317.jpg,Male
12318.jpg,Male
12319.jpg,Female
12320.jpg,Female
12321.jpg,Male
12322.jpg,Male
12323.jpg,Male
12324.jpg,Male
12325.jpg,Male
12326.jpg,Male
12327.jpg,Male
12328.jpg,Female
12329.jpg,Female
12330.jpg,Female
12331.jpg,Female
12332.jpg,Male
12333.jpg,Male
12334.jpg,Male
12335.jpg,Male
12336.jpg,Male
12337.jpg,Male
12338.jpg,Male
12339.jpg,Male
12340.jpg,Male
12341.jpg,Female
12342.jpg,Male
12343.jpg,Male
12344.jpg,Male
12345.jpg,Male
12346.jpg,Male
12347.jpg,Male
12348.jpg,Male
12349.jpg,Male
12350.jpg,Male
12351.jpg,Male
12352.jpg,Male
12353.jpg,Male
12354.jpg,Male
12355.jpg,Male
12356.jpg,Male
12357.jpg,Male
12358.jpg,Male
12359.jpg,Male
12360.jpg,Female
12361.jpg,Male
12362.jpg,Male
12363.jpg,Male
12364.jpg,Male
12365.jpg,Male
12366.jpg,Male
12367.jpg,Female
12368.jpg,Male
12369.jpg,Female
12370.jpg,Male
12371.jpg,Male
12372.jpg,Male
12373.jpg,Male
12374.jpg,Male
12375.jpg,Male
12376.jpg,Female
12377.jpg,Female
12378.jpg,Male
12379.jpg,Female
12380.jpg,Male
12381.jpg,Male
12382.jpg,Male
12383.jpg,Male
12384.jpg,Female
12385.jpg,Male
12386.jpg,Female
12387.jpg,Male
12388.jpg,Male
12389.jpg,Male
12390.jpg,Female
12391.jpg,Male
12392.jpg,Female
12393.jpg,Male
12394.jpg,Female
12395.jpg,Male
12396.jpg,Male
12397.jpg,Male
12398.jpg,Male
12399.jpg,Female
12400.jpg,Female
12401.jpg,Male
12402.jpg,Male
12403.jpg,Male
12404.jpg,Male
12405.jpg,Male
12406.jpg,Female
12407.jpg,Female
12408.jpg,Female
12409.jpg,Female
12410.jpg,Female
12411.jpg,Male
12412.jpg,Male
12413.jpg,Male
12414.jpg,Male
12415.jpg,Male
12416.jpg,Male
12417.jpg,Male
12418.jpg,Male
12419.jpg,Male
12420.jpg,Female
12421.jpg,Male
12422.jpg,Male
12423.jpg,Male
12424.jpg,Male
12425.jpg,Male
12426.jpg,Male
12427.jpg,Male
12428.jpg,Male
12429.jpg,Male
12430.jpg,Male
12431.jpg,Male
12432.jpg,Male
12433.jpg,Male
12434.jpg,Male
12435.jpg,Female
12436.jpg,Male
12437.jpg,Male
12438.jpg,Male
12439.jpg,Female
12440.jpg,Female
12441.jpg,Female
12442.jpg,Female
12443.jpg,Male
12444.jpg,Male
12445.jpg,Male
12446.jpg,Male
12447.jpg,Male
12448.jpg,Female
12449.jpg,Male
12450.jpg,Male
12451.jpg,Male
12452.jpg,Male
12453.jpg,Male
12454.jpg,Male
12455.jpg,Female
12456.jpg,Female
12457.jpg,Female
12458.jpg,Male
12459.jpg,Male
12460.jpg,Male
12461.jpg,Male
12462.jpg,Male
12463.jpg,Male
12464.jpg,Male
12465.jpg,Female
12466.jpg,Male
12467.jpg,Male
12468.jpg,Male
12469.jpg,Male
12470.jpg,Male
12471.jpg,Male
12472.jpg,Male
12473.jpg,Male
12474.jpg,Male
12475.jpg,Female
12476.jpg,Male
12477.jpg,Male
12478.jpg,Male
12479.jpg,Female
12480.jpg,Female
12481.jpg,Male
12482.jpg,Female
12483.jpg,Male
12484.jpg,Male
12485.jpg,Male
12486.jpg,Male
12487.jpg,Male
12488.jpg,Male
12489.jpg,Male
12490.jpg,Male
12491.jpg,Male
12492.jpg,Female
12493.jpg,Male
12494.jpg,Male
12495.jpg,Male
12496.jpg,Male
12497.jpg,Male
12498.jpg,Male
12499.jpg,Male
12500.jpg,Female
12501.jpg,Male
12502.jpg,Female
12503.jpg,Female
12504.jpg,Female
12505.jpg,Male
12506.jpg,Male
12507.jpg,Male
12508.jpg,Male
12509.jpg,Male
12510.jpg,Male
12511.jpg,Female
12512.jpg,Male
12513.jpg,Male
12514.jpg,Male
12515.jpg,Male
12516.jpg,Female
12517.jpg,Male
12518.jpg,Male
12519.jpg,Male
12520.jpg,Male
12521.jpg,Female
12522.jpg,Male
12523.jpg,Male
12524.jpg,Female
12525.jpg,Male
12526.jpg,Male
12527.jpg,Female
12528.jpg,Male
12529.jpg,Male
12530.jpg,Male
12531.jpg,Female
12532.jpg,Female
12533.jpg,Female
12534.jpg,Male
12535.jpg,Female
12536.jpg,Male
12537.jpg,Male
12538.jpg,Female
12539.jpg,Male
12540.jpg,Male
12541.jpg,Male
12542.jpg,Female
12543.jpg,Male
12544.jpg,Female
12545.jpg,Female
12546.jpg,Female
12547.jpg,Male
12548.jpg,Male
12549.jpg,Male
12550.jpg,Female
12551.jpg,Male
12552.jpg,Male
12553.jpg,Female
12554.jpg,Female
12555.jpg,Female
12556.jpg,Male
12557.jpg,Male
12558.jpg,Female
12559.jpg,Male
12560.jpg,Male
12561.jpg,Female
12562.jpg,Female
12563.jpg,Female
12564.jpg,Male
12565.jpg,Female
12566.jpg,Male
12567.jpg,Male
12568.jpg,Male
12569.jpg,Male
12570.jpg,Male
12571.jpg,Male
12572.jpg,Male
12573.jpg,Male
12574.jpg,Male
12575.jpg,Male
12576.jpg,Male
12577.jpg,Male
12578.jpg,Male
12579.jpg,Male
12580.jpg,Male
12581.jpg,Male
12582.jpg,Male
12583.jpg,Male
12584.jpg,Male
12585.jpg,Male
12586.jpg,Male
12587.jpg,Female
12588.jpg,Male
12589.jpg,Male
12590.jpg,Male
12591.jpg,Male
12592.jpg,Male
12593.jpg,Male
12594.jpg,Male
12595.jpg,Female
12596.jpg,Male
12597.jpg,Female
12598.jpg,Male
12599.jpg,Female
12600.jpg,Male
12601.jpg,Male
12602.jpg,Male
12603.jpg,Male
12604.jpg,Male
12605.jpg,Male
12606.jpg,Male
12607.jpg,Female
12608.jpg,Male
12609.jpg,Male
12610.jpg,Female
12611.jpg,Male
12612.jpg,Female
12613.jpg,Female
12614.jpg,Female
12615.jpg,Female
12616.jpg,Male
12617.jpg,Male
12618.jpg,Male
12619.jpg,Male
12620.jpg,Male
12621.jpg,Female
12622.jpg,Male
12623.jpg,Male
12624.jpg,Female
12625.jpg,Male
12626.jpg,Male
12627.jpg,Male
12628.jpg,Male
12629.jpg,Male
12630.jpg,Male
12631.jpg,Male
12632.jpg,Female
12633.jpg,Male
12634.jpg,Male
12635.jpg,Male
12636.jpg,Male
12637.jpg,Male
12638.jpg,Male
12639.jpg,Male
12640.jpg,Male
12641.jpg,Male
12642.jpg,Male
12643.jpg,Male
12644.jpg,Male
12645.jpg,Male
12646.jpg,Male
12647.jpg,Female
12648.jpg,Male
12649.jpg,Male
12650.jpg,Female
12651.jpg,Male
12652.jpg,Male
12653.jpg,Male
12654.jpg,Female
12655.jpg,Male
12656.jpg,Female
12657.jpg,Female
12658.jpg,Female
12659.jpg,Male
12660.jpg,Female
12661.jpg,Male
12662.jpg,Male
12663.jpg,Female
12664.jpg,Male
12665.jpg,Male
12666.jpg,Male
12667.jpg,Male
12668.jpg,Male
12669.jpg,Female
12670.jpg,Female
12671.jpg,Male
12672.jpg,Female
12673.jpg,Male
12674.jpg,Male
12675.jpg,Male
12676.jpg,Male
12677.jpg,Female
12678.jpg,Male
12679.jpg,Male
12680.jpg,Male
12681.jpg,Female
12682.jpg,Male
12683.jpg,Male
12684.jpg,Male
12685.jpg,Female
12686.jpg,Male
12687.jpg,Male
12688.jpg,Male
12689.jpg,Male
12690.jpg,Male
12691.jpg,Male
12692.jpg,Male
12693.jpg,Male
12694.jpg,Male
12695.jpg,Female
12696.jpg,Male
12697.jpg,Male
12698.jpg,Male
12699.jpg,Male
12700.jpg,Male
12701.jpg,Male
12702.jpg,Male
12703.jpg,Male
12704.jpg,Male
12705.jpg,Female
12706.jpg,Female
12707.jpg,Male
12708.jpg,Male
12709.jpg,Male
12710.jpg,Male
12711.jpg,Male
12712.jpg,Male
12713.jpg,Male
12714.jpg,Male
12715.jpg,Male
12716.jpg,Female
12717.jpg,Male
12718.jpg,Male
12719.jpg,Female
12720.jpg,Male
12721.jpg,Male
12722.jpg,Female
12723.jpg,Male
12724.jpg,Male
12725.jpg,Female
12726.jpg,Male
12727.jpg,Male
12728.jpg,Male
12729.jpg,Male
12730.jpg,Male
12731.jpg,Male
12732.jpg,Male
12733.jpg,Male
12734.jpg,Female
12735.jpg,Female
12736.jpg,Male
12737.jpg,Male
12738.jpg,Male
12739.jpg,Male
12740.jpg,Male
12741.jpg,Female
12742.jpg,Male
12743.jpg,Male
12744.jpg,Male
12745.jpg,Male
12746.jpg,Male
12747.jpg,Male
12748.jpg,Female
12749.jpg,Male
12750.jpg,Female
12751.jpg,Male
12752.jpg,Male
12753.jpg,Male
12754.jpg,Male
12755.jpg,Male
12756.jpg,Female
12757.jpg,Male
12758.jpg,Female
12759.jpg,Male
12760.jpg,Male
12761.jpg,Male
12762.jpg,Male
12763.jpg,Male
12764.jpg,Female
12765.jpg,Male
12766.jpg,Female
12767.jpg,Male
12768.jpg,Male
12769.jpg,Male
12770.jpg,Male
12771.jpg,Male
12772.jpg,Male
12773.jpg,Male
12774.jpg,Male
12775.jpg,Male
12776.jpg,Female
12777.jpg,Male
12778.jpg,Male
12779.jpg,Female
12780.jpg,Male
12781.jpg,Male
12782.jpg,Male
12783.jpg,Male
12784.jpg,Male
12785.jpg,Male
12786.jpg,Male
12787.jpg,Female
12788.jpg,Male
12789.jpg,Male
12790.jpg,Male
12791.jpg,Male
12792.jpg,Male
12793.jpg,Male
12794.jpg,Male
12795.jpg,Female
12796.jpg,Male
12797.jpg,Female
12798.jpg,Male
12799.jpg,Male
12800.jpg,Male
12801.jpg,Male
12802.jpg,Male
12803.jpg,Male
12804.jpg,Male
12805.jpg,Male
12806.jpg,Male
12807.jpg,Female
12808.jpg,Male
12809.jpg,Male
12810.jpg,Female
12811.jpg,Female
12812.jpg,Male
12813.jpg,Male
12814.jpg,Male
12815.jpg,Male
12816.jpg,Female
12817.jpg,Male
12818.jpg,Male
12819.jpg,Male
12820.jpg,Male
12821.jpg,Male
12822.jpg,Female
12823.jpg,Male
12824.jpg,Female
12825.jpg,Male
12826.jpg,Male
12827.jpg,Male
12828.jpg,Male
12829.jpg,Male
12830.jpg,Male
12831.jpg,Male
12832.jpg,Female
12833.jpg,Male
12834.jpg,Male
12835.jpg,Male
12836.jpg,Female
12837.jpg,Female
12838.jpg,Male
12839.jpg,Male
12840.jpg,Male
12841.jpg,Male
12842.jpg,Male
12843.jpg,Female
12844.jpg,Female
12845.jpg,Male
12846.jpg,Male
12847.jpg,Female
12848.jpg,Male
12849.jpg,Male
12850.jpg,Male
12851.jpg,Male
12852.jpg,Male
12853.jpg,Male
12854.jpg,Male
12855.jpg,Male
12856.jpg,Male
12857.jpg,Female
12858.jpg,Male
12859.jpg,Male
12860.jpg,Female
12861.jpg,Male
12862.jpg,Male
12863.jpg,Male
12864.jpg,Male
12865.jpg,Male
12866.jpg,Male
12867.jpg,Male
12868.jpg,Male
12869.jpg,Female
12870.jpg,Male
12871.jpg,Male
12872.jpg,Male
12873.jpg,Female
12874.jpg,Male
12875.jpg,Male
12876.jpg,Male
12877.jpg,Male
12878.jpg,Female
12879.jpg,Female
12880.jpg,Male
12881.jpg,Male
12882.jpg,Male
12883.jpg,Female
12884.jpg,Male
12885.jpg,Male
12886.jpg,Male
12887.jpg,Male
12888.jpg,Male
12889.jpg,Male
12890.jpg,Male
12891.jpg,Male
12892.jpg,Male
12893.jpg,Male
12894.jpg,Female
12895.jpg,Male
12896.jpg,Male
12897.jpg,Male
12898.jpg,Male
12899.jpg,Female
12900.jpg,Male
12901.jpg,Male
12902.jpg,Female
12903.jpg,Male
12904.jpg,Male
12905.jpg,Male
12906.jpg,Male
12907.jpg,Male
12908.jpg,Male
12909.jpg,Male
12910.jpg,Female
12911.jpg,Female
12912.jpg,Male
12913.jpg,Male
12914.jpg,Female
12915.jpg,Female
12916.jpg,Male
12917.jpg,Male
12918.jpg,Male
12919.jpg,Male
12920.jpg,Male
12921.jpg,Male
12922.jpg,Male
12923.jpg,Male
12924.jpg,Male
12925.jpg,Male
12926.jpg,Male
12927.jpg,Male
12928.jpg,Male
12929.jpg,Male
12930.jpg,Male
12931.jpg,Female
12932.jpg,Male
12933.jpg,Female
12934.jpg,Male
12935.jpg,Female
12936.jpg,Male
12937.jpg,Female
12938.jpg,Male
12939.jpg,Female
12940.jpg,Male
12941.jpg,Male
12942.jpg,Female
12943.jpg,Male
12944.jpg,Male
12945.jpg,Male
12946.jpg,Male
12947.jpg,Male
12948.jpg,Male
12949.jpg,Male
12950.jpg,Female
12951.jpg,Male
12952.jpg,Male
12953.jpg,Male
12954.jpg,Male
12955.jpg,Male
12956.jpg,Male
12957.jpg,Male
12958.jpg,Male
12959.jpg,Male
12960.jpg,Male
12961.jpg,Male
12962.jpg,Male
12963.jpg,Male
12964.jpg,Male
12965.jpg,Male
12966.jpg,Male
12967.jpg,Male
12968.jpg,Male
12969.jpg,Male
12970.jpg,Male
12971.jpg,Male
12972.jpg,Male
12973.jpg,Male
12974.jpg,Male
12975.jpg,Female
12976.jpg,Male
12977.jpg,Male
12978.jpg,Male
12979.jpg,Male
12980.jpg,Male
12981.jpg,Male
12982.jpg,Male
12983.jpg,Male
12984.jpg,Female
12985.jpg,Male
12986.jpg,Male
12987.jpg,Male
12988.jpg,Female
12989.jpg,Male
12990.jpg,Male
12991.jpg,Male
12992.jpg,Male
12993.jpg,Male
12994.jpg,Male
12995.jpg,Female
12996.jpg,Male
12997.jpg,Male
12998.jpg,Female
12999.jpg,Male
13000.jpg,Male
13001.jpg,Female
13002.jpg,Male
13003.jpg,Female
13004.jpg,Male
13005.jpg,Male
13006.jpg,Male
13007.jpg,Female
13008.jpg,Male
13009.jpg,Male
13010.jpg,Male
13011.jpg,Male
13012.jpg,Female
13013.jpg,Male
13014.jpg,Female
13015.jpg,Male
13016.jpg,Female
13017.jpg,Male
13018.jpg,Male
13019.jpg,Male
13020.jpg,Female
13021.jpg,Female
13022.jpg,Female
13023.jpg,Male
13024.jpg,Male
13025.jpg,Male
13026.jpg,Female
13027.jpg,Male
13028.jpg,Male
13029.jpg,Female
13030.jpg,Male
13031.jpg,Female
13032.jpg,Male
13033.jpg,Female
13034.jpg,Male
13035.jpg,Male
13036.jpg,Female
13037.jpg,Female
13038.jpg,Male
13039.jpg,Male
13040.jpg,Female
13041.jpg,Male
13042.jpg,Male
13043.jpg,Male
13044.jpg,Male
13045.jpg,Male
13046.jpg,Male
13047.jpg,Female
13048.jpg,Male
13049.jpg,Male
13050.jpg,Male
13051.jpg,Male
13052.jpg,Male
13053.jpg,Male
13054.jpg,Male
13055.jpg,Male
13056.jpg,Male
13057.jpg,Male
13058.jpg,Male
13059.jpg,Male
13060.jpg,Female
13061.jpg,Male
13062.jpg,Female
13063.jpg,Male
13064.jpg,Female
13065.jpg,Male
13066.jpg,Male
13067.jpg,Male
13068.jpg,Male
13069.jpg,Male
13070.jpg,Male
13071.jpg,Male
13072.jpg,Male
13073.jpg,Female
13074.jpg,Male
13075.jpg,Female
13076.jpg,Male
13077.jpg,Male
13078.jpg,Male
13079.jpg,Female
13080.jpg,Male
13081.jpg,Male
13082.jpg,Male
13083.jpg,Female
13084.jpg,Male
13085.jpg,Male
13086.jpg,Female
13087.jpg,Female
13088.jpg,Male
13089.jpg,Male
13090.jpg,Male
13091.jpg,Male
13092.jpg,Male
13093.jpg,Female
13094.jpg,Male
13095.jpg,Male
13096.jpg,Male
13097.jpg,Female
13098.jpg,Male
13099.jpg,Male
13100.jpg,Male
13101.jpg,Female
13102.jpg,Female
13103.jpg,Male
13104.jpg,Male
13105.jpg,Male
13106.jpg,Male
13107.jpg,Male
13108.jpg,Male
13109.jpg,Male
13110.jpg,Female
13111.jpg,Male
13112.jpg,Female
13113.jpg,Female
13114.jpg,Male
13115.jpg,Female
13116.jpg,Male
13117.jpg,Male
13118.jpg,Male
13119.jpg,Female
13120.jpg,Male
13121.jpg,Male
13122.jpg,Female
13123.jpg,Male
13124.jpg,Male
13125.jpg,Male
13126.jpg,Male
13127.jpg,Female
13128.jpg,Male
13129.jpg,Male
13130.jpg,Female
13131.jpg,Male
13132.jpg,Male
13133.jpg,Male
13134.jpg,Male
13135.jpg,Male
13136.jpg,Male
13137.jpg,Female
13138.jpg,Male
13139.jpg,Male
13140.jpg,Male
13141.jpg,Male
13142.jpg,Male
13143.jpg,Male
13144.jpg,Male
13145.jpg,Male
13146.jpg,Male
13147.jpg,Male
13148.jpg,Male
13149.jpg,Male
13150.jpg,Male
13151.jpg,Male
13152.jpg,Male
13153.jpg,Female
13154.jpg,Male
13155.jpg,Male
13156.jpg,Male
13157.jpg,Female
13158.jpg,Female
13159.jpg,Male
13160.jpg,Male
13161.jpg,Female
13162.jpg,Male
13163.jpg,Male
13164.jpg,Male
13165.jpg,Female
13166.jpg,Male
13167.jpg,Male
13168.jpg,Male
13169.jpg,Male
13170.jpg,Male
13171.jpg,Male
13172.jpg,Male
13173.jpg,Male
13174.jpg,Male
13175.jpg,Male
13176.jpg,Male
13177.jpg,Female
13178.jpg,Male
13179.jpg,Female
13180.jpg,Male
13181.jpg,Male
13182.jpg,Male
13183.jpg,Female
13184.jpg,Male
13185.jpg,Male
13186.jpg,Male
13187.jpg,Male
13188.jpg,Male
13189.jpg,Male
13190.jpg,Male
13191.jpg,Male
13192.jpg,Male
13193.jpg,Female
13194.jpg,Male
13195.jpg,Male
13196.jpg,Male
13197.jpg,Male
13198.jpg,Male
13199.jpg,Female
13200.jpg,Male
13201.jpg,Male
13202.jpg,Male
13203.jpg,Male
13204.jpg,Male
13205.jpg,Male
13206.jpg,Male
13207.jpg,Male
13208.jpg,Male
13209.jpg,Male
13210.jpg,Male
13211.jpg,Male
13212.jpg,Female
13213.jpg,Male
13214.jpg,Male
13215.jpg,Female
13216.jpg,Female
13217.jpg,Male
13218.jpg,Female
13219.jpg,Male
13220.jpg,Male
13221.jpg,Male
13222.jpg,Male
13223.jpg,Female
13224.jpg,Male
13225.jpg,Male
13226.jpg,Male
13227.jpg,Male
13228.jpg,Male
13229.jpg,Female
13230.jpg,Male
13231.jpg,Male
13232.jpg,Male
13233.jpg,Male
13234.jpg,Male
13235.jpg,Male
13236.jpg,Male
13237.jpg,Male
13238.jpg,Female
13239.jpg,Female
13240.jpg,Male
13241.jpg,Male
13242.jpg,Female
13243.jpg,Male
13244.jpg,Male
13245.jpg,Male
13246.jpg,Male
13247.jpg,Male
13248.jpg,Male
13249.jpg,Male
13250.jpg,Male
13251.jpg,Male
13252.jpg,Female
13253.jpg,Male
13254.jpg,Male
13255.jpg,Female
13256.jpg,Male
13257.jpg,Male
13258.jpg,Male
13259.jpg,Male
13260.jpg,Female
13261.jpg,Male
13262.jpg,Female
13263.jpg,Female
13264.jpg,Male
13265.jpg,Female
13266.jpg,Male
13267.jpg,Male
13268.jpg,Male
13269.jpg,Male
13270.jpg,Male
13271.jpg,Male
13272.jpg,Male
13273.jpg,Male
13274.jpg,Male
13275.jpg,Male
13276.jpg,Female
13277.jpg,Male
13278.jpg,Male
13279.jpg,Male
13280.jpg,Male
13281.jpg,Male
13282.jpg,Male
13283.jpg,Male
13284.jpg,Female
13285.jpg,Male
13286.jpg,Male
13287.jpg,Male
13288.jpg,Male
13289.jpg,Male
13290.jpg,Male
13291.jpg,Male
13292.jpg,Male
13293.jpg,Female
13294.jpg,Male
13295.jpg,Male
13296.jpg,Male
13297.jpg,Female
13298.jpg,Male
13299.jpg,Male
13300.jpg,Male
13301.jpg,Male
13302.jpg,Male
13303.jpg,Female
13304.jpg,Male
13305.jpg,Male
13306.jpg,Male
13307.jpg,Male
13308.jpg,Male
13309.jpg,Male
13310.jpg,Male
13311.jpg,Female
13312.jpg,Male
13313.jpg,Male
13314.jpg,Male
13315.jpg,Male
13316.jpg,Male
13317.jpg,Male
13318.jpg,Male
13319.jpg,Male
13320.jpg,Female
13321.jpg,Male
13322.jpg,Male
13323.jpg,Male
13324.jpg,Male
13325.jpg,Male
13326.jpg,Male
13327.jpg,Male
13328.jpg,Male
13329.jpg,Male
13330.jpg,Male
13331.jpg,Female
13332.jpg,Male
13333.jpg,Male
13334.jpg,Male
13335.jpg,Male
13336.jpg,Male
13337.jpg,Male
13338.jpg,Male
13339.jpg,Female
13340.jpg,Male
13341.jpg,Male
13342.jpg,Male
13343.jpg,Male
13344.jpg,Male
13345.jpg,Male
13346.jpg,Female
13347.jpg,Male
13348.jpg,Male
13349.jpg,Male
13350.jpg,Male
13351.jpg,Female
13352.jpg,Male
13353.jpg,Male
13354.jpg,Male
13355.jpg,Female
13356.jpg,Male
13357.jpg,Male
13358.jpg,Male
13359.jpg,Female
13360.jpg,Male
13361.jpg,Male
13362.jpg,Male
13363.jpg,Male
13364.jpg,Female
13365.jpg,Male
13366.jpg,Male
13367.jpg,Male
13368.jpg,Male
13369.jpg,Male
13370.jpg,Male
13371.jpg,Male
13372.jpg,Female
13373.jpg,Male
13374.jpg,Male
13375.jpg,Male
13376.jpg,Male
13377.jpg,Male
13378.jpg,Female
13379.jpg,Male
13380.jpg,Male
13381.jpg,Male
13382.jpg,Male
13383.jpg,Female
13384.jpg,Male
13385.jpg,Male
13386.jpg,Male
13387.jpg,Male
13388.jpg,Female
13389.jpg,Male
13390.jpg,Male
13391.jpg,Male
13392.jpg,Male
13393.jpg,Male
13394.jpg,Male
13395.jpg,Male
13396.jpg,Female
13397.jpg,Male
13398.jpg,Male
13399.jpg,Male
13400.jpg,Male
13401.jpg,Male
13402.jpg,Female
13403.jpg,Male
13404.jpg,Male
13405.jpg,Male
13406.jpg,Female
13407.jpg,Male
13408.jpg,Male
13409.jpg,Male
13410.jpg,Female
13411.jpg,Female
13412.jpg,Male
13413.jpg,Male
13414.jpg,Male
13415.jpg,Male
13416.jpg,Male
13417.jpg,Male
13418.jpg,Female
13419.jpg,Male
13420.jpg,Male
13421.jpg,Male
13422.jpg,Male
13423.jpg,Male
13424.jpg,Male
13425.jpg,Male
13426.jpg,Female
13427.jpg,Male
13428.jpg,Female
13429.jpg,Male
13430.jpg,Male
13431.jpg,Male
13432.jpg,Male
13433.jpg,Male
13434.jpg,Male
13435.jpg,Female
13436.jpg,Male
13437.jpg,Male
13438.jpg,Male
13439.jpg,Male
13440.jpg,Male
13441.jpg,Female
13442.jpg,Male
13443.jpg,Male
13444.jpg,Male
13445.jpg,Male
13446.jpg,Male
13447.jpg,Male
13448.jpg,Male
13449.jpg,Female
13450.jpg,Female
13451.jpg,Male
13452.jpg,Male
13453.jpg,Male
13454.jpg,Female
13455.jpg,Male
13456.jpg,Female
13457.jpg,Male
13458.jpg,Male
13459.jpg,Male
13460.jpg,Female
13461.jpg,Female
13462.jpg,Female
13463.jpg,Female
13464.jpg,Female
13465.jpg,Male
13466.jpg,Male
13467.jpg,Male
13468.jpg,Male
13469.jpg,Male
13470.jpg,Female
13471.jpg,Male
13472.jpg,Male
13473.jpg,Male
13474.jpg,Male
13475.jpg,Male
13476.jpg,Male
13477.jpg,Female
13478.jpg,Male
13479.jpg,Female
13480.jpg,Female
13481.jpg,Female
13482.jpg,Male
13483.jpg,Male
13484.jpg,Male
13485.jpg,Male
13486.jpg,Female
13487.jpg,Male
13488.jpg,Male
13489.jpg,Male
13490.jpg,Male
13491.jpg,Male
13492.jpg,Male
13493.jpg,Male
13494.jpg,Male
13495.jpg,Male
13496.jpg,Male
13497.jpg,Male
13498.jpg,Male
13499.jpg,Male
13500.jpg,Female
13501.jpg,Male
13502.jpg,Male
13503.jpg,Male
13504.jpg,Female
13505.jpg,Female
13506.jpg,Male
13507.jpg,Male
13508.jpg,Male
13509.jpg,Male
13510.jpg,Male
13511.jpg,Male
13512.jpg,Male
13513.jpg,Male
13514.jpg,Female
13515.jpg,Male
13516.jpg,Male
13517.jpg,Male
13518.jpg,Male
13519.jpg,Male
13520.jpg,Male
13521.jpg,Male
13522.jpg,Male
13523.jpg,Male
13524.jpg,Female
13525.jpg,Male
13526.jpg,Male
13527.jpg,Male
13528.jpg,Female
13529.jpg,Male
13530.jpg,Male
13531.jpg,Female
13532.jpg,Female
13533.jpg,Male
13534.jpg,Female
13535.jpg,Male
13536.jpg,Female
13537.jpg,Male
13538.jpg,Female
13539.jpg,Female
13540.jpg,Male
13541.jpg,Male
13542.jpg,Male
13543.jpg,Male
13544.jpg,Male
13545.jpg,Male
13546.jpg,Male
13547.jpg,Female
13548.jpg,Male
13549.jpg,Female
13550.jpg,Male
13551.jpg,Male
13552.jpg,Male
13553.jpg,Male
13554.jpg,Male
13555.jpg,Male
13556.jpg,Female
13557.jpg,Male
13558.jpg,Male
13559.jpg,Male
13560.jpg,Male
13561.jpg,Male
13562.jpg,Female
13563.jpg,Male
13564.jpg,Male
13565.jpg,Male
13566.jpg,Male
13567.jpg,Male
13568.jpg,Male
13569.jpg,Male
13570.jpg,Male
13571.jpg,Male
13572.jpg,Male
13573.jpg,Male
13574.jpg,Male
13575.jpg,Male
13576.jpg,Male
13577.jpg,Male
13578.jpg,Female
13579.jpg,Male
13580.jpg,Male
13581.jpg,Male
13582.jpg,Male
13583.jpg,Male
13584.jpg,Male
13585.jpg,Male
13586.jpg,Male
13587.jpg,Male
13588.jpg,Male
13589.jpg,Male
13590.jpg,Male
13591.jpg,Male
13592.jpg,Male
13593.jpg,Male
13594.jpg,Female
13595.jpg,Female
13596.jpg,Male
13597.jpg,Male
13598.jpg,Male
13599.jpg,Male
13600.jpg,Male
13601.jpg,Male
13602.jpg,Male
13603.jpg,Male
13604.jpg,Male
13605.jpg,Male
13606.jpg,Male
13607.jpg,Male
13608.jpg,Female
13609.jpg,Male
13610.jpg,Male
13611.jpg,Male
13612.jpg,Male
13613.jpg,Male
13614.jpg,Male
13615.jpg,Male
13616.jpg,Male
13617.jpg,Female
13618.jpg,Male
13619.jpg,Male
13620.jpg,Male
13621.jpg,Male
13622.jpg,Male
13623.jpg,Female
13624.jpg,Male
13625.jpg,Male
13626.jpg,Female
13627.jpg,Male
13628.jpg,Male
13629.jpg,Male
13630.jpg,Male
13631.jpg,Male
13632.jpg,Male
13633.jpg,Female
13634.jpg,Male
13635.jpg,Male
13636.jpg,Male
13637.jpg,Female
13638.jpg,Male
13639.jpg,Male
13640.jpg,Male
13641.jpg,Female
13642.jpg,Male
13643.jpg,Male
13644.jpg,Male
13645.jpg,Male
13646.jpg,Male
13647.jpg,Male
13648.jpg,Male
13649.jpg,Male
13650.jpg,Male
13651.jpg,Female
13652.jpg,Male
13653.jpg,Male
13654.jpg,Male
13655.jpg,Male
13656.jpg,Male
13657.jpg,Male
13658.jpg,Male
13659.jpg,Female
13660.jpg,Male
13661.jpg,Male
13662.jpg,Male
13663.jpg,Female
13664.jpg,Male
13665.jpg,Male
13666.jpg,Male
13667.jpg,Male
13668.jpg,Female
13669.jpg,Female
13670.jpg,Male
13671.jpg,Male
13672.jpg,Male
13673.jpg,Male
13674.jpg,Male
13675.jpg,Male
13676.jpg,Male
13677.jpg,Male
13678.jpg,Female
13679.jpg,Male
13680.jpg,Male
13681.jpg,Male
13682.jpg,Male
13683.jpg,Male
13684.jpg,Male
13685.jpg,Male
13686.jpg,Male
13687.jpg,Female
13688.jpg,Male
13689.jpg,Male
13690.jpg,Male
13691.jpg,Male
13692.jpg,Male
13693.jpg,Female
13694.jpg,Male
13695.jpg,Male
13696.jpg,Male
13697.jpg,Female
13698.jpg,Male
13699.jpg,Male
13700.jpg,Male
13701.jpg,Male
13702.jpg,Male
13703.jpg,Male
13704.jpg,Female
13705.jpg,Female
13706.jpg,Female
13707.jpg,Male
13708.jpg,Male
13709.jpg,Male
13710.jpg,Female
13711.jpg,Female
13712.jpg,Male
13713.jpg,Male
13714.jpg,Male
13715.jpg,Male
13716.jpg,Female
13717.jpg,Female
13718.jpg,Male
13719.jpg,Male
13720.jpg,Female
13721.jpg,Male
13722.jpg,Male
13723.jpg,Male
13724.jpg,Male
13725.jpg,Female
13726.jpg,Male
13727.jpg,Male
13728.jpg,Male
13729.jpg,Male
13730.jpg,Male
13731.jpg,Male
13732.jpg,Male
13733.jpg,Male
13734.jpg,Male
13735.jpg,Male
13736.jpg,Male
13737.jpg,Male
13738.jpg,Male
13739.jpg,Male
13740.jpg,Male
13741.jpg,Male
13742.jpg,Male
13743.jpg,Male
13744.jpg,Female
13745.jpg,Male
13746.jpg,Male
13747.jpg,Male
13748.jpg,Female
13749.jpg,Male
13750.jpg,Male
13751.jpg,Female
13752.jpg,Male
13753.jpg,Male
13754.jpg,Male
13755.jpg,Male
13756.jpg,Female
13757.jpg,Male
13758.jpg,Male
13759.jpg,Male
13760.jpg,Male
13761.jpg,Female
13762.jpg,Male
13763.jpg,Male
13764.jpg,Male
13765.jpg,Male
13766.jpg,Male
13767.jpg,Male
13768.jpg,Male
13769.jpg,Male
13770.jpg,Male
13771.jpg,Male
13772.jpg,Male
13773.jpg,Male
13774.jpg,Female
13775.jpg,Male
13776.jpg,Female
13777.jpg,Male
13778.jpg,Male
13779.jpg,Male
13780.jpg,Female
13781.jpg,Female
13782.jpg,Female
13783.jpg,Female
13784.jpg,Female
13785.jpg,Male
13786.jpg,Male
13787.jpg,Female
13788.jpg,Male
13789.jpg,Male
13790.jpg,Male
13791.jpg,Male
13792.jpg,Female
13793.jpg,Male
13794.jpg,Female
13795.jpg,Male
13796.jpg,Female
13797.jpg,Male
13798.jpg,Male
13799.jpg,Female
13800.jpg,Male
13801.jpg,Female
13802.jpg,Male
13803.jpg,Male
13804.jpg,Male
13805.jpg,Male
13806.jpg,Male
13807.jpg,Female
13808.jpg,Male
13809.jpg,Male
13810.jpg,Male
13811.jpg,Male
13812.jpg,Male
13813.jpg,Male
13814.jpg,Male
13815.jpg,Male
13816.jpg,Male
13817.jpg,Male
13818.jpg,Male
13819.jpg,Male
13820.jpg,Male
13821.jpg,Male
13822.jpg,Male
13823.jpg,Female
13824.jpg,Male
13825.jpg,Male
13826.jpg,Female
13827.jpg,Female
13828.jpg,Male
13829.jpg,Male
13830.jpg,Male
13831.jpg,Male
13832.jpg,Female
13833.jpg,Female
13834.jpg,Male
13835.jpg,Male
13836.jpg,Male
13837.jpg,Male
13838.jpg,Female
13839.jpg,Male
13840.jpg,Male
13841.jpg,Female
13842.jpg,Male
13843.jpg,Male
13844.jpg,Male
13845.jpg,Male
13846.jpg,Male
13847.jpg,Female
13848.jpg,Male
13849.jpg,Female
13850.jpg,Male
13851.jpg,Male
13852.jpg,Male
13853.jpg,Male
13854.jpg,Male
13855.jpg,Male
13856.jpg,Male
13857.jpg,Male
13858.jpg,Male
13859.jpg,Female
13860.jpg,Female
13861.jpg,Female
13862.jpg,Male
13863.jpg,Male
13864.jpg,Male
13865.jpg,Male
13866.jpg,Male
13867.jpg,Male
13868.jpg,Male
13869.jpg,Male
13870.jpg,Male
13871.jpg,Male
13872.jpg,Female
13873.jpg,Male
13874.jpg,Male
13875.jpg,Female
13876.jpg,Female
13877.jpg,Male
13878.jpg,Female
13879.jpg,Male
13880.jpg,Male
13881.jpg,Female
13882.jpg,Male
13883.jpg,Female
13884.jpg,Male
13885.jpg,Male
13886.jpg,Male
13887.jpg,Male
13888.jpg,Female
13889.jpg,Male
13890.jpg,Male
13891.jpg,Male
13892.jpg,Male
13893.jpg,Female
13894.jpg,Male
13895.jpg,Female
13896.jpg,Male
13897.jpg,Female
13898.jpg,Male
13899.jpg,Male
13900.jpg,Male
13901.jpg,Female
13902.jpg,Female
13903.jpg,Male
13904.jpg,Male
13905.jpg,Female
13906.jpg,Female
13907.jpg,Female
13908.jpg,Female
13909.jpg,Male
13910.jpg,Male
13911.jpg,Male
13912.jpg,Male
13913.jpg,Male
13914.jpg,Female
13915.jpg,Male
13916.jpg,Male
13917.jpg,Female
13918.jpg,Male
13919.jpg,Male
13920.jpg,Male
13921.jpg,Male
13922.jpg,Male
13923.jpg,Male
13924.jpg,Male
13925.jpg,Male
13926.jpg,Male
13927.jpg,Male
13928.jpg,Male
13929.jpg,Female
13930.jpg,Male
13931.jpg,Male
13932.jpg,Male
13933.jpg,Male
13934.jpg,Male
13935.jpg,Female
13936.jpg,Male
13937.jpg,Female
13938.jpg,Female
13939.jpg,Female
13940.jpg,Male
13941.jpg,Male
13942.jpg,Male
13943.jpg,Male
13944.jpg,Male
13945.jpg,Male
13946.jpg,Male
13947.jpg,Male
13948.jpg,Male
13949.jpg,Male
13950.jpg,Male
13951.jpg,Male
13952.jpg,Male
13953.jpg,Male
13954.jpg,Female
13955.jpg,Male
13956.jpg,Male
13957.jpg,Male
13958.jpg,Female
13959.jpg,Male
13960.jpg,Male
13961.jpg,Male
13962.jpg,Male
13963.jpg,Female
13964.jpg,Male
13965.jpg,Male
13966.jpg,Female
13967.jpg,Male
13968.jpg,Male
13969.jpg,Male
13970.jpg,Male
13971.jpg,Female
13972.jpg,Male
13973.jpg,Female
13974.jpg,Female
13975.jpg,Male
13976.jpg,Female
13977.jpg,Female
13978.jpg,Male
13979.jpg,Male
13980.jpg,Male
13981.jpg,Male
13982.jpg,Female
13983.jpg,Male
13984.jpg,Male
13985.jpg,Male
13986.jpg,Male
13987.jpg,Female
13988.jpg,Male
13989.jpg,Female
13990.jpg,Male
13991.jpg,Male
13992.jpg,Male
13993.jpg,Female
13994.jpg,Male
13995.jpg,Male
13996.jpg,Female
13997.jpg,Male
13998.jpg,Male
13999.jpg,Male
14000.jpg,Male
14001.jpg,Male
14002.jpg,Male
14003.jpg,Female
14004.jpg,Male
14005.jpg,Male
14006.jpg,Female
14007.jpg,Male
14008.jpg,Male
14009.jpg,Male
14010.jpg,Male
14011.jpg,Male
14012.jpg,Male
14013.jpg,Male
14014.jpg,Female
14015.jpg,Male
14016.jpg,Female
14017.jpg,Male
14018.jpg,Male
14019.jpg,Male
14020.jpg,Male
14021.jpg,Female
14022.jpg,Male
14023.jpg,Male
14024.jpg,Male
14025.jpg,Male
14026.jpg,Male
14027.jpg,Male
14028.jpg,Female
14029.jpg,Male
14030.jpg,Male
14031.jpg,Female
14032.jpg,Female
14033.jpg,Male
14034.jpg,Male
14035.jpg,Male
14036.jpg,Female
14037.jpg,Male
14038.jpg,Female
14039.jpg,Male
14040.jpg,Male
14041.jpg,Female
14042.jpg,Male
14043.jpg,Male
14044.jpg,Male
14045.jpg,Female
14046.jpg,Male
14047.jpg,Male
14048.jpg,Male
14049.jpg,Male
14050.jpg,Male
14051.jpg,Male
14052.jpg,Female
14053.jpg,Male
14054.jpg,Female
14055.jpg,Male
14056.jpg,Male
14057.jpg,Male
14058.jpg,Male
14059.jpg,Male
14060.jpg,Female
14061.jpg,Male
14062.jpg,Male
14063.jpg,Male
14064.jpg,Female
14065.jpg,Male
14066.jpg,Male
14067.jpg,Male
14068.jpg,Male
14069.jpg,Male
14070.jpg,Male
14071.jpg,Male
14072.jpg,Female
14073.jpg,Male
14074.jpg,Male
14075.jpg,Male
14076.jpg,Male
14077.jpg,Male
14078.jpg,Female
14079.jpg,Male
14080.jpg,Male
14081.jpg,Male
14082.jpg,Male
14083.jpg,Male
14084.jpg,Male
14085.jpg,Male
14086.jpg,Female
14087.jpg,Male
14088.jpg,Male
14089.jpg,Female
14090.jpg,Male
14091.jpg,Male
14092.jpg,Male
14093.jpg,Male
14094.jpg,Male
14095.jpg,Male
14096.jpg,Male
14097.jpg,Male
14098.jpg,Male
14099.jpg,Male
14100.jpg,Male
14101.jpg,Male
14102.jpg,Male
14103.jpg,Female
14104.jpg,Female
14105.jpg,Male
14106.jpg,Male
14107.jpg,Female
14108.jpg,Male
14109.jpg,Male
14110.jpg,Female
14111.jpg,Male
14112.jpg,Male
14113.jpg,Male
14114.jpg,Female
14115.jpg,Male
14116.jpg,Male
14117.jpg,Male
14118.jpg,Male
14119.jpg,Male
14120.jpg,Male
14121.jpg,Male
14122.jpg,Male
14123.jpg,Female
14124.jpg,Female
14125.jpg,Male
14126.jpg,Female
14127.jpg,Male
14128.jpg,Male
14129.jpg,Male
14130.jpg,Male
14131.jpg,Male
14132.jpg,Male
14133.jpg,Male
14134.jpg,Male
14135.jpg,Male
14136.jpg,Male
14137.jpg,Male
14138.jpg,Male
14139.jpg,Male
14140.jpg,Male
14141.jpg,Female
14142.jpg,Female
14143.jpg,Male
14144.jpg,Male
14145.jpg,Male
14146.jpg,Male
14147.jpg,Male
14148.jpg,Male
14149.jpg,Male
14150.jpg,Male
14151.jpg,Male
14152.jpg,Male
14153.jpg,Male
14154.jpg,Male
14155.jpg,Male
14156.jpg,Female
14157.jpg,Male
14158.jpg,Female
14159.jpg,Male
14160.jpg,Male
14161.jpg,Male
14162.jpg,Male
14163.jpg,Female
14164.jpg,Female
14165.jpg,Male
14166.jpg,Female
14167.jpg,Female
14168.jpg,Male
14169.jpg,Male
14170.jpg,Female
14171.jpg,Male
14172.jpg,Male
14173.jpg,Male
14174.jpg,Male
14175.jpg,Male
14176.jpg,Male
14177.jpg,Male
14178.jpg,Male
14179.jpg,Male
14180.jpg,Male
14181.jpg,Male
14182.jpg,Male
14183.jpg,Female
14184.jpg,Male
14185.jpg,Male
14186.jpg,Male
14187.jpg,Male
14188.jpg,Male
14189.jpg,Male
14190.jpg,Male
14191.jpg,Male
14192.jpg,Male
14193.jpg,Male
14194.jpg,Male
14195.jpg,Female
14196.jpg,Male
14197.jpg,Male
14198.jpg,Male
14199.jpg,Male
14200.jpg,Female
14201.jpg,Male
14202.jpg,Male
14203.jpg,Male
14204.jpg,Male
14205.jpg,Male
14206.jpg,Male
14207.jpg,Male
14208.jpg,Female
14209.jpg,Female
14210.jpg,Female
14211.jpg,Male
14212.jpg,Female
14213.jpg,Male
14214.jpg,Female
14215.jpg,Female
14216.jpg,Female
14217.jpg,Female
14218.jpg,Male
14219.jpg,Male
14220.jpg,Male
14221.jpg,Male
14222.jpg,Female
14223.jpg,Female
14224.jpg,Male
14225.jpg,Female
14226.jpg,Male
14227.jpg,Male
14228.jpg,Male
14229.jpg,Male
14230.jpg,Female
14231.jpg,Male
14232.jpg,Male
14233.jpg,Male
14234.jpg,Male
14235.jpg,Female
14236.jpg,Male
14237.jpg,Male
14238.jpg,Male
14239.jpg,Male
14240.jpg,Male
14241.jpg,Male
14242.jpg,Male
14243.jpg,Female
14244.jpg,Female
14245.jpg,Male
14246.jpg,Female
14247.jpg,Male
14248.jpg,Male
14249.jpg,Male
14250.jpg,Female
14251.jpg,Male
14252.jpg,Female
14253.jpg,Male
14254.jpg,Male
14255.jpg,Male
14256.jpg,Male
14257.jpg,Male
14258.jpg,Male
14259.jpg,Male
14260.jpg,Female
14261.jpg,Male
14262.jpg,Female
14263.jpg,Female
14264.jpg,Female
14265.jpg,Male
14266.jpg,Female
14267.jpg,Female
14268.jpg,Male
14269.jpg,Male
14270.jpg,Female
14271.jpg,Female
14272.jpg,Male
14273.jpg,Male
14274.jpg,Male
14275.jpg,Male
14276.jpg,Male
14277.jpg,Male
14278.jpg,Male
14279.jpg,Female
14280.jpg,Male
14281.jpg,Male
14282.jpg,Female
14283.jpg,Male
14284.jpg,Male
14285.jpg,Female
14286.jpg,Female
14287.jpg,Male
14288.jpg,Male
14289.jpg,Female
14290.jpg,Male
14291.jpg,Female
14292.jpg,Male
14293.jpg,Male
14294.jpg,Male
14295.jpg,Male
14296.jpg,Male
14297.jpg,Male
14298.jpg,Female
14299.jpg,Male
14300.jpg,Male
14301.jpg,Male
14302.jpg,Male
14303.jpg,Male
14304.jpg,Male
14305.jpg,Male
14306.jpg,Female
14307.jpg,Female
14308.jpg,Female
14309.jpg,Male
14310.jpg,Male
14311.jpg,Male
14312.jpg,Male
14313.jpg,Male
14314.jpg,Male
14315.jpg,Female
14316.jpg,Male
14317.jpg,Male
14318.jpg,Female
14319.jpg,Male
14320.jpg,Male
14321.jpg,Male
14322.jpg,Male
14323.jpg,Male
14324.jpg,Female
14325.jpg,Female
14326.jpg,Male
14327.jpg,Male
14328.jpg,Male
14329.jpg,Male
14330.jpg,Male
14331.jpg,Male
14332.jpg,Male
14333.jpg,Male
14334.jpg,Male
14335.jpg,Male
14336.jpg,Female
14337.jpg,Female
14338.jpg,Male
14339.jpg,Male
14340.jpg,Male
14341.jpg,Male
14342.jpg,Male
14343.jpg,Female
14344.jpg,Male
14345.jpg,Male
14346.jpg,Male
14347.jpg,Male
14348.jpg,Female
14349.jpg,Male
14350.jpg,Female
14351.jpg,Female
14352.jpg,Male
14353.jpg,Male
14354.jpg,Male
14355.jpg,Male
14356.jpg,Male
14357.jpg,Female
14358.jpg,Male
14359.jpg,Female
14360.jpg,Male
14361.jpg,Male
14362.jpg,Male
14363.jpg,Male
14364.jpg,Male
14365.jpg,Male
14366.jpg,Male
14367.jpg,Male
14368.jpg,Male
14369.jpg,Male
14370.jpg,Male
14371.jpg,Male
14372.jpg,Male
14373.jpg,Male
14374.jpg,Female
14375.jpg,Male
14376.jpg,Male
14377.jpg,Male
14378.jpg,Female
14379.jpg,Female
14380.jpg,Male
14381.jpg,Male
14382.jpg,Female
14383.jpg,Male
14384.jpg,Male
14385.jpg,Male
14386.jpg,Male
14387.jpg,Male
14388.jpg,Male
14389.jpg,Male
14390.jpg,Male
14391.jpg,Male
14392.jpg,Male
14393.jpg,Male
14394.jpg,Male
14395.jpg,Male
14396.jpg,Male
14397.jpg,Male
14398.jpg,Male
14399.jpg,Male
14400.jpg,Male
14401.jpg,Male
14402.jpg,Male
14403.jpg,Female
14404.jpg,Male
14405.jpg,Male
14406.jpg,Female
14407.jpg,Male
14408.jpg,Male
14409.jpg,Female
14410.jpg,Male
14411.jpg,Male
14412.jpg,Male
14413.jpg,Male
14414.jpg,Male
14415.jpg,Male
14416.jpg,Male
14417.jpg,Male
14418.jpg,Male
14419.jpg,Male
14420.jpg,Male
14421.jpg,Male
14422.jpg,Female
14423.jpg,Male
14424.jpg,Male
14425.jpg,Male
14426.jpg,Male
14427.jpg,Female
14428.jpg,Male
14429.jpg,Male
14430.jpg,Male
14431.jpg,Female
14432.jpg,Male
14433.jpg,Male
14434.jpg,Female
14435.jpg,Male
14436.jpg,Male
14437.jpg,Male
14438.jpg,Male
14439.jpg,Male
14440.jpg,Male
14441.jpg,Male
14442.jpg,Male
14443.jpg,Male
14444.jpg,Male
14445.jpg,Male
14446.jpg,Male
14447.jpg,Male
14448.jpg,Male
14449.jpg,Male
14450.jpg,Male
14451.jpg,Female
14452.jpg,Male
14453.jpg,Male
14454.jpg,Male
14455.jpg,Male
14456.jpg,Male
14457.jpg,Male
14458.jpg,Male
14459.jpg,Male
14460.jpg,Male
14461.jpg,Male
14462.jpg,Male
14463.jpg,Male
14464.jpg,Male
14465.jpg,Male
14466.jpg,Female
14467.jpg,Female
14468.jpg,Male
14469.jpg,Female
14470.jpg,Male
14471.jpg,Male
14472.jpg,Male
14473.jpg,Female
14474.jpg,Female
14475.jpg,Male
14476.jpg,Male
14477.jpg,Male
14478.jpg,Male
14479.jpg,Female
14480.jpg,Male
14481.jpg,Male
14482.jpg,Male
14483.jpg,Male
14484.jpg,Male
14485.jpg,Male
14486.jpg,Male
14487.jpg,Male
14488.jpg,Male
14489.jpg,Male
14490.jpg,Male
14491.jpg,Male
14492.jpg,Male
14493.jpg,Female
14494.jpg,Male
14495.jpg,Female
14496.jpg,Female
14497.jpg,Male
14498.jpg,Male
14499.jpg,Male
14500.jpg,Female
14501.jpg,Male
14502.jpg,Male
14503.jpg,Male
14504.jpg,Female
14505.jpg,Male
14506.jpg,Male
14507.jpg,Male
14508.jpg,Male
14509.jpg,Female
14510.jpg,Male
14511.jpg,Male
14512.jpg,Female
14513.jpg,Male
14514.jpg,Male
14515.jpg,Male
14516.jpg,Male
14517.jpg,Male
14518.jpg,Female
14519.jpg,Male
14520.jpg,Male
14521.jpg,Male
14522.jpg,Male
14523.jpg,Male
14524.jpg,Male
14525.jpg,Female
14526.jpg,Female
14527.jpg,Male
14528.jpg,Female
14529.jpg,Male
14530.jpg,Male
14531.jpg,Female
14532.jpg,Male
14533.jpg,Male
14534.jpg,Female
14535.jpg,Male
14536.jpg,Male
14537.jpg,Male
14538.jpg,Male
14539.jpg,Female
14540.jpg,Female
14541.jpg,Male
14542.jpg,Male
14543.jpg,Male
14544.jpg,Female
14545.jpg,Female
14546.jpg,Male
14547.jpg,Male
14548.jpg,Male
14549.jpg,Male
14550.jpg,Female
14551.jpg,Male
14552.jpg,Female
14553.jpg,Male
14554.jpg,Male
14555.jpg,Male
14556.jpg,Male
14557.jpg,Male
14558.jpg,Male
14559.jpg,Female
14560.jpg,Male
14561.jpg,Male
14562.jpg,Male
14563.jpg,Male
14564.jpg,Male
14565.jpg,Male
14566.jpg,Male
14567.jpg,Male
14568.jpg,Male
14569.jpg,Male
14570.jpg,Male
14571.jpg,Male
14572.jpg,Male
14573.jpg,Male
14574.jpg,Male
14575.jpg,Male
14576.jpg,Male
14577.jpg,Male
14578.jpg,Male
14579.jpg,Male
14580.jpg,Male
14581.jpg,Female
14582.jpg,Male
14583.jpg,Female
14584.jpg,Male
14585.jpg,Male
14586.jpg,Male
14587.jpg,Male
14588.jpg,Male
14589.jpg,Male
14590.jpg,Male
14591.jpg,Male
14592.jpg,Male
14593.jpg,Female
14594.jpg,Male
14595.jpg,Male
14596.jpg,Male
14597.jpg,Male
14598.jpg,Male
14599.jpg,Male
14600.jpg,Male
14601.jpg,Male
14602.jpg,Male
14603.jpg,Male
14604.jpg,Male
14605.jpg,Female
14606.jpg,Male
14607.jpg,Male
14608.jpg,Male
14609.jpg,Male
14610.jpg,Male
14611.jpg,Male
14612.jpg,Male
14613.jpg,Female
14614.jpg,Male
14615.jpg,Male
14616.jpg,Male
14617.jpg,Female
14618.jpg,Female
14619.jpg,Male
14620.jpg,Female
14621.jpg,Male
14622.jpg,Male
14623.jpg,Male
14624.jpg,Male
14625.jpg,Male
14626.jpg,Male
14627.jpg,Male
14628.jpg,Male
14629.jpg,Male
14630.jpg,Male
14631.jpg,Male
14632.jpg,Female
14633.jpg,Female
14634.jpg,Male
14635.jpg,Male
14636.jpg,Male
14637.jpg,Male
14638.jpg,Male
14639.jpg,Male
14640.jpg,Male
14641.jpg,Male
14642.jpg,Male
14643.jpg,Male
14644.jpg,Male
14645.jpg,Male
14646.jpg,Female
14647.jpg,Male
14648.jpg,Female
14649.jpg,Male
14650.jpg,Male
14651.jpg,Male
14652.jpg,Male
14653.jpg,Female
14654.jpg,Male
14655.jpg,Male
14656.jpg,Male
14657.jpg,Female
14658.jpg,Male
14659.jpg,Male
14660.jpg,Male
14661.jpg,Female
14662.jpg,Male
14663.jpg,Female
14664.jpg,Female
14665.jpg,Male
14666.jpg,Male
14667.jpg,Female
14668.jpg,Male
14669.jpg,Male
14670.jpg,Male
14671.jpg,Female
14672.jpg,Male
14673.jpg,Female
14674.jpg,Male
14675.jpg,Female
14676.jpg,Male
14677.jpg,Male
14678.jpg,Male
14679.jpg,Male
14680.jpg,Female
14681.jpg,Male
14682.jpg,Male
14683.jpg,Female
14684.jpg,Male
14685.jpg,Male
14686.jpg,Male
14687.jpg,Male
14688.jpg,Male
14689.jpg,Male
14690.jpg,Female
14691.jpg,Female
14692.jpg,Male
14693.jpg,Male
14694.jpg,Female
14695.jpg,Male
14696.jpg,Male
14697.jpg,Female
14698.jpg,Male
14699.jpg,Female
14700.jpg,Male
14701.jpg,Female
14702.jpg,Male
14703.jpg,Male
14704.jpg,Male
14705.jpg,Female
14706.jpg,Male
14707.jpg,Male
14708.jpg,Male
14709.jpg,Male
14710.jpg,Male
14711.jpg,Male
14712.jpg,Male
14713.jpg,Female
14714.jpg,Male
14715.jpg,Male
14716.jpg,Male
14717.jpg,Female
14718.jpg,Male
14719.jpg,Female
14720.jpg,Male
14721.jpg,Male
14722.jpg,Male
14723.jpg,Male
14724.jpg,Female
14725.jpg,Male
14726.jpg,Male
14727.jpg,Female
14728.jpg,Male
14729.jpg,Male
14730.jpg,Male
14731.jpg,Male
14732.jpg,Male
14733.jpg,Male
14734.jpg,Male
14735.jpg,Male
14736.jpg,Male
14737.jpg,Male
14738.jpg,Male
14739.jpg,Male
14740.jpg,Male
14741.jpg,Male
14742.jpg,Female
14743.jpg,Male
14744.jpg,Male
14745.jpg,Female
14746.jpg,Male
14747.jpg,Male
14748.jpg,Female
14749.jpg,Male
14750.jpg,Female
14751.jpg,Female
14752.jpg,Female
14753.jpg,Female
14754.jpg,Male
14755.jpg,Male
14756.jpg,Male
14757.jpg,Male
14758.jpg,Female
14759.jpg,Male
14760.jpg,Female
14761.jpg,Male
14762.jpg,Male
14763.jpg,Male
14764.jpg,Male
14765.jpg,Female
14766.jpg,Female
14767.jpg,Male
14768.jpg,Male
14769.jpg,Male
14770.jpg,Male
14771.jpg,Male
14772.jpg,Female
14773.jpg,Male
14774.jpg,Male
14775.jpg,Male
14776.jpg,Male
14777.jpg,Female
14778.jpg,Male
14779.jpg,Male
14780.jpg,Female
14781.jpg,Male
14782.jpg,Male
14783.jpg,Male
14784.jpg,Female
14785.jpg,Male
14786.jpg,Male
14787.jpg,Male
14788.jpg,Male
14789.jpg,Female
14790.jpg,Male
14791.jpg,Male
14792.jpg,Female
14793.jpg,Male
14794.jpg,Male
14795.jpg,Female
14796.jpg,Male
14797.jpg,Male
14798.jpg,Male
14799.jpg,Male
14800.jpg,Male
14801.jpg,Male
14802.jpg,Male
14803.jpg,Male
14804.jpg,Male
14805.jpg,Male
14806.jpg,Male
14807.jpg,Male
14808.jpg,Male
14809.jpg,Male
14810.jpg,Male
14811.jpg,Female
14812.jpg,Male
14813.jpg,Female
14814.jpg,Male
14815.jpg,Male
14816.jpg,Male
14817.jpg,Male
14818.jpg,Male
14819.jpg,Male
14820.jpg,Male
14821.jpg,Male
14822.jpg,Male
14823.jpg,Male
14824.jpg,Male
14825.jpg,Male
14826.jpg,Male
14827.jpg,Female
14828.jpg,Female
14829.jpg,Male
14830.jpg,Female
14831.jpg,Male
14832.jpg,Female
14833.jpg,Male
14834.jpg,Male
14835.jpg,Male
14836.jpg,Male
14837.jpg,Male
14838.jpg,Male
14839.jpg,Male
14840.jpg,Male
14841.jpg,Female
14842.jpg,Female
14843.jpg,Male
14844.jpg,Female
14845.jpg,Female
14846.jpg,Male
14847.jpg,Female
14848.jpg,Male
14849.jpg,Male
14850.jpg,Male
14851.jpg,Male
14852.jpg,Female
14853.jpg,Male
14854.jpg,Male
14855.jpg,Male
14856.jpg,Male
14857.jpg,Male
14858.jpg,Male
14859.jpg,Male
14860.jpg,Male
14861.jpg,Male
14862.jpg,Male
14863.jpg,Male
14864.jpg,Male
14865.jpg,Male
14866.jpg,Male
14867.jpg,Male
14868.jpg,Male
14869.jpg,Male
14870.jpg,Male
14871.jpg,Male
14872.jpg,Male
14873.jpg,Male
14874.jpg,Female
14875.jpg,Male
14876.jpg,Male
14877.jpg,Male
14878.jpg,Male
14879.jpg,Male
14880.jpg,Female
14881.jpg,Female
14882.jpg,Male
14883.jpg,Female
14884.jpg,Male
14885.jpg,Male
14886.jpg,Male
14887.jpg,Male
14888.jpg,Male
14889.jpg,Male
14890.jpg,Male
14891.jpg,Male
14892.jpg,Male
14893.jpg,Male
14894.jpg,Male
14895.jpg,Female
14896.jpg,Male
14897.jpg,Male
14898.jpg,Male
14899.jpg,Male
14900.jpg,Male
14901.jpg,Female
14902.jpg,Male
14903.jpg,Female
14904.jpg,Male
14905.jpg,Male
14906.jpg,Male
14907.jpg,Male
14908.jpg,Male
14909.jpg,Male
14910.jpg,Male
14911.jpg,Male
14912.jpg,Male
14913.jpg,Female
14914.jpg,Male
14915.jpg,Male
14916.jpg,Male
14917.jpg,Male
14918.jpg,Male
14919.jpg,Male
14920.jpg,Male
14921.jpg,Female
14922.jpg,Male
14923.jpg,Male
14924.jpg,Female
14925.jpg,Male
14926.jpg,Male
14927.jpg,Male
14928.jpg,Male
14929.jpg,Male
14930.jpg,Male
14931.jpg,Male
14932.jpg,Male
14933.jpg,Male
14934.jpg,Male
14935.jpg,Male
14936.jpg,Male
14937.jpg,Male
14938.jpg,Female
14939.jpg,Female
14940.jpg,Male
14941.jpg,Male
14942.jpg,Male
14943.jpg,Male
14944.jpg,Male
14945.jpg,Male
14946.jpg,Male
14947.jpg,Female
14948.jpg,Male
14949.jpg,Male
14950.jpg,Female
14951.jpg,Male
14952.jpg,Female
14953.jpg,Male
14954.jpg,Male
14955.jpg,Male
14956.jpg,Male
14957.jpg,Female
14958.jpg,Female
14959.jpg,Male
14960.jpg,Male
14961.jpg,Male
14962.jpg,Male
14963.jpg,Female
14964.jpg,Male
14965.jpg,Male
14966.jpg,Male
14967.jpg,Male
14968.jpg,Female
14969.jpg,Male
14970.jpg,Male
14971.jpg,Male
14972.jpg,Female
14973.jpg,Male
14974.jpg,Male
14975.jpg,Male
14976.jpg,Male
14977.jpg,Male
14978.jpg,Female
14979.jpg,Male
14980.jpg,Male
14981.jpg,Male
14982.jpg,Male
14983.jpg,Male
14984.jpg,Male
14985.jpg,Male
14986.jpg,Male
14987.jpg,Male
14988.jpg,Male
14989.jpg,Male
14990.jpg,Female
14991.jpg,Male
14992.jpg,Male
14993.jpg,Male
14994.jpg,Male
14995.jpg,Female
14996.jpg,Male
14997.jpg,Male
14998.jpg,Male
14999.jpg,Male
15000.jpg,Male
15001.jpg,Male
15002.jpg,Male
15003.jpg,Male
15004.jpg,Male
15005.jpg,Male
15006.jpg,Male
15007.jpg,Male
15008.jpg,Male
15009.jpg,Male
15010.jpg,Male
15011.jpg,Male
15012.jpg,Female
15013.jpg,Female
15014.jpg,Male
15015.jpg,Male
15016.jpg,Male
15017.jpg,Male
15018.jpg,Male
15019.jpg,Female
15020.jpg,Female
15021.jpg,Male
15022.jpg,Male
15023.jpg,Male
15024.jpg,Male
15025.jpg,Female
15026.jpg,Male
15027.jpg,Male
15028.jpg,Male
15029.jpg,Female
15030.jpg,Male
15031.jpg,Male
15032.jpg,Male
15033.jpg,Female
15034.jpg,Male
15035.jpg,Female
15036.jpg,Male
15037.jpg,Male
15038.jpg,Male
15039.jpg,Male
15040.jpg,Female
15041.jpg,Male
15042.jpg,Male
15043.jpg,Female
15044.jpg,Male
15045.jpg,Female
15046.jpg,Male
15047.jpg,Male
15048.jpg,Male
15049.jpg,Male
15050.jpg,Female
15051.jpg,Male
15052.jpg,Male
15053.jpg,Male
15054.jpg,Male
15055.jpg,Male
15056.jpg,Male
15057.jpg,Male
15058.jpg,Female
15059.jpg,Male
15060.jpg,Male
15061.jpg,Male
15062.jpg,Male
15063.jpg,Male
15064.jpg,Male
15065.jpg,Female
15066.jpg,Female
15067.jpg,Male
15068.jpg,Female
15069.jpg,Male
15070.jpg,Male
15071.jpg,Female
15072.jpg,Male
15073.jpg,Female
15074.jpg,Female
15075.jpg,Male
15076.jpg,Female
15077.jpg,Male
15078.jpg,Male
15079.jpg,Male
15080.jpg,Male
15081.jpg,Male
15082.jpg,Male
15083.jpg,Male
15084.jpg,Male
15085.jpg,Male
15086.jpg,Male
15087.jpg,Male
15088.jpg,Male
15089.jpg,Male
15090.jpg,Male
15091.jpg,Male
15092.jpg,Female
15093.jpg,Female
15094.jpg,Male
15095.jpg,Female
15096.jpg,Male
15097.jpg,Male
15098.jpg,Male
15099.jpg,Male
15100.jpg,Female
15101.jpg,Male
15102.jpg,Male
15103.jpg,Male
15104.jpg,Female
15105.jpg,Male
15106.jpg,Male
15107.jpg,Male
15108.jpg,Male
15109.jpg,Male
15110.jpg,Male
15111.jpg,Female
15112.jpg,Male
15113.jpg,Male
15114.jpg,Male
15115.jpg,Female
15116.jpg,Male
15117.jpg,Male
15118.jpg,Male
15119.jpg,Female
15120.jpg,Male
15121.jpg,Male
15122.jpg,Female
15123.jpg,Male
15124.jpg,Male
15125.jpg,Female
15126.jpg,Male
15127.jpg,Male
15128.jpg,Female
15129.jpg,Male
15130.jpg,Female
15131.jpg,Male
15132.jpg,Male
15133.jpg,Male
15134.jpg,Female
15135.jpg,Male
15136.jpg,Male
15137.jpg,Male
15138.jpg,Male
15139.jpg,Male
15140.jpg,Male
15141.jpg,Male
15142.jpg,Male
15143.jpg,Male
15144.jpg,Male
15145.jpg,Male
15146.jpg,Male
15147.jpg,Male
15148.jpg,Male
15149.jpg,Male
15150.jpg,Male
15151.jpg,Male
15152.jpg,Male
15153.jpg,Male
15154.jpg,Male
15155.jpg,Female
15156.jpg,Male
15157.jpg,Male
15158.jpg,Female
15159.jpg,Male
15160.jpg,Female
15161.jpg,Male
15162.jpg,Male
15163.jpg,Female
15164.jpg,Male
15165.jpg,Female
15166.jpg,Male
15167.jpg,Male
15168.jpg,Male
15169.jpg,Male
15170.jpg,Male
15171.jpg,Male
15172.jpg,Male
15173.jpg,Male
15174.jpg,Male
15175.jpg,Male
15176.jpg,Male
15177.jpg,Male
15178.jpg,Male
15179.jpg,Female
15180.jpg,Male
15181.jpg,Female
15182.jpg,Male
15183.jpg,Male
15184.jpg,Female
15185.jpg,Male
15186.jpg,Male
15187.jpg,Male
15188.jpg,Male
15189.jpg,Female
15190.jpg,Male
15191.jpg,Male
15192.jpg,Male
15193.jpg,Male
15194.jpg,Male
15195.jpg,Female
15196.jpg,Male
15197.jpg,Female
15198.jpg,Male
15199.jpg,Male
15200.jpg,Female
15201.jpg,Female
15202.jpg,Male
15203.jpg,Male
15204.jpg,Male
15205.jpg,Male
15206.jpg,Female
15207.jpg,Female
15208.jpg,Male
15209.jpg,Male
15210.jpg,Male
15211.jpg,Male
15212.jpg,Male
15213.jpg,Male
15214.jpg,Male
15215.jpg,Male
15216.jpg,Male
15217.jpg,Male
15218.jpg,Female
15219.jpg,Male
15220.jpg,Male
15221.jpg,Male
15222.jpg,Female
15223.jpg,Male
15224.jpg,Female
15225.jpg,Female
15226.jpg,Female
15227.jpg,Female
15228.jpg,Female
15229.jpg,Male
15230.jpg,Male
15231.jpg,Male
15232.jpg,Male
15233.jpg,Male
15234.jpg,Male
15235.jpg,Male
15236.jpg,Male
15237.jpg,Male
15238.jpg,Male
15239.jpg,Male
15240.jpg,Male
15241.jpg,Male
15242.jpg,Male
15243.jpg,Female
15244.jpg,Male
15245.jpg,Female
15246.jpg,Male
15247.jpg,Male
15248.jpg,Male
15249.jpg,Male
15250.jpg,Female
15251.jpg,Female
15252.jpg,Male
15253.jpg,Male
15254.jpg,Male
15255.jpg,Male
15256.jpg,Male
15257.jpg,Male
15258.jpg,Male
15259.jpg,Female
15260.jpg,Male
15261.jpg,Male
15262.jpg,Male
15263.jpg,Male
15264.jpg,Male
15265.jpg,Male
15266.jpg,Male
15267.jpg,Male
15268.jpg,Male
15269.jpg,Female
15270.jpg,Female
15271.jpg,Male
15272.jpg,Male
15273.jpg,Female
15274.jpg,Male
15275.jpg,Male
15276.jpg,Male
15277.jpg,Male
15278.jpg,Male
15279.jpg,Male
15280.jpg,Male
15281.jpg,Male
15282.jpg,Male
15283.jpg,Male
15284.jpg,Male
15285.jpg,Female
15286.jpg,Male
15287.jpg,Male
15288.jpg,Male
15289.jpg,Male
15290.jpg,Male
15291.jpg,Male
15292.jpg,Male
15293.jpg,Male
15294.jpg,Male
15295.jpg,Male
15296.jpg,Male
15297.jpg,Male
15298.jpg,Male
15299.jpg,Male
15300.jpg,Male
15301.jpg,Male
15302.jpg,Female
15303.jpg,Male
15304.jpg,Male
15305.jpg,Male
15306.jpg,Male
15307.jpg,Male
15308.jpg,Male
15309.jpg,Male
15310.jpg,Male
15311.jpg,Male
15312.jpg,Male
15313.jpg,Male
15314.jpg,Male
15315.jpg,Male
15316.jpg,Male
15317.jpg,Male
15318.jpg,Male
15319.jpg,Male
15320.jpg,Male
15321.jpg,Male
15322.jpg,Male
15323.jpg,Male
15324.jpg,Male
15325.jpg,Female
15326.jpg,Male
15327.jpg,Male
15328.jpg,Male
15329.jpg,Female
15330.jpg,Male
15331.jpg,Male
15332.jpg,Male
15333.jpg,Female
15334.jpg,Female
15335.jpg,Male
15336.jpg,Male
15337.jpg,Male
15338.jpg,Male
15339.jpg,Male
15340.jpg,Female
15341.jpg,Male
15342.jpg,Female
15343.jpg,Male
15344.jpg,Male
15345.jpg,Male
15346.jpg,Male
15347.jpg,Female
15348.jpg,Male
15349.jpg,Male
15350.jpg,Male
15351.jpg,Male
15352.jpg,Male
15353.jpg,Male
15354.jpg,Male
15355.jpg,Male
15356.jpg,Male
15357.jpg,Male
15358.jpg,Female
15359.jpg,Male
15360.jpg,Male
15361.jpg,Male
15362.jpg,Male
15363.jpg,Male
15364.jpg,Male
15365.jpg,Female
15366.jpg,Male
15367.jpg,Male
15368.jpg,Female
15369.jpg,Male
15370.jpg,Male
15371.jpg,Female
15372.jpg,Male
15373.jpg,Male
15374.jpg,Male
15375.jpg,Male
15376.jpg,Male
15377.jpg,Male
15378.jpg,Male
15379.jpg,Male
15380.jpg,Male
15381.jpg,Male
15382.jpg,Female
15383.jpg,Male
15384.jpg,Male
15385.jpg,Male
15386.jpg,Female
15387.jpg,Male
15388.jpg,Male
15389.jpg,Female
15390.jpg,Male
15391.jpg,Female
15392.jpg,Male
15393.jpg,Male
15394.jpg,Male
15395.jpg,Male
15396.jpg,Male
15397.jpg,Male
15398.jpg,Male
15399.jpg,Female
15400.jpg,Female
15401.jpg,Male
15402.jpg,Male
15403.jpg,Male
15404.jpg,Male
15405.jpg,Male
15406.jpg,Male
15407.jpg,Male
15408.jpg,Male
15409.jpg,Male
15410.jpg,Male
15411.jpg,Male
15412.jpg,Male
15413.jpg,Female
15414.jpg,Male
15415.jpg,Female
15416.jpg,Male
15417.jpg,Male
15418.jpg,Male
15419.jpg,Male
15420.jpg,Male
15421.jpg,Male
15422.jpg,Male
15423.jpg,Female
15424.jpg,Male
15425.jpg,Male
15426.jpg,Male
15427.jpg,Male
15428.jpg,Male
15429.jpg,Male
15430.jpg,Male
15431.jpg,Male
15432.jpg,Male
15433.jpg,Female
15434.jpg,Male
15435.jpg,Male
15436.jpg,Male
15437.jpg,Female
15438.jpg,Male
15439.jpg,Male
15440.jpg,Male
15441.jpg,Male
15442.jpg,Male
15443.jpg,Male
15444.jpg,Female
15445.jpg,Male
15446.jpg,Female
15447.jpg,Male
15448.jpg,Male
15449.jpg,Male
15450.jpg,Male
15451.jpg,Female
15452.jpg,Male
15453.jpg,Female
15454.jpg,Male
15455.jpg,Male
15456.jpg,Male
15457.jpg,Male
15458.jpg,Male
15459.jpg,Male
15460.jpg,Female
15461.jpg,Male
15462.jpg,Female
15463.jpg,Male
15464.jpg,Male
15465.jpg,Male
15466.jpg,Male
15467.jpg,Male
15468.jpg,Female
15469.jpg,Male
15470.jpg,Male
15471.jpg,Male
15472.jpg,Male
15473.jpg,Male
15474.jpg,Female
15475.jpg,Male
15476.jpg,Male
15477.jpg,Male
15478.jpg,Female
15479.jpg,Male
15480.jpg,Male
15481.jpg,Female
15482.jpg,Male
15483.jpg,Male
15484.jpg,Male
15485.jpg,Male
15486.jpg,Male
15487.jpg,Male
15488.jpg,Male
15489.jpg,Male
15490.jpg,Female
15491.jpg,Male
15492.jpg,Female
15493.jpg,Female
15494.jpg,Male
15495.jpg,Male
15496.jpg,Male
15497.jpg,Male
15498.jpg,Male
15499.jpg,Male
15500.jpg,Male
15501.jpg,Female
15502.jpg,Male
15503.jpg,Male
15504.jpg,Male
15505.jpg,Female
15506.jpg,Female
15507.jpg,Male
15508.jpg,Female
15509.jpg,Female
15510.jpg,Male
15511.jpg,Female
15512.jpg,Female
15513.jpg,Male
15514.jpg,Female
15515.jpg,Male
15516.jpg,Male
15517.jpg,Male
15518.jpg,Male
15519.jpg,Female
15520.jpg,Male
15521.jpg,Male
15522.jpg,Male
15523.jpg,Female
15524.jpg,Male
15525.jpg,Female
15526.jpg,Male
15527.jpg,Male
15528.jpg,Male
15529.jpg,Male
15530.jpg,Male
15531.jpg,Male
15532.jpg,Male
15533.jpg,Female
15534.jpg,Female
15535.jpg,Male
15536.jpg,Female
15537.jpg,Female
15538.jpg,Male
15539.jpg,Female
15540.jpg,Male
15541.jpg,Female
15542.jpg,Male
15543.jpg,Male
15544.jpg,Male
15545.jpg,Male
15546.jpg,Male
15547.jpg,Male
15548.jpg,Male
15549.jpg,Female
15550.jpg,Male
15551.jpg,Male
15552.jpg,Female
15553.jpg,Female
15554.jpg,Male
15555.jpg,Male
15556.jpg,Male
15557.jpg,Male
15558.jpg,Male
15559.jpg,Female
15560.jpg,Female
15561.jpg,Male
15562.jpg,Male
15563.jpg,Male
15564.jpg,Male
15565.jpg,Female
15566.jpg,Male
15567.jpg,Male
15568.jpg,Male
15569.jpg,Male
15570.jpg,Male
15571.jpg,Male
15572.jpg,Female
15573.jpg,Male
15574.jpg,Male
15575.jpg,Male
15576.jpg,Male
15577.jpg,Male
15578.jpg,Female
15579.jpg,Male
15580.jpg,Male
15581.jpg,Male
15582.jpg,Male
15583.jpg,Male
15584.jpg,Male
15585.jpg,Male
15586.jpg,Male
15587.jpg,Male
15588.jpg,Male
15589.jpg,Male
15590.jpg,Female
15591.jpg,Female
15592.jpg,Male
15593.jpg,Male
15594.jpg,Male
15595.jpg,Male
15596.jpg,Female
15597.jpg,Female
15598.jpg,Female
15599.jpg,Female
15600.jpg,Male
15601.jpg,Male
15602.jpg,Male
15603.jpg,Male
15604.jpg,Male
15605.jpg,Female
15606.jpg,Male
15607.jpg,Male
15608.jpg,Male
15609.jpg,Female
15610.jpg,Male
15611.jpg,Female
15612.jpg,Female
15613.jpg,Male
15614.jpg,Male
15615.jpg,Male
15616.jpg,Male
15617.jpg,Male
15618.jpg,Male
15619.jpg,Male
15620.jpg,Male
15621.jpg,Male
15622.jpg,Male
15623.jpg,Male
15624.jpg,Female
15625.jpg,Male
15626.jpg,Male
15627.jpg,Female
15628.jpg,Male
15629.jpg,Male
15630.jpg,Female
15631.jpg,Male
15632.jpg,Male
15633.jpg,Female
15634.jpg,Female
15635.jpg,Female
15636.jpg,Male
15637.jpg,Male
15638.jpg,Male
15639.jpg,Male
15640.jpg,Male
15641.jpg,Male
15642.jpg,Male
15643.jpg,Male
15644.jpg,Female
15645.jpg,Male
15646.jpg,Male
15647.jpg,Male
15648.jpg,Male
15649.jpg,Male
15650.jpg,Male
15651.jpg,Female
15652.jpg,Male
15653.jpg,Female
15654.jpg,Female
15655.jpg,Female
15656.jpg,Male
15657.jpg,Male
15658.jpg,Male
15659.jpg,Female
15660.jpg,Male
15661.jpg,Female
15662.jpg,Male
15663.jpg,Male
15664.jpg,Male
15665.jpg,Male
15666.jpg,Male
15667.jpg,Female
15668.jpg,Female
15669.jpg,Male
15670.jpg,Male
15671.jpg,Male
15672.jpg,Male
15673.jpg,Male
15674.jpg,Male
15675.jpg,Female
15676.jpg,Male
15677.jpg,Male
15678.jpg,Female
15679.jpg,Male
15680.jpg,Male
15681.jpg,Male
15682.jpg,Male
15683.jpg,Female
15684.jpg,Male
15685.jpg,Male
15686.jpg,Male
15687.jpg,Female
15688.jpg,Female
15689.jpg,Male
15690.jpg,Male
15691.jpg,Male
15692.jpg,Male
15693.jpg,Male
15694.jpg,Male
15695.jpg,Male
15696.jpg,Male
15697.jpg,Male
15698.jpg,Male
15699.jpg,Female
15700.jpg,Male
15701.jpg,Male
15702.jpg,Male
15703.jpg,Male
15704.jpg,Female
15705.jpg,Female
15706.jpg,Male
15707.jpg,Male
15708.jpg,Male
15709.jpg,Male
15710.jpg,Male
15711.jpg,Female
15712.jpg,Male
15713.jpg,Male
15714.jpg,Male
15715.jpg,Male
15716.jpg,Male
15717.jpg,Male
15718.jpg,Male
15719.jpg,Male
15720.jpg,Male
15721.jpg,Male
15722.jpg,Female
15723.jpg,Male
15724.jpg,Female
15725.jpg,Female
15726.jpg,Male
15727.jpg,Male
15728.jpg,Female
15729.jpg,Female
15730.jpg,Male
15731.jpg,Male
15732.jpg,Male
15733.jpg,Male
15734.jpg,Male
15735.jpg,Female
15736.jpg,Male
15737.jpg,Male
15738.jpg,Male
15739.jpg,Male
15740.jpg,Male
15741.jpg,Female
15742.jpg,Female
15743.jpg,Male
15744.jpg,Male
15745.jpg,Male
15746.jpg,Male
15747.jpg,Male
15748.jpg,Male
15749.jpg,Female
15750.jpg,Female
15751.jpg,Female
15752.jpg,Male
15753.jpg,Male
15754.jpg,Male
15755.jpg,Male
15756.jpg,Male
15757.jpg,Male
15758.jpg,Female
15759.jpg,Female
15760.jpg,Male
15761.jpg,Male
15762.jpg,Male
15763.jpg,Male
15764.jpg,Female
15765.jpg,Male
15766.jpg,Male
15767.jpg,Male
15768.jpg,Male
15769.jpg,Male
15770.jpg,Male
15771.jpg,Female
15772.jpg,Female
15773.jpg,Male
15774.jpg,Male
15775.jpg,Male
15776.jpg,Male
15777.jpg,Female
15778.jpg,Male
15779.jpg,Male
15780.jpg,Female
15781.jpg,Male
15782.jpg,Female
15783.jpg,Male
15784.jpg,Male
15785.jpg,Male
15786.jpg,Male
15787.jpg,Male
15788.jpg,Male
15789.jpg,Male
15790.jpg,Male
15791.jpg,Male
15792.jpg,Female
15793.jpg,Male
15794.jpg,Female
15795.jpg,Male
15796.jpg,Male
15797.jpg,Female
15798.jpg,Female
15799.jpg,Male
15800.jpg,Male
15801.jpg,Male
15802.jpg,Female
15803.jpg,Female
15804.jpg,Male
15805.jpg,Female
15806.jpg,Male
15807.jpg,Male
15808.jpg,Female
15809.jpg,Male
15810.jpg,Male
15811.jpg,Male
15812.jpg,Male
15813.jpg,Male
15814.jpg,Male
15815.jpg,Male
15816.jpg,Male
15817.jpg,Male
15818.jpg,Male
15819.jpg,Male
15820.jpg,Male
15821.jpg,Female
15822.jpg,Female
15823.jpg,Male
15824.jpg,Male
15825.jpg,Male
15826.jpg,Female
15827.jpg,Male
15828.jpg,Female
15829.jpg,Male
15830.jpg,Male
15831.jpg,Male
15832.jpg,Male
15833.jpg,Male
15834.jpg,Male
15835.jpg,Male
15836.jpg,Female
15837.jpg,Male
15838.jpg,Male
15839.jpg,Male
15840.jpg,Male
15841.jpg,Male
15842.jpg,Male
15843.jpg,Male
15844.jpg,Female
15845.jpg,Male
15846.jpg,Male
15847.jpg,Male
15848.jpg,Male
15849.jpg,Male
15850.jpg,Female
15851.jpg,Male
15852.jpg,Male
15853.jpg,Male
15854.jpg,Male
15855.jpg,Male
15856.jpg,Male
15857.jpg,Male
15858.jpg,Male
15859.jpg,Male
15860.jpg,Male
15861.jpg,Male
15862.jpg,Male
15863.jpg,Male
15864.jpg,Male
15865.jpg,Female
15866.jpg,Male
15867.jpg,Female
15868.jpg,Female
15869.jpg,Male
15870.jpg,Male
15871.jpg,Male
15872.jpg,Male
15873.jpg,Male
15874.jpg,Male
15875.jpg,Male
15876.jpg,Male
15877.jpg,Male
15878.jpg,Male
15879.jpg,Female
15880.jpg,Male
15881.jpg,Female
15882.jpg,Male
15883.jpg,Female
15884.jpg,Male
15885.jpg,Male
15886.jpg,Male
15887.jpg,Male
15888.jpg,Male
15889.jpg,Male
15890.jpg,Male
15891.jpg,Male
15892.jpg,Male
15893.jpg,Female
15894.jpg,Male
15895.jpg,Male
15896.jpg,Male
15897.jpg,Male
15898.jpg,Male
15899.jpg,Male
15900.jpg,Female
15901.jpg,Male
15902.jpg,Female
15903.jpg,Male
15904.jpg,Male
15905.jpg,Male
15906.jpg,Male
15907.jpg,Female
15908.jpg,Male
15909.jpg,Male
15910.jpg,Female
15911.jpg,Male
15912.jpg,Male
15913.jpg,Female
15914.jpg,Male
15915.jpg,Female
15916.jpg,Male
15917.jpg,Male
15918.jpg,Female
15919.jpg,Male
15920.jpg,Male
15921.jpg,Male
15922.jpg,Male
15923.jpg,Male
15924.jpg,Male
15925.jpg,Male
15926.jpg,Male
15927.jpg,Male
15928.jpg,Male
15929.jpg,Male
15930.jpg,Female
15931.jpg,Male
15932.jpg,Female
15933.jpg,Female
15934.jpg,Female
15935.jpg,Male
15936.jpg,Male
15937.jpg,Male
15938.jpg,Male
15939.jpg,Male
15940.jpg,Male
15941.jpg,Male
15942.jpg,Female
15943.jpg,Male
15944.jpg,Male
15945.jpg,Female
15946.jpg,Male
15947.jpg,Male
15948.jpg,Male
15949.jpg,Male
15950.jpg,Male
15951.jpg,Male
15952.jpg,Male
15953.jpg,Male
15954.jpg,Male
15955.jpg,Male
15956.jpg,Male
15957.jpg,Male
15958.jpg,Male
15959.jpg,Male
15960.jpg,Male
15961.jpg,Male
15962.jpg,Male
15963.jpg,Male
15964.jpg,Female
15965.jpg,Male
15966.jpg,Male
15967.jpg,Female
15968.jpg,Female
15969.jpg,Male
15970.jpg,Female
15971.jpg,Male
15972.jpg,Male
15973.jpg,Female
15974.jpg,Male
15975.jpg,Male
15976.jpg,Male
15977.jpg,Male
15978.jpg,Male
15979.jpg,Male
15980.jpg,Male
15981.jpg,Female
15982.jpg,Male
15983.jpg,Female
15984.jpg,Male
15985.jpg,Female
15986.jpg,Male
15987.jpg,Male
15988.jpg,Male
15989.jpg,Male
15990.jpg,Male
15991.jpg,Male
15992.jpg,Male
15993.jpg,Male
15994.jpg,Male
15995.jpg,Male
15996.jpg,Female
15997.jpg,Male
15998.jpg,Male
15999.jpg,Male
16000.jpg,Female
16001.jpg,Female
16002.jpg,Female
16003.jpg,Male
16004.jpg,Male
16005.jpg,Female
16006.jpg,Male
16007.jpg,Male
16008.jpg,Male
16009.jpg,Male
16010.jpg,Male
16011.jpg,Male
16012.jpg,Female
16013.jpg,Male
16014.jpg,Male
16015.jpg,Male
16016.jpg,Male
16017.jpg,Male
16018.jpg,Male
16019.jpg,Male
16020.jpg,Female
16021.jpg,Male
16022.jpg,Male
16023.jpg,Male
16024.jpg,Male
16025.jpg,Male
16026.jpg,Male
16027.jpg,Male
16028.jpg,Female
16029.jpg,Male
16030.jpg,Male
16031.jpg,Female
16032.jpg,Male
16033.jpg,Male
16034.jpg,Male
16035.jpg,Female
16036.jpg,Male
16037.jpg,Male
16038.jpg,Male
16039.jpg,Male
16040.jpg,Male
16041.jpg,Male
16042.jpg,Male
16043.jpg,Female
16044.jpg,Male
16045.jpg,Male
16046.jpg,Male
16047.jpg,Male
16048.jpg,Male
16049.jpg,Male
16050.jpg,Male
16051.jpg,Male
16052.jpg,Male
16053.jpg,Male
16054.jpg,Male
16055.jpg,Male
16056.jpg,Male
16057.jpg,Male
16058.jpg,Male
16059.jpg,Male
16060.jpg,Male
16061.jpg,Female
16062.jpg,Male
16063.jpg,Male
16064.jpg,Male
16065.jpg,Male
16066.jpg,Male
16067.jpg,Male
16068.jpg,Male
16069.jpg,Male
16070.jpg,Male
16071.jpg,Female
16072.jpg,Male
16073.jpg,Female
16074.jpg,Female
16075.jpg,Female
16076.jpg,Male
16077.jpg,Male
16078.jpg,Male
16079.jpg,Male
16080.jpg,Female
16081.jpg,Male
16082.jpg,Male
16083.jpg,Female
16084.jpg,Female
16085.jpg,Male
16086.jpg,Male
16087.jpg,Male
16088.jpg,Male
16089.jpg,Male
16090.jpg,Female
16091.jpg,Male
16092.jpg,Male
16093.jpg,Male
16094.jpg,Male
16095.jpg,Male
16096.jpg,Female
16097.jpg,Male
16098.jpg,Male
16099.jpg,Male
16100.jpg,Male
16101.jpg,Male
16102.jpg,Male
16103.jpg,Female
16104.jpg,Male
16105.jpg,Male
16106.jpg,Male
16107.jpg,Male
16108.jpg,Male
16109.jpg,Female
16110.jpg,Male
16111.jpg,Male
16112.jpg,Male
16113.jpg,Male
16114.jpg,Male
16115.jpg,Female
16116.jpg,Male
16117.jpg,Male
16118.jpg,Male
16119.jpg,Male
16120.jpg,Male
16121.jpg,Male
16122.jpg,Male
16123.jpg,Male
16124.jpg,Male
16125.jpg,Male
16126.jpg,Female
16127.jpg,Female
16128.jpg,Male
16129.jpg,Male
16130.jpg,Female
16131.jpg,Male
16132.jpg,Male
16133.jpg,Male
16134.jpg,Male
16135.jpg,Male
16136.jpg,Male
16137.jpg,Male
16138.jpg,Male
16139.jpg,Female
16140.jpg,Female
16141.jpg,Male
16142.jpg,Male
16143.jpg,Male
16144.jpg,Female
16145.jpg,Male
16146.jpg,Male
16147.jpg,Female
16148.jpg,Female
16149.jpg,Male
16150.jpg,Male
16151.jpg,Male
16152.jpg,Male
16153.jpg,Male
16154.jpg,Male
16155.jpg,Male
16156.jpg,Male
16157.jpg,Male
16158.jpg,Female
16159.jpg,Male
16160.jpg,Male
16161.jpg,Male
16162.jpg,Male
16163.jpg,Female
16164.jpg,Male
16165.jpg,Female
16166.jpg,Male
16167.jpg,Male
16168.jpg,Male
16169.jpg,Male
16170.jpg,Female
16171.jpg,Male
16172.jpg,Male
16173.jpg,Male
16174.jpg,Female
16175.jpg,Male
16176.jpg,Male
16177.jpg,Female
16178.jpg,Male
16179.jpg,Male
16180.jpg,Female
16181.jpg,Male
16182.jpg,Male
16183.jpg,Male
16184.jpg,Male
16185.jpg,Male
16186.jpg,Female
16187.jpg,Male
16188.jpg,Male
16189.jpg,Male
16190.jpg,Female
16191.jpg,Male
16192.jpg,Male
16193.jpg,Male
16194.jpg,Male
16195.jpg,Male
16196.jpg,Male
16197.jpg,Male
16198.jpg,Male
16199.jpg,Female
16200.jpg,Female
16201.jpg,Male
16202.jpg,Male
16203.jpg,Male
16204.jpg,Male
16205.jpg,Male
16206.jpg,Male
16207.jpg,Male
16208.jpg,Male
16209.jpg,Male
16210.jpg,Female
16211.jpg,Male
16212.jpg,Male
16213.jpg,Male
16214.jpg,Male
16215.jpg,Male
16216.jpg,Female
16217.jpg,Male
16218.jpg,Male
16219.jpg,Male
16220.jpg,Male
16221.jpg,Male
16222.jpg,Male
16223.jpg,Male
16224.jpg,Female
16225.jpg,Male
16226.jpg,Male
16227.jpg,Male
16228.jpg,Male
16229.jpg,Male
16230.jpg,Male
16231.jpg,Male
16232.jpg,Male
16233.jpg,Male
16234.jpg,Male
16235.jpg,Male
16236.jpg,Male
16237.jpg,Male
16238.jpg,Male
16239.jpg,Male
16240.jpg,Female
16241.jpg,Male
16242.jpg,Male
16243.jpg,Male
16244.jpg,Male
16245.jpg,Male
16246.jpg,Male
16247.jpg,Male
16248.jpg,Male
16249.jpg,Male
16250.jpg,Male
16251.jpg,Male
16252.jpg,Male
16253.jpg,Male
16254.jpg,Female
16255.jpg,Male
16256.jpg,Male
16257.jpg,Female
16258.jpg,Male
16259.jpg,Male
16260.jpg,Male
16261.jpg,Female
16262.jpg,Male
16263.jpg,Female
16264.jpg,Male
16265.jpg,Male
16266.jpg,Male
16267.jpg,Female
16268.jpg,Male
16269.jpg,Female
16270.jpg,Male
16271.jpg,Female
16272.jpg,Female
16273.jpg,Male
16274.jpg,Male
16275.jpg,Female
16276.jpg,Male
16277.jpg,Female
16278.jpg,Male
16279.jpg,Male
16280.jpg,Male
16281.jpg,Male
16282.jpg,Female
16283.jpg,Female
16284.jpg,Male
16285.jpg,Male
16286.jpg,Male
16287.jpg,Male
16288.jpg,Male
16289.jpg,Male
16290.jpg,Male
16291.jpg,Male
16292.jpg,Male
16293.jpg,Male
16294.jpg,Male
16295.jpg,Male
16296.jpg,Male
16297.jpg,Male
16298.jpg,Male
16299.jpg,Male
16300.jpg,Male
16301.jpg,Male
16302.jpg,Male
16303.jpg,Male
16304.jpg,Female
16305.jpg,Male
16306.jpg,Female
16307.jpg,Male
16308.jpg,Male
16309.jpg,Male
16310.jpg,Male
16311.jpg,Male
16312.jpg,Male
16313.jpg,Female
16314.jpg,Female
16315.jpg,Male
16316.jpg,Male
16317.jpg,Male
16318.jpg,Male
16319.jpg,Male
16320.jpg,Male
16321.jpg,Male
16322.jpg,Male
16323.jpg,Male
16324.jpg,Male
16325.jpg,Female
16326.jpg,Male
16327.jpg,Male
16328.jpg,Male
16329.jpg,Male
16330.jpg,Male
16331.jpg,Male
16332.jpg,Male
16333.jpg,Female
16334.jpg,Male
16335.jpg,Male
16336.jpg,Male
16337.jpg,Male
16338.jpg,Male
16339.jpg,Male
16340.jpg,Male
16341.jpg,Female
16342.jpg,Female
16343.jpg,Male
16344.jpg,Female
16345.jpg,Female
16346.jpg,Male
16347.jpg,Male
16348.jpg,Female
16349.jpg,Male
16350.jpg,Male
16351.jpg,Male
16352.jpg,Male
16353.jpg,Male
16354.jpg,Male
16355.jpg,Male
16356.jpg,Male
16357.jpg,Male
16358.jpg,Male
16359.jpg,Male
16360.jpg,Male
16361.jpg,Male
16362.jpg,Female
16363.jpg,Male
16364.jpg,Male
16365.jpg,Female
16366.jpg,Male
16367.jpg,Male
16368.jpg,Male
16369.jpg,Male
16370.jpg,Male
16371.jpg,Female
16372.jpg,Male
16373.jpg,Male
16374.jpg,Female
16375.jpg,Male
16376.jpg,Female
16377.jpg,Female
16378.jpg,Male
16379.jpg,Male
16380.jpg,Female
16381.jpg,Male
16382.jpg,Male
16383.jpg,Male
16384.jpg,Male
16385.jpg,Male
16386.jpg,Male
16387.jpg,Male
16388.jpg,Male
16389.jpg,Female
16390.jpg,Male
16391.jpg,Male
16392.jpg,Female
16393.jpg,Male
16394.jpg,Male
16395.jpg,Male
16396.jpg,Male
16397.jpg,Male
16398.jpg,Male
16399.jpg,Male
16400.jpg,Male
16401.jpg,Male
16402.jpg,Male
16403.jpg,Male
16404.jpg,Female
16405.jpg,Male
16406.jpg,Male
16407.jpg,Male
16408.jpg,Male
16409.jpg,Male
16410.jpg,Female
16411.jpg,Male
16412.jpg,Female
16413.jpg,Male
16414.jpg,Male
16415.jpg,Female
16416.jpg,Male
16417.jpg,Female
16418.jpg,Male
16419.jpg,Male
16420.jpg,Female
16421.jpg,Male
16422.jpg,Male
16423.jpg,Female
16424.jpg,Male
16425.jpg,Male
16426.jpg,Male
16427.jpg,Male
16428.jpg,Male
16429.jpg,Male
16430.jpg,Female
16431.jpg,Male
16432.jpg,Male
16433.jpg,Male
16434.jpg,Female
16435.jpg,Male
16436.jpg,Male
16437.jpg,Male
16438.jpg,Male
16439.jpg,Male
16440.jpg,Male
16441.jpg,Female
16442.jpg,Male
16443.jpg,Male
16444.jpg,Male
16445.jpg,Male
16446.jpg,Male
16447.jpg,Male
16448.jpg,Male
16449.jpg,Male
16450.jpg,Male
16451.jpg,Male
16452.jpg,Male
16453.jpg,Male
16454.jpg,Male
16455.jpg,Female
16456.jpg,Male
16457.jpg,Male
16458.jpg,Male
16459.jpg,Male
16460.jpg,Male
16461.jpg,Male
16462.jpg,Male
16463.jpg,Male
16464.jpg,Male
16465.jpg,Female
16466.jpg,Male
16467.jpg,Male
16468.jpg,Male
16469.jpg,Male
16470.jpg,Female
16471.jpg,Male
16472.jpg,Male
16473.jpg,Male
16474.jpg,Male
16475.jpg,Male
16476.jpg,Male
16477.jpg,Male
16478.jpg,Male
16479.jpg,Female
16480.jpg,Male
16481.jpg,Male
16482.jpg,Male
16483.jpg,Female
16484.jpg,Female
16485.jpg,Male
16486.jpg,Male
16487.jpg,Male
16488.jpg,Male
16489.jpg,Female
16490.jpg,Male
16491.jpg,Male
16492.jpg,Female
16493.jpg,Male
16494.jpg,Female
16495.jpg,Male
16496.jpg,Male
16497.jpg,Male
16498.jpg,Female
16499.jpg,Male
16500.jpg,Male
16501.jpg,Male
16502.jpg,Male
16503.jpg,Male
16504.jpg,Male
16505.jpg,Male
16506.jpg,Male
16507.jpg,Male
16508.jpg,Male
16509.jpg,Male
16510.jpg,Male
16511.jpg,Female
16512.jpg,Male
16513.jpg,Male
16514.jpg,Male
16515.jpg,Male
16516.jpg,Female
16517.jpg,Male
16518.jpg,Male
16519.jpg,Female
16520.jpg,Male
16521.jpg,Female
16522.jpg,Male
16523.jpg,Female
16524.jpg,Male
16525.jpg,Female
16526.jpg,Male
16527.jpg,Male
16528.jpg,Male
16529.jpg,Male
16530.jpg,Male
16531.jpg,Male
16532.jpg,Male
16533.jpg,Female
16534.jpg,Male
16535.jpg,Male
16536.jpg,Female
16537.jpg,Female
16538.jpg,Male
16539.jpg,Female
16540.jpg,Male
16541.jpg,Female
16542.jpg,Male
16543.jpg,Female
16544.jpg,Male
16545.jpg,Male
16546.jpg,Male
16547.jpg,Female
16548.jpg,Male
16549.jpg,Female
16550.jpg,Male
16551.jpg,Male
16552.jpg,Male
16553.jpg,Male
