filename,class
1.jpg,Boutros_Boutros_Ghali
2.jpg,Naomi_Watts
3.jpg,Steve_Austin
4.jpg,John_Banko
5.jpg,Vanessa_Williams
6.jpg,Colin_Powell
7.jpg,Kofi_Annan
8.jpg,Wayne_Ferreira
9.jpg,Paul_Burrell
10.jpg,Colin_Powell
11.jpg,Janet_Napolitano
12.jpg,Thomas_Manger
13.jpg,Sophia_Loren
14.jpg,Dan_Wheldon
15.jpg,Ralph_Klein
16.jpg,Christine_Gregoire
17.jpg,Robert_Douglas
18.jpg,Elizabeth_Shue
19.jpg,Thomas_OBrien
20.jpg,Serge_Klarsfeld
21.jpg,Charles_Lebois
22.jpg,Chris_Dodd
23.jpg,Habib_Rizieq
24.jpg,Matt_Doherty
25.jpg,Hamid_Karzai
26.jpg,Paul_Bremer
27.jpg,Jon_Gruden
28.jpg,Derek_Jeter
29.jpg,Wu_Yi
30.jpg,Donna_Morrissey
31.jpg,Colin_Powell
32.jpg,Laurie_Hobbs
33.jpg,Matt_Doherty
34.jpg,Colin_Powell
35.jpg,Al_Gore
36.jpg,Hugo_Chavez
37.jpg,Linda_Amicangioli
38.jpg,Fazal-ur-Rehman
39.jpg,Mariah_Carey
40.jpg,Bruce_Weber
41.jpg,Martha_Bowen
42.jpg,Uzi_Even
43.jpg,Sheila_Taormina
44.jpg,Kofi_Annan
45.jpg,Colin_Powell
46.jpg,Paul_Bremer
47.jpg,Tom_Hanks
48.jpg,Bill_Kollar
49.jpg,Colin_Powell
50.jpg,Ali_Khamenei
51.jpg,Maria_Shriver
52.jpg,Kiki_Vandeweghe
53.jpg,Chung_Mong-hun
54.jpg,Thomas_OBrien
55.jpg,Steve_Mariucci
56.jpg,Harvey_Fierstein
57.jpg,Hermando_Harton
58.jpg,Jolanta_Kwasniewski
59.jpg,Keith_Foulke
60.jpg,Herb_Brooks
61.jpg,Paul_Bremer
62.jpg,Asif_Ali_Zardari
63.jpg,Pete_Sampras
64.jpg,Hugo_Chavez
65.jpg,Carson_Palmer
66.jpg,John_Bolton
67.jpg,Tiger_Woods
68.jpg,Lionel_Chalmers
69.jpg,095_frontal
70.jpg,Hugo_Chavez
71.jpg,081_frontal
72.jpg,John_Franco
73.jpg,Ted_Christopher
74.jpg,Ty_Votaw
75.jpg,Gong_Li
76.jpg,Ellen_Pompeo
77.jpg,Hamid_Karzai
78.jpg,Will_Ferrell
79.jpg,Kofi_Annan
80.jpg,Colin_Powell
81.jpg,Martin_Cauchon
82.jpg,Naomi_Watts
83.jpg,Paul_Newman
84.jpg,Elizabeth_Hurley
85.jpg,Begum_Khaleda_Zia
86.jpg,Nadine_Vinzens
87.jpg,Naomi_Watts
88.jpg,Tom_Ridge
89.jpg,Desmon_Farmer
90.jpg,Beyonce_Knowles
91.jpg,Yasushi_Akashi
92.jpg,Wen_Jiabao
93.jpg,Mukesh_Ambani
94.jpg,Colin_Powell
95.jpg,Ana_Palacio
96.jpg,067_frontal
97.jpg,Tom_Ridge
98.jpg,Babe_Ruth
99.jpg,Kiki_Vandeweghe
100.jpg,Leander_Paes
101.jpg,Colin_Powell
102.jpg,Peter_Rasch
103.jpg,Robert_Bullock
104.jpg,Jose_Cevallos
105.jpg,Tuncay_Sanli
106.jpg,Sarah_Weddington
107.jpg,Naomi_Watts
108.jpg,Colin_Powell
109.jpg,Colin_Powell
110.jpg,Lela_Rochon
111.jpg,Hugo_Conte
112.jpg,Fernando_Leon_de_Aranoa
113.jpg,Hans_Peter_Briegel
114.jpg,Isabella_Rossellini
115.jpg,Ai_Sugiyama
116.jpg,Robert_Bullock
117.jpg,Colin_Powell
118.jpg,Li_Peng
119.jpg,Brandon_Robinson
120.jpg,Luc_Montagnier
121.jpg,Colin_Powell
122.jpg,Li_Peng
123.jpg,Oscar_De_La_Hoya
124.jpg,Leon_Silver
125.jpg,Colin_Powell
126.jpg,Brandon_Boyd
127.jpg,Colin_Powell
128.jpg,John_Eder
129.jpg,Colin_Powell
130.jpg,Connie_Chung
131.jpg,Slobodan_Milosevic
132.jpg,Colin_Powell
133.jpg,Corinna_Harfouch
134.jpg,Thaksin_Shinawatra
135.jpg,Salma_Hayek
136.jpg,Kate_Hudson
137.jpg,Mirela_Manjani
138.jpg,Elizabeth_Shue
139.jpg,081_frontal
140.jpg,Paris_Hilton
141.jpg,Antonio_Palocci
142.jpg,Valentino_Rossi
143.jpg,Andrea_Yates
144.jpg,Gabi_Zimmer
145.jpg,Al_Gore
146.jpg,062_frontal
147.jpg,Roberto_Carlos
148.jpg,Budd_Schulberg
149.jpg,Atsushi_Sato
150.jpg,Colin_Powell
151.jpg,Emyr_Jones_Parry
152.jpg,Khaled_Sawalhi
153.jpg,Hugo_Chavez
154.jpg,Bryan_Adams
155.jpg,Colin_Powell
156.jpg,Frank_Lautenberg
157.jpg,Joe_Mantello
158.jpg,William_Webster
159.jpg,Paul_Bremer
160.jpg,Kofi_Annan
161.jpg,Raoul_Ruiz
162.jpg,010_frontal
163.jpg,Marc_Bulger
164.jpg,Thomas_OBrien
165.jpg,Nathalie_Baye
166.jpg,Wu_Yi
167.jpg,Charlene_Barshefsky
168.jpg,018_frontal
169.jpg,Malak_Habbak
170.jpg,125_frontal
171.jpg,James_Parker
172.jpg,Wu_Yi
173.jpg,Tim_Duncan
174.jpg,Patricia_Heaton
175.jpg,Jim_Harrick
176.jpg,Sheila_Fraser
177.jpg,106_frontal
178.jpg,Pete_Sampras
179.jpg,Colin_Powell
180.jpg,Jay_Garner
181.jpg,Ascencion_Barajas
182.jpg,Cassandra_Heise
183.jpg,Colin_Powell
184.jpg,Jeong_Se-hyun
185.jpg,Colin_Powell
186.jpg,Javier_Saviola
187.jpg,Colin_Powell
188.jpg,Steve_Case
189.jpg,Justine_Pasek
190.jpg,Colin_Powell
191.jpg,Colin_Powell
192.jpg,Salman_Rushdie
193.jpg,Clive_Lloyd
194.jpg,Mirela_Manjani
195.jpg,Tom_Cruise
196.jpg,Nick_Nolte
197.jpg,Kieran_Culkin
198.jpg,Janet_Napolitano
199.jpg,Jim_Carrey
200.jpg,Alberto_Fujimori
201.jpg,Tyler_Grillo
202.jpg,Michael_Moore
203.jpg,Colin_Powell
204.jpg,Colin_Powell
205.jpg,Jose_Manuel_Durao_Barroso
206.jpg,Gary_Williams
207.jpg,Patricia_Hearst
208.jpg,Colin_Powell
209.jpg,Sophia_Loren
210.jpg,Ralf_Schumacher
211.jpg,Colin_Powell
212.jpg,037_frontal
213.jpg,Katalin_Kollat
214.jpg,Frank_Lautenberg
215.jpg,Christine_Arron
216.jpg,Jennifer_Connelly
217.jpg,Pete_Sampras
218.jpg,Bernard_Kerik
219.jpg,Tom_Ridge
220.jpg,Paul_Burrell
221.jpg,Charles_Schumer
222.jpg,Ciro_Gomes
223.jpg,Trisha_Meili
224.jpg,Colin_Powell
225.jpg,Wayne_Ferreira
226.jpg,Tim_Duncan
227.jpg,Kenneth_Evans
228.jpg,Ralf_Schumacher
229.jpg,Tom_Cruise
230.jpg,Georgina_Papin
231.jpg,Kevin_Satterfield
232.jpg,Ciro_Gomes
233.jpg,John_Kerry
234.jpg,Valerie_Harper
235.jpg,Andy_Garcia
236.jpg,Colin_Powell
237.jpg,Colin_Powell
238.jpg,Colin_Powell
239.jpg,Colin_Powell
240.jpg,William_Delahunt
241.jpg,Colin_Powell
242.jpg,Pete_Sampras
243.jpg,Jon_Gruden
244.jpg,Kofi_Annan
245.jpg,Tiger_Woods
246.jpg,Daryl_Hannah
247.jpg,Heidi_Fleiss
248.jpg,Asif_Ali_Zardari
249.jpg,John_Kerry
250.jpg,Jennifer_Keller
251.jpg,Colin_Powell
252.jpg,082_frontal
253.jpg,Naomi_Watts
254.jpg,Tom_Ridge
255.jpg,Clive_Woodward
256.jpg,Suzanne_Haik_Terrell
257.jpg,Johnny_Unitas
258.jpg,Nora_Bendijo
259.jpg,Colin_Powell
260.jpg,John_Mayer
261.jpg,Sheila_Fraser
262.jpg,Jeong_Se-hyun
263.jpg,Tom_Ridge
264.jpg,Kevin_Garnett
265.jpg,Catherine_Ndereba
266.jpg,Tom_Ridge
267.jpg,Gerard_Butler
268.jpg,Selma_Phoenix
269.jpg,Colin_Powell
270.jpg,Alastair_Johnston
271.jpg,Colin_Powell
272.jpg,Sophia_Loren
273.jpg,Maurice_Papon
274.jpg,Bill_Belichick
275.jpg,Mohammad_Aktar
276.jpg,Lutz_Freitag
277.jpg,Zarai_Toledo
278.jpg,Paul_Bremer
279.jpg,Arnold_Scott
280.jpg,Mike_Holmgren
281.jpg,Raoul_Ruiz
282.jpg,John_Connolly
283.jpg,Mario_Lemieux
284.jpg,Javier_Saviola
285.jpg,Padraig_Harrington
286.jpg,Alan_Tang_Kwong-wing
287.jpg,John_McCallum
288.jpg,James_Blake
289.jpg,Hamid_Karzai
290.jpg,Colin_Powell
291.jpg,John_Abizaid
292.jpg,John_Eder
293.jpg,Maria_Shriver
294.jpg,Pete_Sampras
295.jpg,Reese_Witherspoon
296.jpg,Brian_Wells
297.jpg,024_frontal
298.jpg,Ralf_Schumacher
299.jpg,Padraig_Harrington
300.jpg,Colin_Powell
301.jpg,Oscar_De_La_Hoya
302.jpg,Colin_Powell
303.jpg,Colin_Powell
304.jpg,Gwendal_Peizerat
305.jpg,Tomoko_Hagiwara
306.jpg,Antonio_Palocci
307.jpg,Robin_McGraw
308.jpg,Martin_Boryczewski
309.jpg,Clemente_de_la_Vega
310.jpg,Beyonce_Knowles
311.jpg,Manfred_Stolpe
312.jpg,Yoelbi_Quesada
313.jpg,Jeremy_Fogel
314.jpg,Suzie_McConnell_Serio
315.jpg,Paul_Burrell
316.jpg,Evan_Marriott
317.jpg,Marc_Leger
318.jpg,057_frontal
319.jpg,Colin_Powell
320.jpg,Thomas_OBrien
321.jpg,Juanes
322.jpg,Ted_Christopher
323.jpg,Stephen_Daldry
324.jpg,Laura_Flessel
325.jpg,Carol_Burnett
326.jpg,Hugo_Chavez
327.jpg,021_frontal
328.jpg,Hugo_Chavez
329.jpg,Robert_Duvall
330.jpg,Juan_Ignacio_Chela
331.jpg,Hugo_Chavez
332.jpg,Klaus_Zwickel
333.jpg,Win_Aung
334.jpg,Tim_Curry
335.jpg,James_Blake
336.jpg,Frank_Lautenberg
337.jpg,James_Blake
338.jpg,Zarai_Toledo
339.jpg,William_Burns
340.jpg,Duane_Lee_Chapman
341.jpg,Yang_Jianli
342.jpg,Mehmet_Ali_Sahin
343.jpg,Jeff_George
344.jpg,Paul_Burrell
345.jpg,Tom_Ridge
346.jpg,Harrison_Ford
347.jpg,Sean_Patrick_OMalley
348.jpg,Aparna_Pillai
349.jpg,Robby_Ginepri
350.jpg,Guillaume_Depardieu
351.jpg,Nate_Hybl
352.jpg,Carson_Palmer
353.jpg,Nick_Nolte
354.jpg,Fran_Drescher
355.jpg,090_frontal
356.jpg,Sophia_Loren
357.jpg,Hans_Peter_Briegel
358.jpg,Elizabeth_Shue
359.jpg,Paris_Hilton
360.jpg,028_frontal
361.jpg,Dusty_Baker
362.jpg,Hidetoshi_Nakata
363.jpg,Colin_Powell
364.jpg,Colin_Powell
365.jpg,Yuri_Luzhkov
366.jpg,Ai_Sugiyama
367.jpg,037_frontal
368.jpg,Colin_Powell
369.jpg,Ciro_Gomes
370.jpg,Tom_Hanks
371.jpg,Sandra_Milo
372.jpg,Anthony_Pisciotti
373.jpg,Jen_Schefft
374.jpg,Jim_Leach
375.jpg,Julie_Infante
376.jpg,Steve_Cox
377.jpg,Salman_Rushdie
378.jpg,Noer_Moeis
379.jpg,Jesse_Helms
380.jpg,Colin_Powell
381.jpg,Naomi_Watts
382.jpg,Hanan_Ashrawi
383.jpg,Debra_Brown
384.jpg,Ghassan_Elashi
385.jpg,Jennifer_Keller
386.jpg,Juan_Ignacio_Chela
387.jpg,Win_Aung
388.jpg,117_frontal
389.jpg,John_Kerry
390.jpg,Ai_Sugiyama
391.jpg,Jeong_Se-hyun
392.jpg,Juan_Ignacio_Chela
393.jpg,Carlos_Ortega
394.jpg,Jerry_Regier
395.jpg,Jesse_James_Leija
396.jpg,102_frontal
397.jpg,Queen_Beatrix
398.jpg,Roberto_Carlos
399.jpg,Gary_Bettman
400.jpg,Jeffrey_Ashby
401.jpg,Hugo_Chavez
402.jpg,Steven_Hatfill
403.jpg,Cameron_Diaz
404.jpg,Ray_Allen
405.jpg,037_frontal
406.jpg,Oprah_Winfrey
407.jpg,Jeff_George
408.jpg,Hugo_Chavez
409.jpg,Hugo_Chavez
410.jpg,Steve_Shiver
411.jpg,Wang_Nan
412.jpg,Ruben_Studdard
413.jpg,012_frontal
414.jpg,Kate_Hudson
415.jpg,Colin_Powell
416.jpg,Norodom_Sihanouk
417.jpg,Al_Gore
418.jpg,Colin_Powell
419.jpg,Colin_Powell
420.jpg,Gary_Gitnick
421.jpg,Matt_Doherty
422.jpg,Nadia_Forte
423.jpg,John_Bolton
424.jpg,088_frontal
425.jpg,Daryl_Smith
426.jpg,Carol_Burnett
427.jpg,Sandra_Milo
428.jpg,Colin_Powell
429.jpg,Isaiah_Washington
430.jpg,Colin_Powell
431.jpg,Brock_Berlin
432.jpg,Tim_Duncan
433.jpg,Jon_Gruden
434.jpg,Carlos_Salinas
435.jpg,Brendan_Hansen
436.jpg,091_frontal
437.jpg,Slobodan_Milosevic
438.jpg,Martin_Torrijos
439.jpg,Naomi_Watts
440.jpg,Maryn_McKenna
441.jpg,Jodie_Henry
442.jpg,Roberto_Carlos
443.jpg,Ron_Dittemore
444.jpg,Shannon_OBrien
445.jpg,Colin_Powell
446.jpg,Colin_Powell
447.jpg,Jason_Biggs
448.jpg,Charlton_Heston
449.jpg,William_Morrow
450.jpg,John_Kerry
451.jpg,Chin-Feng_Chen
452.jpg,Ben_Glisan
453.jpg,Lyle_Vanclief
454.jpg,Tony_Stewart
455.jpg,Boutros_Boutros_Ghali
456.jpg,Ralph_Klein
457.jpg,Alexis_Bledel
458.jpg,045_frontal
459.jpg,Jim_Ahern
460.jpg,Jerry_Regier
461.jpg,Antonio_Elias_Saca
462.jpg,Thaksin_Shinawatra
463.jpg,Denzel_Washington
464.jpg,Tiger_Woods
465.jpg,Ana_Palacio
466.jpg,Hans_Eichel
467.jpg,Michael_Kahn
468.jpg,Michael_Guiler
469.jpg,Kenneth_Evans
470.jpg,Jay_Garner
471.jpg,Colin_Powell
472.jpg,Tom_Ridge
473.jpg,Hugo_Chavez
474.jpg,Kristanna_Loken
475.jpg,Colin_Powell
476.jpg,Jennifer_Keller
477.jpg,044_frontal
478.jpg,Christian_Von_Wernich
479.jpg,Karen_Allen
480.jpg,Martha_Bowen
481.jpg,Kofi_Annan
482.jpg,Debra_Brown
483.jpg,Colin_Powell
484.jpg,Leo_Mullin
485.jpg,James_Blake
486.jpg,Maria_Shriver
487.jpg,Ralf_Schumacher
488.jpg,Aaron_Peirsol
489.jpg,S_Jayakumar
490.jpg,Klaus_Schwab
491.jpg,Kristanna_Loken
492.jpg,Ralf_Schumacher
493.jpg,Janette_Husarova
494.jpg,Naomi_Watts
495.jpg,Colin_Powell
496.jpg,Gary_Bettman
497.jpg,Tim_Matheson
498.jpg,Cameron_Diaz
499.jpg,Mike_Helton
500.jpg,Shane_Mosley
501.jpg,Kevin_Satterfield
502.jpg,103_frontal
503.jpg,Eva_Mendes
504.jpg,Bob_Stoops
505.jpg,Ian_Wilmut
506.jpg,Jimmy_Jimenez
507.jpg,Laura_Marlow
508.jpg,Brandon_Larson
509.jpg,Hugo_Chavez
510.jpg,Hugo_Chavez
511.jpg,Chang_Jae_On
512.jpg,Kenneth_Branagh
513.jpg,Laura_Marlow
514.jpg,Gus_Van_Sant
515.jpg,Colin_Powell
516.jpg,Kofi_Annan
517.jpg,Bryant_Young
518.jpg,Colin_Powell
519.jpg,Hun_Sen
520.jpg,Jesse_James_Leija
521.jpg,Bill_Lerach
522.jpg,Agnelo_Queiroz
523.jpg,Parris_Glendening
524.jpg,Lisa_Stone
525.jpg,Ana_Palacio
526.jpg,Pete_Sampras
527.jpg,Sophia_Loren
528.jpg,Matt_Doherty
529.jpg,Salman_Rushdie
530.jpg,020_frontal
531.jpg,Kofi_Annan
532.jpg,Nick_Nolte
533.jpg,Diane_Lane
534.jpg,Peter_Shaw
535.jpg,Naomi_Watts
536.jpg,Maurice_Strong
537.jpg,Adam_Kennedy
538.jpg,Deece_Eckstein
539.jpg,Tom_Ridge
540.jpg,Carlos_Savedra
541.jpg,Carlos_Salinas
542.jpg,Justine_Pasek
543.jpg,Narendra_Modi
544.jpg,Larry_Brown
545.jpg,Queen_Noor
546.jpg,John_Kerry
547.jpg,Wen_Jiabao
548.jpg,Greg_Rusedski
549.jpg,Tom_Cruise
550.jpg,Hugh_Campbell
551.jpg,Brendan_Hansen
552.jpg,Francisco_Flores
553.jpg,Denzel_Washington
554.jpg,Harrison_Ford
555.jpg,Hussam_Mohammed_Amin
556.jpg,Hugo_Chavez
557.jpg,Pete_Sampras
558.jpg,019_frontal
559.jpg,Cathryn_Crawford
560.jpg,Ralph_Firman
561.jpg,Hunter_Kemper
562.jpg,Elizabeth_Hurley
563.jpg,Jose_Theodore
564.jpg,Colin_Powell
565.jpg,Kofi_Annan
566.jpg,Colin_Powell
567.jpg,Colin_Powell
568.jpg,Ron_Dittemore
569.jpg,Marcelo_Bielsa
570.jpg,Jeong_Se-hyun
571.jpg,Mariah_Carey
572.jpg,Gennifer_Flowers
573.jpg,Miyako_Miyazaki
574.jpg,Tom_Ridge
575.jpg,Mark_Martin
576.jpg,Leslie_Wiser_Jr
577.jpg,Harrison_Ford
578.jpg,Jane_Leeves
579.jpg,Kathryn_Morris
580.jpg,Colin_Powell
581.jpg,Salma_Hayek
582.jpg,Valentino_Rossi
583.jpg,Aleksander_Kwasniewski
584.jpg,Phillipe_Comtois
585.jpg,Colin_Powell
586.jpg,William_Burns
587.jpg,Mukesh_Ambani
588.jpg,Colin_Powell
589.jpg,Heidi_Fleiss
590.jpg,128_frontal
591.jpg,Jim_Carrey
592.jpg,Cho_Myung-kyun
593.jpg,Serge_Klarsfeld
594.jpg,028_frontal
595.jpg,Paul_Burrell
596.jpg,Aaron_Peirsol
597.jpg,Mehmet_Ali_Sahin
598.jpg,Manfred_Stolpe
599.jpg,Colin_Powell
600.jpg,Colin_Powell
601.jpg,Michael_Chang
602.jpg,Hugo_Chavez
603.jpg,Rosemarie_Stack
604.jpg,036_frontal
605.jpg,Paulina_Rodriguez_Davila
606.jpg,Pete_Sampras
607.jpg,Michael_Chang
608.jpg,Marco_Irizarry
609.jpg,Tim_Howard
610.jpg,Bill_OReilly
611.jpg,043_frontal
612.jpg,Sarah_Price
613.jpg,Aaron_Peirsol
614.jpg,Vanessa_Williams
615.jpg,Robert_Duvall
616.jpg,Kate_Hudson
617.jpg,Kim_Gandy
618.jpg,Michel_Temer
619.jpg,Robert_Duvall
620.jpg,066_frontal
621.jpg,Paul_Bremer
622.jpg,Valery_Giscard_dEstaing
623.jpg,Colin_Powell
624.jpg,Jim_Paxson
625.jpg,Ron_Dittemore
626.jpg,Emanuel_Ginobili
627.jpg,047_frontal
628.jpg,Sasha_Alexander
629.jpg,Naomi_Watts
630.jpg,Pat_Burns
631.jpg,Larry_Brown
632.jpg,Ryan_Goodman
633.jpg,029_frontal
634.jpg,Nadia_Forte
635.jpg,Cynthia_Rowley
636.jpg,Daryl_Smith
637.jpg,Al_Gore
638.jpg,Denzel_Washington
639.jpg,Natalie_Juniardi
640.jpg,Colin_Powell
641.jpg,Li_Zhaoxing
642.jpg,Salma_Hayek
643.jpg,Salma_Hayek
644.jpg,042_frontal
645.jpg,James_Blake
646.jpg,Jean-Pierre_Raffarin
647.jpg,Tom_Ridge
648.jpg,Hamid_Karzai
649.jpg,Eli_Broad
650.jpg,Compay_Segundo
651.jpg,Yogi_Berra
652.jpg,Mark_Gangloff
653.jpg,Ai_Sugiyama
654.jpg,Josh_Kronfeld
655.jpg,Strom_Thurmond
656.jpg,Raaf_Schefter
657.jpg,Ari_Bousbib
658.jpg,Frank_Lautenberg
659.jpg,Emanuel_Ginobili
660.jpg,Tuncay_Sanli
661.jpg,Robert_Duvall
662.jpg,Colin_Powell
663.jpg,Tom_Ridge
664.jpg,James_Parker
665.jpg,Jon_Gruden
666.jpg,Pedro_Solbes
667.jpg,TA_McLendon
668.jpg,Leo_Ramirez
669.jpg,Kevin_Spacey
670.jpg,Daniel_Pearl
671.jpg,Ralf_Schumacher
672.jpg,Kofi_Annan
673.jpg,Colin_Powell
674.jpg,051_frontal
675.jpg,Christian_Longo
676.jpg,Federico_Trillo
677.jpg,Zarai_Toledo
678.jpg,Sheila_Taormina
679.jpg,Jolanta_Kwasniewski
680.jpg,E_Clay_Shaw
681.jpg,Nadine_Vinzens
682.jpg,Joe_Mantello
683.jpg,Thomas_OBrien
684.jpg,Chris_Columbus
685.jpg,Ilan_Ramon
686.jpg,Harrison_Ford
687.jpg,Clive_Lloyd
688.jpg,Tom_Ridge
689.jpg,Li_Zhaoxing
690.jpg,Tiger_Woods
691.jpg,Mukesh_Ambani
692.jpg,Mitzi_Gaynor
693.jpg,Tony_Stewart
694.jpg,Colin_Powell
695.jpg,Joe_Dicaro
696.jpg,Hamid_Karzai
697.jpg,Enrique_Bolanos
698.jpg,Hugo_Chavez
699.jpg,Bill_Byrne
700.jpg,Tommy_Shane_Steiner
701.jpg,Harrison_Ford
702.jpg,Sue_Wicks
703.jpg,Vincent_Spadea
704.jpg,Gore_Vidal
705.jpg,Dan_Wheldon
706.jpg,Charlton_Heston
707.jpg,Paul_Burrell
708.jpg,Gary_Gitnick
709.jpg,Hun_Sen
710.jpg,Chris_Kolanas
711.jpg,Colin_Powell
712.jpg,Ralf_Schumacher
713.jpg,Arnold_Scott
714.jpg,Buddy_Ryan
715.jpg,Bill_Fennelly
716.jpg,Colin_Powell
717.jpg,Nadia_Forte
718.jpg,Ivan_Helguera
719.jpg,Colin_Powell
720.jpg,Ed_Sullivan
721.jpg,Klaus_Schwab
722.jpg,Monica_Seles
723.jpg,Uzi_Even
724.jpg,Naomi_Watts
725.jpg,Askar_Akayev
726.jpg,Oscar_Elias_Biscet
727.jpg,Guillaume_Depardieu
728.jpg,Hamid_Karzai
729.jpg,Catherine_Ndereba
730.jpg,Chris_Dodd
731.jpg,Christian_Longo
732.jpg,Hugo_Chavez
733.jpg,Charlton_Heston
734.jpg,Naomi_Watts
735.jpg,Emanuel_Ginobili
736.jpg,Naomi_Watts
737.jpg,Katrin_Susi
738.jpg,Steve_Shiver
739.jpg,089_frontal
740.jpg,John_Bolton
741.jpg,Gerard_de_Cortanze
742.jpg,112_frontal
743.jpg,Colin_Powell
744.jpg,Colin_Powell
745.jpg,047_frontal
746.jpg,125_frontal
747.jpg,Samuel_Waksal
748.jpg,Ralf_Schumacher
749.jpg,Efrain_Rios_Montt
750.jpg,Tim_Duncan
751.jpg,Jose_Theodore
752.jpg,Charles_Cope
753.jpg,Hugh_Campbell
754.jpg,Colin_Powell
755.jpg,Colin_Powell
756.jpg,Hugo_Chavez
757.jpg,Dick_Latessa
758.jpg,Kofi_Annan
759.jpg,Nestor_Gonzalez
760.jpg,Caroline_Kennedy
761.jpg,Colin_Powell
762.jpg,Bob_Stoops
763.jpg,Pete_Sampras
764.jpg,Tom_Hanks
765.jpg,Valery_Giscard_dEstaing
766.jpg,Hideki_Sato
767.jpg,Edward_Belvin
768.jpg,Hugo_Chavez
769.jpg,Moshe_Katsav
770.jpg,Alejandro_Atchugarry
771.jpg,JP_Suarez
772.jpg,Andy_Griffith
773.jpg,Francisco_Flores
774.jpg,Wen_Jiabao
775.jpg,Tiger_Woods
776.jpg,Matt_Doherty
777.jpg,Colin_Powell
778.jpg,Cole_Chapman
779.jpg,Colin_Powell
780.jpg,Justin_Wilson
781.jpg,Kofi_Annan
782.jpg,Mukesh_Ambani
783.jpg,Annette_Lu
784.jpg,Mark_Gangloff
785.jpg,Daniel_Pearl
786.jpg,Patricia_Heaton
787.jpg,Maha_Habib
788.jpg,069_frontal
789.jpg,Laura_Marlow
790.jpg,Colin_Powell
791.jpg,Colin_Powell
792.jpg,Gregg_Popovich
793.jpg,Habib_Rizieq
794.jpg,Bob_Stoops
795.jpg,Nida_Blanca
796.jpg,Crispin_Glover
797.jpg,Colin_Powell
798.jpg,Catherine_Deneuve
799.jpg,Oswaldo_Paya
800.jpg,Tom_Ridge
801.jpg,Paul_Newman
802.jpg,Joe_Mantello
803.jpg,Daniele_Hypolito
804.jpg,Keith_Foulke
805.jpg,Zarai_Toledo
806.jpg,Russell_Crowe
807.jpg,Kofi_Annan
808.jpg,Tiger_Woods
809.jpg,James_Blake
810.jpg,Marina_Anissina
811.jpg,091_frontal
812.jpg,Kristanna_Loken
813.jpg,Colin_Powell
814.jpg,Hugo_Chavez
815.jpg,Cate_Blanchett
816.jpg,Wen_Jiabao
817.jpg,Martin_Torrijos
818.jpg,016_frontal
819.jpg,Cassandra_Heise
820.jpg,Colin_Powell
821.jpg,Derek_Jeter
822.jpg,Josh_Kronfeld
823.jpg,Thomas_OBrien
824.jpg,Hans_Leistritz
825.jpg,Charles_Richardson
826.jpg,Caroline_Kennedy
827.jpg,Colin_Powell
828.jpg,Tom_Cruise
829.jpg,Cesar_Maia
830.jpg,Jeong_Se-hyun
831.jpg,Sergio_Vieira_De_Mello
832.jpg,Christian_Von_Wernich
833.jpg,Colin_Powell
834.jpg,Mitchell_Crooks
835.jpg,Al_Gore
836.jpg,Erwin_Mapasseng
837.jpg,Russell_Crowe
838.jpg,Martha_Burk
839.jpg,Miguel_Jimenez
840.jpg,Ai_Sugiyama
841.jpg,Al_Gore
842.jpg,Tom_Ridge
843.jpg,Jessica_Brungo
844.jpg,Marian_Dolan
845.jpg,Colin_Powell
846.jpg,Thaksin_Shinawatra
847.jpg,Debra_Rose
848.jpg,Steve_Mariucci
849.jpg,Tiger_Woods
850.jpg,Christian_Longo
851.jpg,Salma_Hayek
852.jpg,Scott_McNealy
853.jpg,Tony_Stewart
854.jpg,Benjamin_Netanyahu
855.jpg,Laura_Elena_Harring
856.jpg,Anthony_Hopkins
857.jpg,Tony_Stewart
858.jpg,Daniel_Radcliffe
859.jpg,038_frontal
860.jpg,Naomi_Watts
861.jpg,Paul_Bremer
862.jpg,Kate_Hudson
863.jpg,Hugo_Chavez
864.jpg,Colin_Powell
865.jpg,Annie_Machon
866.jpg,Sophia_Loren
867.jpg,Rodney_Dangerfield
868.jpg,Colin_Powell
869.jpg,Larry_Brown
870.jpg,Catherine_Deneuve
871.jpg,Anthony_Hopkins
872.jpg,Mufti_Mohammad_Syed
873.jpg,Colin_Powell
874.jpg,Michael_Donovan
875.jpg,Wang_Nan
876.jpg,Alberto_Fujimori
877.jpg,Hugo_Chavez
878.jpg,Hugo_Chavez
879.jpg,Kofi_Annan
880.jpg,Martin_Brodeur
881.jpg,Carlos_Salinas
882.jpg,Roberto_Carlos
883.jpg,Pete_Sampras
884.jpg,Naomi_Watts
885.jpg,Teresa_Williams
886.jpg,Maurice_Strong
887.jpg,Colin_Powell
888.jpg,049_frontal
889.jpg,Tony_Curtis
890.jpg,052_frontal
891.jpg,Thomas_OBrien
892.jpg,Colin_Powell
893.jpg,Chris_Columbus
894.jpg,Kevin_Gil
895.jpg,Tom_Hanks
896.jpg,Alexandra_Spann
897.jpg,Matt_Damon
898.jpg,Michael_Leavitt
899.jpg,Maureen_Fanning
900.jpg,Ricardo_Lopez_Murphy
901.jpg,Lindy_Ruff
902.jpg,128_frontal
903.jpg,Abdullatif_Sener
904.jpg,Sergio_Vieira_De_Mello
905.jpg,Jeremy_Shockey
906.jpg,Dolly_Parton
907.jpg,Kofi_Annan
908.jpg,Brian_Henson
909.jpg,Maryn_McKenna
910.jpg,Roberto_Carlos
911.jpg,Billy_Beane
912.jpg,Strom_Thurmond
913.jpg,Kofi_Annan
914.jpg,Bob_Stoops
915.jpg,Kevin_Garnett
916.jpg,Larry_Coker
917.jpg,Kenneth_Evans
918.jpg,Bill_Kollar
919.jpg,Tom_Ridge
920.jpg,Stipe_Mesic
921.jpg,Harrison_Ford
922.jpg,Mark_Gangloff
923.jpg,Stanley_McChrystal
924.jpg,Hugo_Chavez
925.jpg,Nora_Bendijo
926.jpg,Patricia_Heaton
927.jpg,Maureen_Fanning
928.jpg,Charlton_Heston
929.jpg,Steven_Hatfill
930.jpg,045_frontal
931.jpg,Jay_Garner
932.jpg,Ron_Dittemore
933.jpg,Zarai_Toledo
934.jpg,Jennifer_Furminger
935.jpg,Prince_Claus
936.jpg,Dario_Franchitti
937.jpg,Hugo_Chavez
938.jpg,Padraig_Harrington
939.jpg,099_frontal
940.jpg,Begum_Khaleda_Zia
941.jpg,Luis_Gonzalez_Macchi
942.jpg,Colin_Powell
943.jpg,William_Cocksedge
944.jpg,Roman_Tam
945.jpg,071_frontal
946.jpg,Colin_Powell
947.jpg,Claudio_Abbado
948.jpg,Jennifer_Connelly
949.jpg,Jose_Manuel_Durao_Barroso
950.jpg,Michael_Kirby
951.jpg,Colin_Powell
952.jpg,Pete_Sampras
953.jpg,Colin_Powell
954.jpg,Tom_Ridge
955.jpg,Jesse_James_Leija
956.jpg,Carl_Levin
957.jpg,Patricia_Johnson
958.jpg,Karin_Pilsaeter
959.jpg,Colin_Powell
960.jpg,Hamid_Karzai
961.jpg,Louis_Van_Gaal
962.jpg,Sue_Wicks
963.jpg,Colin_Powell
964.jpg,Jacky_Cheung
965.jpg,Kurt_Warner
966.jpg,Colin_Powell
967.jpg,Andy_Warhol
968.jpg,Larry_Coker
969.jpg,Juan_Ignacio_Chela
970.jpg,Thomas_OBrien
971.jpg,Gregg_Popovich
972.jpg,John_Kerry
973.jpg,Colin_Powell
974.jpg,Shane_Mosley
975.jpg,Margie_Puente
976.jpg,Oswaldo_Paya
977.jpg,John_Gruden
978.jpg,110_frontal
979.jpg,Hugo_Chavez
980.jpg,Jeong_Se-hyun
981.jpg,117_frontal
982.jpg,Denzel_Washington
983.jpg,063_frontal
984.jpg,Tom_Ridge
985.jpg,Colin_Powell
986.jpg,Bryant_Young
987.jpg,Monica_Serra
988.jpg,Kurt_Warner
989.jpg,Fred_Funk
990.jpg,Peter_Greenaway
991.jpg,Ilan_Ramon
992.jpg,Tim_Floyd
993.jpg,Kai-Uwe_Ricke
994.jpg,Colin_Powell
995.jpg,Hugo_Chavez
996.jpg,Ralph_Sampson
997.jpg,089_frontal
998.jpg,Marco_Irizarry
999.jpg,Max_von_Sydow
1000.jpg,Colin_Powell
1001.jpg,Tiger_Woods
1002.jpg,Colin_Powell
1003.jpg,Ryan_Goodman
1004.jpg,Penelope_Ann_Miller
1005.jpg,Ruben_Studdard
1006.jpg,Kate_Hudson
1007.jpg,Elizabeth_Hill
1008.jpg,Colin_Powell
1009.jpg,Linda_Dano
1010.jpg,Charles_Mathews
1011.jpg,Colin_Powell
1012.jpg,David_Kelly
1013.jpg,Tom_Hanks
1014.jpg,Chin-Feng_Chen
1015.jpg,Bulent_Ecevit
1016.jpg,Gregg_Popovich
1017.jpg,Nick_Nolte
1018.jpg,Ciro_Gomes
1019.jpg,054_frontal
1020.jpg,Doug_Moe
1021.jpg,Maritza_Macias_Furano
1022.jpg,Kim_Gandy
1023.jpg,Mitchell_Swartz
1024.jpg,Justine_Pasek
1025.jpg,003_frontal
1026.jpg,019_frontal
1027.jpg,Benjamin_Netanyahu
1028.jpg,Colin_Powell
1029.jpg,Beyonce_Knowles
1030.jpg,Li_Zhaoxing
1031.jpg,Jean-Pierre_Bemba
1032.jpg,Paul_Burrell
1033.jpg,109_frontal
1034.jpg,109_frontal
1035.jpg,Luis_Gonzalez_Macchi
1036.jpg,Kofi_Annan
1037.jpg,Samuel_Waksal
1038.jpg,Ana_Palacio
1039.jpg,090_frontal
1040.jpg,Brandon_Boyd
1041.jpg,Tomoko_Hagiwara
1042.jpg,Patricia_Hearst
1043.jpg,Donald_Pettit
1044.jpg,Adam_Kennedy
1045.jpg,Valentino_Rossi
1046.jpg,Melana_Scantlin
1047.jpg,Michael_Kahn
1048.jpg,Charles_Richardson
1049.jpg,Stellan_Skarsgard
1050.jpg,Stanley_McChrystal
1051.jpg,Martha_Burk
1052.jpg,Antonio_Palocci
1053.jpg,Joe_Mantello
1054.jpg,079_frontal
1055.jpg,Vinnie_Jones
1056.jpg,Carolyn_Dawn_Johnson
1057.jpg,Colin_Powell
1058.jpg,Bruce_Weber
1059.jpg,Iran_Brown
1060.jpg,Hugo_Chavez
1061.jpg,Trevor_McDonald
1062.jpg,032_frontal
1063.jpg,Ryan_Nyquist
1064.jpg,Tom_Ridge
1065.jpg,Hugo_Chavez
1066.jpg,Billy_Sollie
1067.jpg,Gary_Williams
1068.jpg,Zarai_Toledo
1069.jpg,Mitchell_Crooks
1070.jpg,Wen_Jiabao
1071.jpg,Gloria_Gaynor
1072.jpg,John_Bolton
1073.jpg,Colin_Powell
1074.jpg,Leonard_Glick
1075.jpg,Hugo_Chavez
1076.jpg,Joan_Dangerfield
1077.jpg,Cesar_Maia
1078.jpg,Hugo_Chavez
1079.jpg,Jerry_Regier
1080.jpg,Ozzy_Osbourne
1081.jpg,Dai_Chul_Chyung
1082.jpg,Colin_Powell
1083.jpg,Mike_Maroth
1084.jpg,Colin_Powell
1085.jpg,065_frontal
1086.jpg,Pete_Sampras
1087.jpg,Paris_Hilton
1088.jpg,Steven_Curtis_Chapman
1089.jpg,080_frontal
1090.jpg,Atiabet_Ijan_Amabel
1091.jpg,079_frontal
1092.jpg,Gerard_de_Cortanze
1093.jpg,Sean_Patrick_OMalley
1094.jpg,Suzanne_Haik_Terrell
1095.jpg,Hugo_Chavez
1096.jpg,Tim_Floyd
1097.jpg,Paul_Bremer
1098.jpg,TA_McLendon
1099.jpg,Bill_OReilly
1100.jpg,Roberto_Guaterroma
1101.jpg,John_Edwards
1102.jpg,Tono_Suratman
1103.jpg,Michael_Chang
1104.jpg,Norodom_Sihanouk
1105.jpg,Li_Peng
1106.jpg,Wolfgang_Schwarz
1107.jpg,John_Bolton
1108.jpg,Paul_Bremer
1109.jpg,Justine_Pasek
1110.jpg,Ron_Dittemore
1111.jpg,Rita_Moreno
1112.jpg,Hugo_Chavez
1113.jpg,Mario_Lemieux
1114.jpg,Kevin_Spacey
1115.jpg,Tom_Ridge
1116.jpg,Aparna_Pillai
1117.jpg,Michelle_Hofland
1118.jpg,Colin_Powell
1119.jpg,John_Kerry
1120.jpg,Mickey_Gilley
1121.jpg,117_frontal
1122.jpg,Hamid_Karzai
1123.jpg,Bulent_Ecevit
1124.jpg,092_frontal
1125.jpg,Jerry_Regier
1126.jpg,Hugo_Chavez
1127.jpg,Larry_Brown
1128.jpg,Colin_Powell
1129.jpg,Tony_Stewart
1130.jpg,John_Kerry
1131.jpg,Lucy_Liu
1132.jpg,Mariangel_Ruiz_Torrealba
1133.jpg,Luis_Gonzalez_Macchi
1134.jpg,061_frontal
1135.jpg,Kofi_Annan
1136.jpg,Anne_ONeil
1137.jpg,122_frontal
1138.jpg,Hamid_Karzai
1139.jpg,Dan_Wheldon
1140.jpg,Tom_Cruise
1141.jpg,Sanjay_Chawla
1142.jpg,Brandon_Boyd
1143.jpg,Adriana_Perez_Navarro
1144.jpg,Elizabeth_Hurley
1145.jpg,Hugo_Chavez
1146.jpg,Alexis_Bledel
1147.jpg,Aleksander_Kwasniewski
1148.jpg,Colin_Powell
1149.jpg,Wayne_Ferreira
1150.jpg,Paul_Li_Calsi
1151.jpg,Isaiah_Washington
1152.jpg,Patricia_Hearst
1153.jpg,Stipe_Mesic
1154.jpg,Ana_Claudia_Talancon
1155.jpg,Mariah_Carey
1156.jpg,Cameron_Diaz
1157.jpg,Norodom_Sihanouk
1158.jpg,Kristin_Davis
1159.jpg,Colin_Powell
1160.jpg,Li_Peng
1161.jpg,Colin_Powell
1162.jpg,Manuela_Montebrun
1163.jpg,James_Brown
1164.jpg,Jennifer_Keller
1165.jpg,Bruce_Weber
1166.jpg,David_Modell
1167.jpg,Hamad_Bin_Jassim
1168.jpg,Hugo_Chavez
1169.jpg,Joerg_Haider
1170.jpg,Benjamin_Netanyahu
1171.jpg,Roberto_Guaterroma
1172.jpg,Queen_Noor
1173.jpg,Helio_Castroneves
1174.jpg,Kofi_Annan
1175.jpg,Bryant_Young
1176.jpg,Cemil_Cicek
1177.jpg,Matthew_Broderick
1178.jpg,105_frontal
1179.jpg,Jimmy_Jimenez
1180.jpg,Colin_Powell
1181.jpg,Adam_Kennedy
1182.jpg,Jose_Manuel_Durao_Barroso
1183.jpg,Cole_Chapman
1184.jpg,Strom_Thurmond
1185.jpg,Allen_Iverson
1186.jpg,Michael_Chang
1187.jpg,John_McCallum
1188.jpg,Kai-Uwe_Ricke
1189.jpg,Colin_Powell
1190.jpg,Hans_Eichel
1191.jpg,Hugo_Chavez
1192.jpg,Mary_Matalin
1193.jpg,Chris_Dodd
1194.jpg,Li_Zhaoxing
1195.jpg,098_frontal
1196.jpg,Martin_Brodeur
1197.jpg,Kofi_Annan
1198.jpg,Chris_Moore
1199.jpg,Deena_Burnett
1200.jpg,Chin-Feng_Chen
1201.jpg,Stephen_Thompson
1202.jpg,Hugo_Chavez
1203.jpg,122_frontal
1204.jpg,Todd_Petit
1205.jpg,Ana_Palacio
1206.jpg,Maha_Habib
1207.jpg,Gary_Locke
1208.jpg,Parris_Glendening
1209.jpg,Ralf_Schumacher
1210.jpg,009_frontal
1211.jpg,Colin_Powell
1212.jpg,Benjamin_Netanyahu
1213.jpg,Naomi_Watts
1214.jpg,Matthew_Broderick
1215.jpg,Valerie_Harper
1216.jpg,070_frontal
1217.jpg,Kofi_Annan
1218.jpg,Isaiah_Washington
1219.jpg,Charlton_Heston
1220.jpg,Ana_Palacio
1221.jpg,Ilan_Ramon
1222.jpg,010_frontal
1223.jpg,Colin_Powell
1224.jpg,019_frontal
1225.jpg,Salma_Hayek
1226.jpg,Ahmad_Masood
1227.jpg,049_frontal
1228.jpg,Cemil_Cicek
1229.jpg,Colin_Powell
1230.jpg,Kofi_Annan
1231.jpg,Jennifer_Keller
1232.jpg,Joseph_LePore
1233.jpg,Wolfgang_Schwarz
1234.jpg,Tiger_Woods
1235.jpg,Adrian_Nastase
1236.jpg,Rick_Santorum
1237.jpg,Stanley_McChrystal
1238.jpg,Hugo_Chavez
1239.jpg,Colin_Powell
1240.jpg,Li_Zhaoxing
1241.jpg,Li_Changchun
1242.jpg,Rohinton_Mistry
1243.jpg,Naomi_Watts
1244.jpg,Josh_Kronfeld
1245.jpg,Hank_Stram
1246.jpg,David_Hannay
1247.jpg,Patrick_Stewart
1248.jpg,Charlotte_Church
1249.jpg,Isabella_Rossellini
1250.jpg,Colin_Powell
1251.jpg,Kofi_Annan
1252.jpg,Colleen_Ryan
1253.jpg,Derek_Jeter
1254.jpg,Jacqueline_Obradors
1255.jpg,James_Meredeth
1256.jpg,Shane_Mosley
1257.jpg,Lea_Fastow
1258.jpg,Derrick_Rodgers
1259.jpg,Kate_Hudson
1260.jpg,Jose_Cevallos
1261.jpg,Salma_Hayek
1262.jpg,Michael_Moore
1263.jpg,008_frontal
1264.jpg,Anthony_Lee_Johnson
1265.jpg,Colin_Powell
1266.jpg,Gianni_Agnelli
1267.jpg,Brandon_Knight
1268.jpg,Diane_Ladd
1269.jpg,Keith_Foulke
1270.jpg,Colin_Powell
1271.jpg,Kofi_Annan
1272.jpg,Sureyya_Ayhan
1273.jpg,Emanuel_Ginobili
1274.jpg,Otto_Schily
1275.jpg,Nancy_Sinatra
1276.jpg,Li_Zhaoxing
1277.jpg,Hugo_Chavez
1278.jpg,Al_Gore
1279.jpg,Stellan_Skarsgard
1280.jpg,Larry_Anderson
1281.jpg,Aparna_Pillai
1282.jpg,Alan_Ball
1283.jpg,Parris_Glendening
1284.jpg,Colin_Powell
1285.jpg,Colin_Powell
1286.jpg,James_Blake
1287.jpg,Lea_Fastow
1288.jpg,Colin_Powell
1289.jpg,084_frontal
1290.jpg,Sally_Clark
1291.jpg,Claudia_Cardinale
1292.jpg,Guillaume_Soro
1293.jpg,Colin_Powell
1294.jpg,Javier_Saviola
1295.jpg,Bob_Stoops
1296.jpg,053_frontal
1297.jpg,Scott_Weiland
1298.jpg,Khaled_Sawalhi
1299.jpg,Colin_Powell
1300.jpg,Deniz_Baykal
1301.jpg,Isabelle_Huppert
1302.jpg,Kofi_Annan
1303.jpg,Kevin_Garnett
1304.jpg,Colin_Powell
1305.jpg,Luc_Montagnier
1306.jpg,Raoul_Ruiz
1307.jpg,Michael_Leavitt
1308.jpg,Billy_Sollie
1309.jpg,Colin_Powell
1310.jpg,017_frontal
1311.jpg,Alexandre_Vinokourov
1312.jpg,Hun_Sen
1313.jpg,John_Kerry
1314.jpg,Paul_Bremer
1315.jpg,Juanes
1316.jpg,John_Bolton
1317.jpg,John_Abizaid
1318.jpg,Mitchell_Swartz
1319.jpg,Daniel_Radcliffe
1320.jpg,Wen_Jiabao
1321.jpg,Mark_Andrew
1322.jpg,Jennifer_Furminger
1323.jpg,Colin_Powell
1324.jpg,John_Kerry
1325.jpg,Colin_Powell
1326.jpg,Andy_Warhol
1327.jpg,Orlando_Bloom
1328.jpg,Hugo_Chavez
1329.jpg,098_frontal
1330.jpg,Colin_Powell
1331.jpg,Hamid_Karzai
1332.jpg,Monica_Serra
1333.jpg,Prince_Claus
1334.jpg,Hugo_Chavez
1335.jpg,Kathryn_Morris
1336.jpg,054_frontal
1337.jpg,Ricardo_Lopez_Murphy
1338.jpg,Carl_Levin
1339.jpg,Dennis_Powell
1340.jpg,Jodie_Henry
1341.jpg,Colin_Powell
1342.jpg,Larry_Coker
1343.jpg,Gene_Sauers
1344.jpg,Chris_Columbus
1345.jpg,Maritza_Macias_Furano
1346.jpg,064_frontal
1347.jpg,058_frontal
1348.jpg,014_frontal
1349.jpg,Marc_Leger
1350.jpg,003_frontal
1351.jpg,Leonard_Glick
1352.jpg,Jeong_Se-hyun
1353.jpg,Ron_Dittemore
1354.jpg,Tony_Stewart
1355.jpg,Colin_Powell
1356.jpg,Ron_Dittemore
1357.jpg,Lucy_Liu
1358.jpg,Bob_Stoops
1359.jpg,Clive_Lloyd
1360.jpg,Marcelo_Ebrard
1361.jpg,William_Burns
1362.jpg,Tom_Ridge
1363.jpg,Paul_Bremer
1364.jpg,Linda_Amicangioli
1365.jpg,058_frontal
1366.jpg,Larry_Coker
1367.jpg,Al_Leiter
1368.jpg,Johan_Bruyneel
1369.jpg,Hugo_Chavez
1370.jpg,Anette_Hosoi
1371.jpg,Elizabeth_Hurley
1372.jpg,Suzanne_Haik_Terrell
1373.jpg,Michael_Taylor
1374.jpg,Colin_Powell
1375.jpg,Rina_Lazo
1376.jpg,Colin_Powell
1377.jpg,Hugo_Chavez
1378.jpg,Robby_Ginepri
1379.jpg,Ralf_Schumacher
1380.jpg,Hamid_Karzai
1381.jpg,John_Bolton
1382.jpg,Shane_Mosley
1383.jpg,Jeong_Se-hyun
1384.jpg,Nelson_Shanks
1385.jpg,Tom_Hanks
1386.jpg,Daryl_Hannah
1387.jpg,James_Butts
1388.jpg,062_frontal
1389.jpg,Colin_Powell
1390.jpg,Colin_Powell
1391.jpg,John_Eder
1392.jpg,Tyler_Grillo
1393.jpg,Ilan_Ramon
1394.jpg,Orlando_Bloom
1395.jpg,123_frontal
1396.jpg,Evie_Lazarou
1397.jpg,Jose_Manuel_Durao_Barroso
1398.jpg,Ozzy_Osbourne
1399.jpg,Linus_Roache
1400.jpg,Elinor_Caplan
1401.jpg,Hussein_Malik
1402.jpg,Gabriel_Hughes
1403.jpg,Hamid_Karzai
1404.jpg,Pedro_Malan
1405.jpg,Aaron_Guiel
1406.jpg,Franz_Gsell
1407.jpg,Janette_Husarova
1408.jpg,Dany_Heatley
1409.jpg,Ahmad_Masood
1410.jpg,Katie_Couric
1411.jpg,Ron_Dittemore
1412.jpg,Colin_Powell
1413.jpg,Mike_Helton
1414.jpg,048_frontal
1415.jpg,Colin_Powell
1416.jpg,Robby_Ginepri
1417.jpg,Penelope_Ann_Miller
1418.jpg,Hugo_Chavez
1419.jpg,Matthew_Broderick
1420.jpg,Gabriel_Farhi
1421.jpg,Chea_Sophara
1422.jpg,Naomi_Watts
1423.jpg,John_Bond
1424.jpg,Salma_Hayek
1425.jpg,Brian_Wells
1426.jpg,039_frontal
1427.jpg,Gary_Williams
1428.jpg,Richard_Tubb
1429.jpg,Al_Gore
1430.jpg,Todd_Petit
1431.jpg,129_frontal
1432.jpg,Thomas_Fargo
1433.jpg,Colin_Powell
1434.jpg,Ali_Khamenei
1435.jpg,Kristanna_Loken
1436.jpg,Mike_Sweeney
1437.jpg,Charles_Richardson
1438.jpg,Faye_Wong
1439.jpg,Martin_Cauchon
1440.jpg,Andrew_Bernard
1441.jpg,James_Blake
1442.jpg,Kurt_Budke
1443.jpg,087_frontal
1444.jpg,Colin_Powell
1445.jpg,Marc_Anthony
1446.jpg,Jeremy_Shockey
1447.jpg,Hamid_Karzai
1448.jpg,Larry_Brown
1449.jpg,Cameron_Diaz
1450.jpg,Elizabeth_Taylor
1451.jpg,Charles_Mathews
1452.jpg,Francisco_Flores
1453.jpg,Salma_Hayek
1454.jpg,Colin_Powell
1455.jpg,Mike_Holmgren
1456.jpg,Mike_Johanns
1457.jpg,Colin_Powell
1458.jpg,Jean-Pierre_Raffarin
1459.jpg,Bill_Fennelly
1460.jpg,Ana_Palacio
1461.jpg,Erwin_Mapasseng
1462.jpg,John_Bolton
1463.jpg,Jason_Biggs
1464.jpg,Ron_Dittemore
1465.jpg,Colin_Powell
1466.jpg,Svend_Aage_Jensby
1467.jpg,Manfred_Stolpe
1468.jpg,Kate_Hudson
1469.jpg,Stellan_Skarsgard
1470.jpg,Tom_Cruise
1471.jpg,Elizabeth_Hurley
1472.jpg,Hugo_Chavez
1473.jpg,Iran_Brown
1474.jpg,Paul_Burrell
1475.jpg,090_frontal
1476.jpg,Myung_Yang
1477.jpg,Colin_Powell
1478.jpg,Kiki_Vandeweghe
1479.jpg,Colin_Powell
1480.jpg,Gerard_de_Cortanze
1481.jpg,Colin_Powell
1482.jpg,Tim_Floyd
1483.jpg,Enrique_Bolanos
1484.jpg,128_frontal
1485.jpg,Billy_Gilman
1486.jpg,Kevin_James
1487.jpg,James_Meredeth
1488.jpg,Oprah_Winfrey
1489.jpg,Tina_Brown
1490.jpg,Kofi_Annan
1491.jpg,Mitchell_Swartz
1492.jpg,Francisco_Flores
1493.jpg,Charles_Schumer
1494.jpg,Samuel_Waksal
1495.jpg,Michael_Sullivan
1496.jpg,Florencia_Macri
1497.jpg,Carolyn_Dawn_Johnson
1498.jpg,Colin_Powell
1499.jpg,Cate_Blanchett
1500.jpg,Peter_Bacanovic
1501.jpg,Luis_Gonzalez_Macchi
1502.jpg,Kevin_Satterfield
1503.jpg,Yuri_Luzhkov
1504.jpg,Claudia_Coslovich
1505.jpg,052_frontal
1506.jpg,Dean_Barkley
1507.jpg,Nick_Nolte
1508.jpg,Colin_Powell
1509.jpg,Enrique_Bolanos
1510.jpg,Teresa_Williams
1511.jpg,Oscar_De_La_Hoya
1512.jpg,Colin_Powell
1513.jpg,Johnny_Depp
1514.jpg,Gary_Locke
1515.jpg,James_Brown
1516.jpg,William_Burns
1517.jpg,Justine_Pasek
1518.jpg,Colin_Powell
1519.jpg,Hugo_Conte
1520.jpg,Colin_Powell
1521.jpg,Lynne_Thigpen
1522.jpg,Hugo_Chavez
1523.jpg,Colin_Powell
1524.jpg,Colin_Powell
1525.jpg,Billy_Sollie
1526.jpg,Larry_Brown
1527.jpg,Hugo_Chavez
1528.jpg,058_frontal
1529.jpg,Tom_Ridge
1530.jpg,Rob_Niedermayer
1531.jpg,Colin_Powell
1532.jpg,Salma_Hayek
1533.jpg,Allen_Rock
1534.jpg,Prince_Claus
1535.jpg,Alberto_Fujimori
1536.jpg,Kristin_Davis
1537.jpg,Sophia_Loren
1538.jpg,Michael_Chang
1539.jpg,Habib_Rizieq
1540.jpg,Hugo_Chavez
1541.jpg,Colin_Powell
1542.jpg,Abdullatif_Sener
1543.jpg,Allen_Iverson
1544.jpg,Li_Peng
1545.jpg,Betty_Garrison
1546.jpg,Thomas_OBrien
1547.jpg,Mario_Alfaro-Lopez
1548.jpg,Ralph_Klein
1549.jpg,Roger_Staubach
1550.jpg,Klaus_Schwab
1551.jpg,Hugo_Chavez
1552.jpg,Michael_Sullivan
1553.jpg,Samuel_Waksal
1554.jpg,Kwon_Young-gil
1555.jpg,Dai_Chul_Chyung
1556.jpg,Bob_Geldof
1557.jpg,Chung_Mong-hun
1558.jpg,Dario_Franchitti
1559.jpg,Dusty_Baker
1560.jpg,Colin_Powell
1561.jpg,Tim_Duncan
1562.jpg,Thierry_Mariani
1563.jpg,Hugo_Chavez
1564.jpg,James_Blake
1565.jpg,John_Bolton
1566.jpg,Martha_Martinez_Flores
1567.jpg,Kevin_Spacey
1568.jpg,Colin_Powell
1569.jpg,John_Abizaid
1570.jpg,Dave_Williams
1571.jpg,Mark_Hanson
1572.jpg,James_Blake
1573.jpg,Kelli_White
1574.jpg,Evan_Marriott
1575.jpg,Sophia_Loren
1576.jpg,John_Kerry
1577.jpg,John_Abizaid
1578.jpg,Paola_Espinoza
1579.jpg,Edgar_Savisaar
1580.jpg,Klaus_Zwickel
1581.jpg,Jay_Garner
1582.jpg,Martin_Cauchon
1583.jpg,Chris_Rock
1584.jpg,Colin_Powell
1585.jpg,Colin_Powell
1586.jpg,Colin_Powell
1587.jpg,James_Brown
1588.jpg,Yasushi_Akashi
1589.jpg,Natalia_Verbeke
1590.jpg,Mariangel_Ruiz_Torrealba
1591.jpg,Dean_Barkley
1592.jpg,Ron_Dittemore
1593.jpg,Tomoko_Hagiwara
1594.jpg,109_frontal
1595.jpg,Thaksin_Shinawatra
1596.jpg,Manfred_Stolpe
1597.jpg,Li_Zhaoxing
1598.jpg,036_frontal
1599.jpg,Valery_Giscard_dEstaing
1600.jpg,Kevin_Spacey
1601.jpg,Roger_King
1602.jpg,Eric_Ryan_Donnelly
1603.jpg,Matthew_Broderick
1604.jpg,Paul_Bremer
1605.jpg,Donald_Pettit
1606.jpg,Elizabeth_Shue
1607.jpg,Colin_Powell
1608.jpg,Colin_Powell
1609.jpg,Melana_Scantlin
1610.jpg,Sue_Wicks
1611.jpg,Habib_Rizieq
1612.jpg,Hans_Eichel
1613.jpg,Debra_Brown
1614.jpg,Greg_Ostertag
1615.jpg,Colin_Powell
1616.jpg,Adrian_Nastase
1617.jpg,Valentino_Rossi
1618.jpg,Luther_Htu
1619.jpg,Colin_Powell
1620.jpg,Heidi_Fleiss
1621.jpg,John_Kerry
1622.jpg,Hugo_Chavez
1623.jpg,Carolyn_Dawn_Johnson
1624.jpg,Sergio_Vieira_De_Mello
1625.jpg,Helio_Castroneves
1626.jpg,Sergio_Vieira_De_Mello
1627.jpg,Mariah_Carey
1628.jpg,Kofi_Annan
1629.jpg,Rick_Bragg
1630.jpg,Ivan_Helguera
1631.jpg,Cameron_Diaz
1632.jpg,Gore_Vidal
1633.jpg,Eli_Broad
1634.jpg,Tony_Stewart
1635.jpg,Hugo_Chavez
1636.jpg,Harrison_Ford
1637.jpg,Colin_Powell
1638.jpg,Carlos_Ortega
1639.jpg,Desmon_Farmer
1640.jpg,Hugo_Chavez
1641.jpg,Tom_Ridge
1642.jpg,Melissa_Manchester
1643.jpg,Kurt_Hellstrom
1644.jpg,068_frontal
1645.jpg,Hugo_Chavez
1646.jpg,Malcolm_Glazer
1647.jpg,Matt_Damon
1648.jpg,Mohammad_Al-Sharief
1649.jpg,Anthony_Lee_Johnson
1650.jpg,Samuel_Waksal
1651.jpg,Horace_Donovan_Reid
1652.jpg,Tom_Hanks
1653.jpg,Colin_Powell
1654.jpg,Nancy_Sinatra
1655.jpg,Kellie_Coffey
1656.jpg,Jose_Theodore
1657.jpg,Derek_Jeter
1658.jpg,Larry_Ellison
1659.jpg,Sophia_Loren
1660.jpg,John_Edwards
1661.jpg,Ren_Qingjin
1662.jpg,Hugo_Chavez
1663.jpg,Greg_Rusedski
1664.jpg,Maurice_Papon
1665.jpg,022_frontal
1666.jpg,Adrian_Nastase
1667.jpg,Chris_Rock
1668.jpg,Chris_Kolanas
1669.jpg,Lucy_Liu
1670.jpg,Alastair_Johnston
1671.jpg,Naomi_Watts
1672.jpg,Kofi_Annan
1673.jpg,Klaus_Zwickel
1674.jpg,Sean_Astin
1675.jpg,035_frontal
1676.jpg,Matthew_Broderick
1677.jpg,Mitchell_McLaughlin
1678.jpg,Paul_Bremer
1679.jpg,035_frontal
1680.jpg,Nestor_Gonzalez
1681.jpg,Sophia_Loren
1682.jpg,S_Jayakumar
1683.jpg,Gene_Sauers
1684.jpg,David_Dorfman
1685.jpg,Tiger_Woods
1686.jpg,Timbul_Silaen
1687.jpg,Slobodan_Milosevic
1688.jpg,Kwon_Young-gil
1689.jpg,Carlos_Lordkipanitse
1690.jpg,Salma_Hayek
1691.jpg,Nick_Nolte
1692.jpg,Chung_Mong-hun
1693.jpg,Gary_Barnett
1694.jpg,Guillermo_Ruiz_Polanco
1695.jpg,Salma_Hayek
1696.jpg,Al_Gore
1697.jpg,Colin_Powell
1698.jpg,Hun_Sen
1699.jpg,Slobodan_Milosevic
1700.jpg,Steven_Hatfill
1701.jpg,Catherine_Deneuve
1702.jpg,Hugo_Chavez
1703.jpg,Allen_Iverson
1704.jpg,Li_Zhaoxing
1705.jpg,Raymond_Arthurs
1706.jpg,Oswaldo_Paya
1707.jpg,Tom_Ridge
1708.jpg,Gregg_Popovich
1709.jpg,Robert_Beck
1710.jpg,Hugo_Chavez
1711.jpg,Hugo_Chavez
1712.jpg,John_Kerry
1713.jpg,Vicente_Fox_de_la_Concha
1714.jpg,Compay_Segundo
1715.jpg,Boutros_Boutros_Ghali
1716.jpg,Colin_Powell
1717.jpg,Kofi_Annan
1718.jpg,Nathalie_Baye
1719.jpg,Slobodan_Milosevic
1720.jpg,Antonio_Palocci
1721.jpg,Steve_Mariucci
1722.jpg,Tom_Hanks
1723.jpg,Joe_Calzaghe
1724.jpg,Valentino_Rossi
1725.jpg,Thomas_OBrien
1726.jpg,Javier_Saviola
1727.jpg,Mark_Broxmeyer
1728.jpg,Carson_Palmer
1729.jpg,Adrian_Nastase
1730.jpg,Isabella_Rossellini
1731.jpg,Hana_Sadiq
1732.jpg,Marcelo_Ebrard
1733.jpg,Roger_Clemens
1734.jpg,Kiki_Vandeweghe
1735.jpg,Cassandra_Heise
1736.jpg,Colin_Powell
1737.jpg,John_Bolton
1738.jpg,Yoelbi_Quesada
1739.jpg,Russell_Crowe
1740.jpg,Dave_Robertson
1741.jpg,Denise_Johnson
1742.jpg,041_frontal
1743.jpg,Pete_Sampras
1744.jpg,Tom_Glavine
1745.jpg,Ralf_Schumacher
1746.jpg,Peter_Mackay
1747.jpg,Tom_Cruise
1748.jpg,Martin_Bandier
1749.jpg,Elizabeth_Hurley
1750.jpg,Colin_Powell
1751.jpg,Adrian_Fernandez
1752.jpg,Mona_Ayoub
1753.jpg,090_frontal
1754.jpg,Janet_Napolitano
1755.jpg,Peter_Mugyeni
1756.jpg,Colin_Powell
1757.jpg,Tiger_Woods
1758.jpg,010_frontal
1759.jpg,Desmon_Farmer
1760.jpg,Isabella_Rossellini
1761.jpg,Colin_Powell
1762.jpg,Kenneth_Evans
1763.jpg,Jerry_Regier
1764.jpg,Tom_Ridge
1765.jpg,Sean_Townsend
1766.jpg,Clive_Woodward
1767.jpg,Kellie_Coffey
1768.jpg,Tina_Brown
1769.jpg,Paul_Burrell
1770.jpg,Antonio_Palocci
1771.jpg,Paul_Burrell
1772.jpg,Kenneth_Branagh
1773.jpg,Allison_Searing
1774.jpg,Christine_Gregoire
1775.jpg,Mariah_Carey
1776.jpg,Marcelo_Ebrard
1777.jpg,Mitzi_Gaynor
1778.jpg,Lord_Hutton
1779.jpg,Ai_Sugiyama
1780.jpg,Christine_Gregoire
1781.jpg,Trevor_McDonald
1782.jpg,Raoul_Ruiz
1783.jpg,Abdul_Majeed_Shobokshi
1784.jpg,Colin_Powell
1785.jpg,012_frontal
1786.jpg,Paul_Bremer
1787.jpg,Hugo_Chavez
1788.jpg,James_Blake
1789.jpg,Tim_Duncan
1790.jpg,Pete_Sampras
1791.jpg,076_frontal
1792.jpg,Kofi_Annan
1793.jpg,Natalia_Vodonova
1794.jpg,Hugo_Chavez
1795.jpg,Tom_Ridge
1796.jpg,Li_Peng
1797.jpg,Ai_Sugiyama
1798.jpg,Tom_Ridge
1799.jpg,Bob_Stoops
1800.jpg,Kofi_Annan
1801.jpg,Guy_Ritchie
1802.jpg,Jennifer_Keller
1803.jpg,Hugo_Chavez
1804.jpg,Katrin_Susi
1805.jpg,Jane_Leeves
1806.jpg,Tiger_Woods
1807.jpg,Orlando_Bloom
1808.jpg,031_frontal
1809.jpg,Colin_Powell
1810.jpg,John_Bolton
1811.jpg,Li_Changchun
1812.jpg,Emanuel_Ginobili
1813.jpg,Janet_Napolitano
1814.jpg,Scott_Weiland
1815.jpg,Joerg_Haider
1816.jpg,Jennifer_Connelly
1817.jpg,Harrison_Ford
1818.jpg,Chin-Feng_Chen
1819.jpg,Colin_Powell
1820.jpg,Jeong_Se-hyun
1821.jpg,Colin_Powell
1822.jpg,Hamid_Karzai
1823.jpg,Colin_Powell
1824.jpg,Colin_Powell
1825.jpg,Aaron_Peirsol
1826.jpg,Valery_Giscard_dEstaing
1827.jpg,Tom_Hanks
1828.jpg,Carolyn_Dawn_Johnson
1829.jpg,Dick_Smothers
1830.jpg,Colin_Powell
1831.jpg,Hugo_Chavez
1832.jpg,Marwan_Barghouthi
1833.jpg,Colin_Powell
1834.jpg,Marwan_Barghouthi
1835.jpg,Elin_Nordegren
1836.jpg,Jacqueline_Obradors
1837.jpg,Peter_Hillary
1838.jpg,Kurt_Hellstrom
1839.jpg,Lionel_Richie
1840.jpg,Derrick_Battie
1841.jpg,098_frontal
1842.jpg,Mukesh_Ambani
1843.jpg,Linda_Dano
1844.jpg,Daniel_Radcliffe
1845.jpg,Paul_Burrell
1846.jpg,Colin_Powell
1847.jpg,Colin_Powell
1848.jpg,Colin_Powell
1849.jpg,Tiger_Woods
1850.jpg,Colin_Powell
1851.jpg,Gabi_Zimmer
1852.jpg,Jack_Welch
1853.jpg,005_frontal
1854.jpg,Hamid_Karzai
1855.jpg,Steven_Curtis_Chapman
1856.jpg,Sally_Clark
1857.jpg,Donald_Pettit
1858.jpg,Rick_Santorum
1859.jpg,Gabriel_Hughes
1860.jpg,Michael_Sullivan
1861.jpg,Al_Gore
1862.jpg,Fran_Drescher
1863.jpg,Pete_Sampras
1864.jpg,Hunter_Kemper
1865.jpg,Greg_Rusedski
1866.jpg,Martin_Bandier
1867.jpg,Julian_Battle
1868.jpg,Hugo_Chavez
1869.jpg,Ciro_Gomes
1870.jpg,Pete_Sampras
1871.jpg,Hugo_Chavez
1872.jpg,John_McCallum
1873.jpg,Kofi_Annan
1874.jpg,Colin_Powell
1875.jpg,Tom_Ridge
1876.jpg,Michael_Chang
1877.jpg,Jose_Lopez_Beltran
1878.jpg,Larry_Brown
1879.jpg,Colin_Powell
1880.jpg,Harrison_Ford
1881.jpg,Pete_Sampras
1882.jpg,Hugo_Chavez
1883.jpg,Chung_Mong-hun
1884.jpg,Kofi_Annan
1885.jpg,024_frontal
1886.jpg,Michael_Chang
1887.jpg,Harrison_Ford
1888.jpg,Jean-Pierre_Raffarin
1889.jpg,Amy_Pascal
1890.jpg,Penelope_Ann_Miller
1891.jpg,Ron_Dittemore
1892.jpg,Juan_Ignacio_Chela
1893.jpg,Carlos_Ortega
1894.jpg,Derek_Jeter
1895.jpg,Tom_Ridge
1896.jpg,071_frontal
1897.jpg,Samuel_Waksal
1898.jpg,LK_Advani
1899.jpg,Paulina_Rodriguez_Davila
1900.jpg,036_frontal
1901.jpg,Kofi_Annan
1902.jpg,Trisha_Meili
1903.jpg,Sophia_Loren
1904.jpg,James_Blake
1905.jpg,Elizabeth_Hurley
1906.jpg,Oscar_De_La_Hoya
1907.jpg,Isabella_Rossellini
1908.jpg,Andy_Griffith
1909.jpg,Tom_Hanks
1910.jpg,Wally_Szczerbiak
1911.jpg,Bob_Geldof
1912.jpg,Colin_Powell
1913.jpg,Monica_Seles
1914.jpg,043_frontal
1915.jpg,Mariah_Carey
1916.jpg,Hussein_Malik
1917.jpg,Matthew_Broderick
1918.jpg,Tom_Hanks
1919.jpg,Darin_Erstad
1920.jpg,Colin_Powell
1921.jpg,093_frontal
1922.jpg,Tom_Ridge
1923.jpg,Jorge_Moreno
1924.jpg,010_frontal
1925.jpg,Erwin_Mapasseng
1926.jpg,Marina_Anissina
1927.jpg,030_frontal
1928.jpg,Colleen_Jones
1929.jpg,Colin_Powell
1930.jpg,Ana_Palacio
1931.jpg,Monica_Seles
1932.jpg,Rogerio_Romero
1933.jpg,Lea_Fastow
1934.jpg,Lennart_Johansson
1935.jpg,Colin_Powell
1936.jpg,Greg_Rusedski
1937.jpg,Kevin_Spacey
1938.jpg,Paul_Bremer
1939.jpg,Colin_Powell
1940.jpg,Colin_Powell
1941.jpg,Alexis_Bledel
1942.jpg,100_frontal
1943.jpg,Yoelbi_Quesada
1944.jpg,Jeremy_Shockey
1945.jpg,Juergen_Peters
1946.jpg,Habib_Rizieq
1947.jpg,Colin_Powell
1948.jpg,Pete_Sampras
1949.jpg,James_Blake
1950.jpg,Shannyn_Sossamon
1951.jpg,Robert_Ehrlich
1952.jpg,Hugo_Chavez
1953.jpg,Hamid_Karzai
1954.jpg,Colin_Powell
1955.jpg,Tony_Curtis
1956.jpg,Allen_Rock
1957.jpg,Mike_Maroth
1958.jpg,Colin_Powell
1959.jpg,Kofi_Annan
1960.jpg,Peter_Greenaway
1961.jpg,Federico_Trillo
1962.jpg,Antonio_Palocci
1963.jpg,Hugo_Chavez
1964.jpg,Kai-Uwe_Ricke
1965.jpg,087_frontal
1966.jpg,106_frontal
1967.jpg,Colin_Powell
1968.jpg,089_frontal
1969.jpg,Gabriel_Farhi
1970.jpg,Hugo_Chavez
1971.jpg,Daniel_Chin
1972.jpg,Colin_Powell
1973.jpg,Emily_Mason
1974.jpg,Bob_Geldof
1975.jpg,James_Mathis
1976.jpg,118_frontal
1977.jpg,004_frontal
1978.jpg,Sasha_Alexander
1979.jpg,Dean_Barkley
1980.jpg,Abraham_Foxman
1981.jpg,Hugo_Chavez
1982.jpg,Brock_Berlin
1983.jpg,Hank_Stram
1984.jpg,Catherine_Deneuve
1985.jpg,Christina_Sawaya
1986.jpg,Martin_Boryczewski
1987.jpg,Robert_Pollack
1988.jpg,Claudio_Abbado
1989.jpg,Wu_Yi
1990.jpg,Antonio_Palocci
1991.jpg,075_frontal
1992.jpg,Russell_Crowe
1993.jpg,Colin_Powell
1994.jpg,James_Brown
1995.jpg,Li_Zhaoxing
1996.jpg,Nancy_Greenlaw
1997.jpg,092_frontal
1998.jpg,Milo_Maestrecampo
1999.jpg,Antonio_Elias_Saca
2000.jpg,Maria_Shriver
2001.jpg,Kellie_Coffey
2002.jpg,Ralph_Klein
2003.jpg,Benjamin_Netanyahu
2004.jpg,Sophia_Loren
2005.jpg,Li_Peng
2006.jpg,Chung_Mong-hun
2007.jpg,Colin_Powell
2008.jpg,James_Carville
2009.jpg,Hunter_Kemper
2010.jpg,Robert_Bullock
2011.jpg,Colin_Powell
2012.jpg,067_frontal
2013.jpg,Ray_Liotta
2014.jpg,Gregorio_Honasan
2015.jpg,Li_Peng
2016.jpg,Amanda_Beard
2017.jpg,Pedro_Solbes
2018.jpg,Steve_Zahn
2019.jpg,John_Bolton
2020.jpg,Joe_Dicaro
2021.jpg,Enrique_Iglesias
2022.jpg,Colin_Powell
2023.jpg,Bob_Riley
2024.jpg,Michael_McNeely
2025.jpg,George_Lopez
2026.jpg,James_Carville
2027.jpg,Nathalie_Baye
2028.jpg,Salma_Hayek
2029.jpg,Hans_Peter_Briegel
2030.jpg,Kristin_Scott
2031.jpg,Jeremy_Fogel
2032.jpg,Trevor_McDonald
2033.jpg,Federico_Trillo
2034.jpg,Hugo_Chavez
2035.jpg,Aaron_Guiel
2036.jpg,Brandon_Boyd
2037.jpg,Kelli_White
2038.jpg,Ron_Dittemore
2039.jpg,044_frontal
2040.jpg,Daniele_Hypolito
2041.jpg,Mohammad_Al-Sharief
2042.jpg,Maurice_Strong
2043.jpg,Isaiah_Washington
2044.jpg,Brandon_Larson
2045.jpg,Donald_Trump
2046.jpg,Lea_Fastow
2047.jpg,Buddy_Ryan
2048.jpg,John_Bolton
2049.jpg,Naomi_Watts
2050.jpg,Jennifer_Connelly
2051.jpg,Paul_Bremer
2052.jpg,Tim_Curry
2053.jpg,Anthony_Hopkins
2054.jpg,Princess_Victoria
2055.jpg,Aaron_Peirsol
2056.jpg,Gong_Ruina
2057.jpg,Svend_Aage_Jensby
2058.jpg,Nancy_Greenlaw
2059.jpg,John_Abizaid
2060.jpg,061_frontal
2061.jpg,Colin_Powell
2062.jpg,Aaron_Peirsol
2063.jpg,Elizabeth_Taylor
2064.jpg,Harrison_Ford
2065.jpg,Tiger_Woods
2066.jpg,Hugo_Chavez
2067.jpg,Kurt_Warner
2068.jpg,David_Modell
2069.jpg,078_frontal
2070.jpg,046_frontal
2071.jpg,Jennifer_Renee_Short
2072.jpg,Hushiar_Zebari
2073.jpg,Viara_Vike-Freiberga
2074.jpg,Mike_Smith
2075.jpg,Daryl_Hannah
2076.jpg,Kofi_Annan
2077.jpg,Juergen_Peters
2078.jpg,Hugo_Chavez
2079.jpg,Jose_Manuel_Durao_Barroso
2080.jpg,Colin_Powell
2081.jpg,Columba_Bush
2082.jpg,John_Abizaid
2083.jpg,Colin_Powell
2084.jpg,Bill_Byrne
2085.jpg,John_Kerry
2086.jpg,030_frontal
2087.jpg,Larry_Coker
2088.jpg,Andrew_Bernard
2089.jpg,Tiger_Woods
2090.jpg,Kristin_Davis
2091.jpg,Peter_Rasch
2092.jpg,Christian_Longo
2093.jpg,Charles_Pickering
2094.jpg,Jeong_Se-hyun
2095.jpg,Colin_Powell
2096.jpg,Sergio_Vieira_De_Mello
2097.jpg,Mukesh_Ambani
2098.jpg,Colin_Powell
2099.jpg,Johnny_Benson
2100.jpg,Anna_Chicherova
2101.jpg,Wen_Jiabao
2102.jpg,017_frontal
2103.jpg,Warren_Beatty
2104.jpg,Colin_Powell
2105.jpg,Linda_Dano
2106.jpg,Naomi_Watts
2107.jpg,Colin_Powell
2108.jpg,Thomas_OBrien
2109.jpg,Louis_Van_Gaal
2110.jpg,Salma_Hayek
2111.jpg,Colin_Powell
2112.jpg,James_Lockhart
2113.jpg,Peter_Rasch
2114.jpg,Nick_Nolte
2115.jpg,Eric_Vigouroux
2116.jpg,Johnny_Unitas
2117.jpg,Kofi_Annan
2118.jpg,John_Bolton
2119.jpg,Stanley_McChrystal
2120.jpg,095_frontal
2121.jpg,Mike_Holmgren
2122.jpg,Bob_Geldof
2123.jpg,George_Lopez
2124.jpg,Mike_Helton
2125.jpg,Kevin_Spacey
2126.jpg,Hugo_Chavez
2127.jpg,William_Burns
2128.jpg,James_Blake
2129.jpg,Tom_Ridge
2130.jpg,Tomoko_Hagiwara
2131.jpg,Franz_Gsell
2132.jpg,Gianni_Agnelli
2133.jpg,Desmon_Farmer
2134.jpg,Catherine_Deneuve
2135.jpg,Maureen_Fanning
2136.jpg,Aiysha_Smith
2137.jpg,Jose_Theodore
2138.jpg,John_Mayer
2139.jpg,John_Bolton
2140.jpg,Johnny_Benson
2141.jpg,Jennifer_Connelly
2142.jpg,Rick_Romley
2143.jpg,Lucy_Liu
2144.jpg,John_Bolton
2145.jpg,Kurt_Warner
2146.jpg,Jeanne_Moreau
2147.jpg,Patrice_Chereau
2148.jpg,Jeong_Se-hyun
2149.jpg,Bak_Chang-Ryun
2150.jpg,076_frontal
2151.jpg,048_frontal
2152.jpg,Robert_Duvall
2153.jpg,Lloyd_Mudiwa
2154.jpg,Bing_Crosby
2155.jpg,Colin_Powell
2156.jpg,Thomas_Fargo
2157.jpg,Dario_Franchitti
2158.jpg,TA_McLendon
2159.jpg,Norodom_Sihanouk
2160.jpg,Pat_Burns
2161.jpg,Yasushi_Akashi
2162.jpg,Gore_Vidal
2163.jpg,Joe_Plumeri
2164.jpg,Vincent_Spadea
2165.jpg,Michael_Chang
2166.jpg,Kevin_Satterfield
2167.jpg,Bob_Stoops
2168.jpg,Carson_Palmer
2169.jpg,Ruben_Studdard
2170.jpg,Jose_Manuel_Durao_Barroso
2171.jpg,Rohinton_Mistry
2172.jpg,Colin_Powell
2173.jpg,Jim_Paxson
2174.jpg,Li_Zhaoxing
2175.jpg,Wen_Jiabao
2176.jpg,108_frontal
2177.jpg,Paul_Bremer
2178.jpg,Paul_Burrell
2179.jpg,Kate_Hudson
2180.jpg,James_Blake
2181.jpg,Kristanna_Loken
2182.jpg,Hamid_Karzai
2183.jpg,Chea_Sophara
2184.jpg,034_frontal
2185.jpg,Julie_Infante
2186.jpg,Antonio_Elias_Saca
2187.jpg,John_Edwards
2188.jpg,Alexandra_Pelosi
2189.jpg,Tom_Ridge
2190.jpg,Tiger_Woods
2191.jpg,Colin_Powell
2192.jpg,Colin_Powell
2193.jpg,Thomas_Fargo
2194.jpg,Hana_Sadiq
2195.jpg,Pedro_Malan
2196.jpg,Pernilla_Bjorn
2197.jpg,Tom_Cruise
2198.jpg,Christine_Gregoire
2199.jpg,Shane_Mosley
2200.jpg,Justine_Pasek
2201.jpg,Ana_Palacio
2202.jpg,Heidi_Fleiss
2203.jpg,065_frontal
2204.jpg,Bryant_Young
2205.jpg,Anne_ONeil
2206.jpg,Clive_Woodward
2207.jpg,Hugo_Chavez
2208.jpg,Greg_Rusedski
2209.jpg,Colin_Powell
2210.jpg,Sheila_Fraser
2211.jpg,Colin_Powell
2212.jpg,Gus_Van_Sant
2213.jpg,Lord_Hutton
2214.jpg,Nathalie_Baye
2215.jpg,Francisco_Flores
2216.jpg,Christine_Gregoire
2217.jpg,Hugo_Chavez
2218.jpg,Kofi_Annan
2219.jpg,Colin_Powell
2220.jpg,Paul_Bremer
2221.jpg,Conchita_Martinez
2222.jpg,Federico_Trillo
2223.jpg,Tammy_Helm
2224.jpg,102_frontal
2225.jpg,Maurice_Papon
2226.jpg,Li_Peng
2227.jpg,Cate_Blanchett
2228.jpg,Tony_Stewart
2229.jpg,Federico_Trillo
2230.jpg,Reginald_Hudlin
2231.jpg,Ben_Glisan
2232.jpg,Paul_Bremer
2233.jpg,Martin_Landau
2234.jpg,Turner_Gill
2235.jpg,Guy_Ritchie
2236.jpg,Abraham_Foxman
2237.jpg,Pete_Sampras
2238.jpg,Mike_Samp
2239.jpg,059_frontal
2240.jpg,Isabelle_Huppert
2241.jpg,Gary_Bald
2242.jpg,Tom_Cruise
2243.jpg,Colin_Powell
2244.jpg,Andrea_Yates
2245.jpg,Hugo_Chavez
2246.jpg,Natalia_Verbeke
2247.jpg,Justine_Pasek
2248.jpg,Larry_Ellison
2249.jpg,Maria_Shriver
2250.jpg,Jerry_Rice
2251.jpg,Maria_Shriver
2252.jpg,Brittany_Snow
2253.jpg,Colin_Powell
2254.jpg,John_Abizaid
2255.jpg,Steve_Shiver
2256.jpg,John_Kerry
2257.jpg,Colin_Powell
2258.jpg,Mikulas_Dzurinda
2259.jpg,Jennifer_Furminger
2260.jpg,Colin_Powell
2261.jpg,Sergei_Alexandrovitch_Ordzhonikidze
2262.jpg,Klaus_Schwab
2263.jpg,Nancy_Sinatra
2264.jpg,Colin_Powell
2265.jpg,Uzi_Even
2266.jpg,Chris_Moore
2267.jpg,Martin_Cauchon
2268.jpg,Thierry_Mariani
2269.jpg,Mariah_Carey
2270.jpg,Benicio_Del_Toro
2271.jpg,Ana_Palacio
2272.jpg,Stephen_Daldry
2273.jpg,Caroline_Kennedy
2274.jpg,Guillaume_Depardieu
2275.jpg,Pete_Sampras
2276.jpg,Atsushi_Sato
2277.jpg,Rick_Romley
2278.jpg,Florencia_Macri
2279.jpg,Barry_Nakell
2280.jpg,Eva_Mendes
2281.jpg,Justine_Pasek
2282.jpg,Jose_Manuel_Durao_Barroso
2283.jpg,Colin_Powell
2284.jpg,Ana_Claudia_Talancon
2285.jpg,Juan_Francisco_Palencia
2286.jpg,Aaron_Peirsol
2287.jpg,043_frontal
2288.jpg,Juanes
2289.jpg,Kofi_Annan
2290.jpg,Aaron_Peirsol
2291.jpg,Ian_Wilmut
2292.jpg,Pete_Sampras
2293.jpg,Wayne_Ferreira
2294.jpg,Kurt_Warner
2295.jpg,Colin_Powell
2296.jpg,Sandra_Milo
2297.jpg,John_Abizaid
2298.jpg,Colin_Powell
2299.jpg,Jennifer_Connelly
2300.jpg,Jaromir_Jagr
2301.jpg,Paul_Bremer
2302.jpg,Colin_Powell
2303.jpg,Wen_Jiabao
2304.jpg,John_Connolly
2305.jpg,Lyle_Vanclief
2306.jpg,063_frontal
2307.jpg,Colin_Powell
2308.jpg,Mohammad_Al-Sharief
2309.jpg,Robert_Duvall
2310.jpg,Kate_Hudson
2311.jpg,Paul_Bremer
2312.jpg,Peter_Rasch
2313.jpg,Roberto_Carlos
2314.jpg,Colin_Powell
2315.jpg,124_frontal
2316.jpg,Gong_Li
2317.jpg,Tom_Ridge
2318.jpg,Salman_Rushdie
2319.jpg,Amr_Moussa
2320.jpg,Manuela_Montebrun
2321.jpg,Kofi_Annan
2322.jpg,Valery_Giscard_dEstaing
2323.jpg,Queen_Beatrix
2324.jpg,Valery_Giscard_dEstaing
2325.jpg,Benjamin_Netanyahu
2326.jpg,Colin_Powell
2327.jpg,Jean-Pierre_Raffarin
2328.jpg,Harrison_Ford
2329.jpg,Mickey_Gilley
2330.jpg,041_frontal
2331.jpg,Valentino_Rossi
2332.jpg,Oswaldo_Paya
2333.jpg,Queen_Noor
2334.jpg,Hugo_Chavez
2335.jpg,James_Brown
2336.jpg,Jamie_Villafane
2337.jpg,Magda_Kertasz
2338.jpg,James_Blake
2339.jpg,Sergio_Vieira_De_Mello
2340.jpg,Kevin_Spacey
2341.jpg,Hamid_Karzai
2342.jpg,Larry_Anderson
2343.jpg,John_Banko
2344.jpg,Raymond_Arthurs
2345.jpg,Colin_Powell
2346.jpg,Leslie_Wiser_Jr
2347.jpg,Mark_Broxmeyer
2348.jpg,Colin_Powell
2349.jpg,034_frontal
2350.jpg,Valerie_Harper
2351.jpg,Peter_Bacanovic
2352.jpg,Karin_Pilsaeter
2353.jpg,Martha_Martinez_Flores
2354.jpg,Colin_Powell
2355.jpg,Carolyn_Dawn_Johnson
2356.jpg,Tom_Ridge
2357.jpg,Jennifer_Connelly
2358.jpg,Flor_Montulo
2359.jpg,Donald_Trump
2360.jpg,Colin_Powell
2361.jpg,James_Ballenger
2362.jpg,Lennart_Johansson
2363.jpg,Gong_Ruina
2364.jpg,Christine_Gregoire
2365.jpg,Hugo_Chavez
2366.jpg,Ralph_Klein
2367.jpg,Colin_Powell
2368.jpg,Juan_Carlos_Ortega
2369.jpg,Janet_Napolitano
2370.jpg,Heidi_Fleiss
2371.jpg,Lawrence_Di_Rita
2372.jpg,Derek_Jeter
2373.jpg,Colin_Powell
2374.jpg,Jennifer_Connelly
2375.jpg,Hamid_Karzai
2376.jpg,Billy_Sollie
2377.jpg,Alfredo_Pena
2378.jpg,Ron_Dittemore
2379.jpg,Hugo_Chavez
2380.jpg,Wayne_Ferreira
2381.jpg,John_Bolton
2382.jpg,Jose_Manuel_Durao_Barroso
2383.jpg,Justine_Pasek
2384.jpg,Reginald_Hudlin
2385.jpg,Colin_Powell
2386.jpg,Tom_Cruise
2387.jpg,Maria_Shriver
2388.jpg,Li_Peng
2389.jpg,Colin_Powell
2390.jpg,Bulent_Ecevit
2391.jpg,Enrique_Iglesias
2392.jpg,Bruce_Weber
2393.jpg,Nadine_Vinzens
2394.jpg,Andrew_Bernard
2395.jpg,Larry_Ellison
2396.jpg,Maha_Habib
2397.jpg,Colleen_Jones
2398.jpg,Ray_Allen
2399.jpg,Oscar_De_La_Hoya
2400.jpg,Colin_Powell
2401.jpg,008_frontal
2402.jpg,Slobodan_Milosevic
2403.jpg,JP_Suarez
2404.jpg,Donald_Pettit
2405.jpg,Francisco_Flores
2406.jpg,William_Genego
2407.jpg,Michael_Leavitt
2408.jpg,Li_Peng
2409.jpg,Giulietta_Masina
2410.jpg,Harrison_Ford
2411.jpg,Katie_Couric
2412.jpg,Padraig_Harrington
2413.jpg,Chang_Jae_On
2414.jpg,Debra_Brown
2415.jpg,Valentino_Rossi
2416.jpg,120_frontal
2417.jpg,Svend_Aage_Jensby
2418.jpg,Gregorio_Rosal
2419.jpg,Raoul_Ruiz
2420.jpg,Hugo_Chavez
2421.jpg,026_frontal
2422.jpg,Brigitte_Boisselier
2423.jpg,Aleksander_Kwasniewski
2424.jpg,Nebojsa_Pavkovic
2425.jpg,Win_Aung
2426.jpg,Colin_Powell
2427.jpg,Anthony_Hopkins
2428.jpg,Myung_Yang
2429.jpg,Reese_Witherspoon
2430.jpg,Kofi_Annan
2431.jpg,Paula_Prentiss
2432.jpg,Reese_Witherspoon
2433.jpg,024_frontal
2434.jpg,Valentino_Rossi
2435.jpg,Jon_Gruden
2436.jpg,Franz_Gsell
2437.jpg,Kiki_Vandeweghe
2438.jpg,Michael_Leavitt
2439.jpg,Colin_Powell
2440.jpg,Mark_Warner
2441.jpg,Maria_Wetterstrand
2442.jpg,Tiger_Woods
2443.jpg,Roger_King
2444.jpg,Justine_Pasek
2445.jpg,Win_Aung
2446.jpg,Al_Gore
2447.jpg,Gus_Van_Sant
2448.jpg,Ed_Sullivan
2449.jpg,Eli_Broad
2450.jpg,Ali_Fallahian
2451.jpg,Jennifer_Connelly
2452.jpg,Dean_Jacek
2453.jpg,Lyle_Vanclief
2454.jpg,Michael_Taylor
2455.jpg,Maria_Shriver
2456.jpg,Colin_Powell
2457.jpg,Ana_Palacio
2458.jpg,Gregg_Popovich
2459.jpg,Derek_Jeter
2460.jpg,Colin_Powell
2461.jpg,Hamid_Karzai
2462.jpg,Christian_Longo
2463.jpg,Buddy_Ryan
2464.jpg,Julian_Battle
2465.jpg,Dick_Latessa
2466.jpg,Dean_Barkley
2467.jpg,Colin_Powell
2468.jpg,Jim_Carrey
2469.jpg,Maureen_Fanning
2470.jpg,Paul_Burrell
2471.jpg,Michael_McNeely
2472.jpg,Oprah_Winfrey
2473.jpg,Aline_Chretien
2474.jpg,Daniel_Darnell
2475.jpg,Justine_Pasek
2476.jpg,Naomi_Watts
2477.jpg,Ozzy_Osbourne
2478.jpg,Christine_Gregoire
2479.jpg,Colin_Powell
2480.jpg,Dennis_Powell
2481.jpg,Hamid_Karzai
2482.jpg,Kristin_Davis
2483.jpg,054_frontal
2484.jpg,Woodrow_Stanley
2485.jpg,Hugo_Chavez
2486.jpg,Hugo_Chavez
2487.jpg,Brandon_Robinson
2488.jpg,096_frontal
2489.jpg,Valerie_Harper
2490.jpg,Colin_Powell
2491.jpg,Robert_Duvall
2492.jpg,056_frontal
2493.jpg,Pedro_Solbes
2494.jpg,Andrew_Bernard
2495.jpg,Colin_Powell
2496.jpg,Emanuel_Ginobili
2497.jpg,James_Blake
2498.jpg,Nancy_Greenlaw
2499.jpg,Larry_Brown
2500.jpg,Hugo_Chavez
2501.jpg,Hamid_Karzai
2502.jpg,Strom_Thurmond
2503.jpg,Lionel_Chalmers
2504.jpg,Monique_Gagnon-Tremblay
2505.jpg,Ted_Christopher
2506.jpg,Larry_Brown
2507.jpg,Robert_Ehrlich
2508.jpg,056_frontal
2509.jpg,Jason_Biggs
2510.jpg,Harrison_Ford
2511.jpg,Colin_Powell
2512.jpg,Ai_Sugiyama
2513.jpg,Hermando_Harton
2514.jpg,Bruce_Weber
2515.jpg,Kevin_Spacey
2516.jpg,Hugo_Chavez
2517.jpg,Barbara_Becker
2518.jpg,Clive_Lloyd
2519.jpg,Horace_Donovan_Reid
2520.jpg,Sean_Patrick_OMalley
2521.jpg,Colin_Powell
2522.jpg,Wan_Yanhai
2523.jpg,Sally_Clark
2524.jpg,Justine_Pasek
2525.jpg,Allen_Iverson
2526.jpg,008_frontal
2527.jpg,Janet_Napolitano
2528.jpg,Ray_Bradbury
2529.jpg,Win_Aung
2530.jpg,Charlton_Heston
2531.jpg,Kenneth_Evans
2532.jpg,Alberto_Ruiz_Gallardon
2533.jpg,Colin_Powell
2534.jpg,125_frontal
2535.jpg,Alex_King
2536.jpg,Princess_Anne
2537.jpg,Luther_Htu
2538.jpg,Dennis_Powell
2539.jpg,Fran_Drescher
2540.jpg,Larry_Brown
2541.jpg,Duane_Lee_Chapman
2542.jpg,Enrique_Bolanos
2543.jpg,Bill_Pryor
2544.jpg,Tom_Cruise
2545.jpg,082_frontal
2546.jpg,Sergio_Vieira_De_Mello
2547.jpg,Michael_Chang
2548.jpg,Alexis_Bledel
2549.jpg,Anthony_Hopkins
2550.jpg,Russell_Crowe
2551.jpg,Emanuel_Ginobili
2552.jpg,James_Blake
2553.jpg,Martha_Bowen
2554.jpg,061_frontal
2555.jpg,Steve_Shiver
2556.jpg,Wu_Yi
2557.jpg,Thaksin_Shinawatra
2558.jpg,Klaus_Zwickel
2559.jpg,Jesper_Parnevik
2560.jpg,Jay_Garner
2561.jpg,Colin_Powell
2562.jpg,Kofi_Annan
2563.jpg,Colin_Powell
2564.jpg,Colin_Powell
2565.jpg,John_Kerry
2566.jpg,Laura_Marlow
2567.jpg,Jose_Manuel_Durao_Barroso
2568.jpg,Laura_Flessel
2569.jpg,Sarah_Weddington
2570.jpg,Colin_Powell
2571.jpg,Lili_Marinho
2572.jpg,Kofi_Annan
2573.jpg,Marc_Bulger
2574.jpg,Fred_Funk
2575.jpg,Mike_Helton
2576.jpg,Kalid_Kaid
2577.jpg,Rogerio_Romero
2578.jpg,Colin_Powell
2579.jpg,Aishwarya_Rai
2580.jpg,Tom_Ridge
2581.jpg,Tony_Curtis
2582.jpg,Hugo_Chavez
2583.jpg,Peter_Harvey
2584.jpg,Hugo_Chavez
2585.jpg,Greg_Rusedski
2586.jpg,Benjamin_Netanyahu
2587.jpg,Jennifer_Keller
2588.jpg,Johnny_Benson
2589.jpg,Peter_Hillary
2590.jpg,Floyd_Mayweather
2591.jpg,Seymour_Cassell
2592.jpg,Sergio_Vieira_De_Mello
2593.jpg,Ron_Dittemore
2594.jpg,Hugo_Chavez
2595.jpg,Gary_Bald
2596.jpg,Sean_Townsend
2597.jpg,Hugo_Chavez
2598.jpg,Joe_Plumeri
2599.jpg,Carson_Palmer
2600.jpg,Prince_Claus
2601.jpg,Catherine_Deneuve
2602.jpg,Mario_Alfaro-Lopez
2603.jpg,Bob_Stoops
2604.jpg,Ralf_Schumacher
2605.jpg,Compay_Segundo
2606.jpg,Elizabeth_Shue
2607.jpg,106_frontal
2608.jpg,Shawn_Bradley
2609.jpg,128_frontal
2610.jpg,James_Mathis
2611.jpg,Paul_Burrell
2612.jpg,Tom_Ridge
2613.jpg,Li_Zhaoxing
2614.jpg,Chris_Rock
2615.jpg,Jon_Gruden
2616.jpg,Denzel_Washington
2617.jpg,John_Kerry
2618.jpg,John_Kerry
2619.jpg,Ana_Palacio
2620.jpg,Sheila_Taormina
2621.jpg,Guillaume_Soro
2622.jpg,Hugo_Chavez
2623.jpg,Maurice_Papon
2624.jpg,Colin_Powell
2625.jpg,Laurence_Fishburne
2626.jpg,Pete_Sampras
2627.jpg,Celso_Lafer
2628.jpg,Daniel_Barenboim
2629.jpg,Mirela_Manjani
2630.jpg,Ilan_Ramon
2631.jpg,Maria_Shriver
2632.jpg,Carol_Burnett
2633.jpg,Trisha_Meili
2634.jpg,Sergio_Vieira_De_Mello
2635.jpg,James_Hoffa
2636.jpg,Hugo_Chavez
2637.jpg,Dick_Posthumus
2638.jpg,Benicio_Del_Toro
2639.jpg,Salma_Hayek
2640.jpg,Pio_Laghi
2641.jpg,Josh_Kronfeld
2642.jpg,Hugo_Chavez
2643.jpg,Tiger_Woods
2644.jpg,Conchita_Martinez
2645.jpg,Roy_Blunt
2646.jpg,Steve_Mariucci
2647.jpg,Wayne_Ferreira
2648.jpg,Pete_Sampras
2649.jpg,Eric_Ryan_Donnelly
2650.jpg,112_frontal
2651.jpg,John_Abizaid
2652.jpg,Michael_Chang
2653.jpg,Colin_Powell
2654.jpg,Colin_Powell
2655.jpg,Tina_Brown
2656.jpg,Daja_Bedanova
2657.jpg,Chris_Rock
2658.jpg,Mohammed_Ashraf_Hafiz
2659.jpg,Denise_Johnson
2660.jpg,Ron_Dittemore
2661.jpg,Elizabeth_Hurley
2662.jpg,Brendan_Hansen
2663.jpg,Matthew_Ouimet
2664.jpg,Hanan_Ashrawi
2665.jpg,Paul_Bremer
2666.jpg,Orlando_Bloom
2667.jpg,Naomi_Watts
2668.jpg,Pete_Sampras
2669.jpg,Rick_Bragg
2670.jpg,David_Tornberg
2671.jpg,Drew_Barrymore
2672.jpg,Barbara_Brezigar
2673.jpg,118_frontal
2674.jpg,Hanan_Ashrawi
2675.jpg,Greg_Ostertag
2676.jpg,Salman_Rushdie
2677.jpg,Mia_Mottley
2678.jpg,Colin_Powell
2679.jpg,Sally_Clark
2680.jpg,Jay_Garner
2681.jpg,Gwendal_Peizerat
2682.jpg,Mike_Maroth
2683.jpg,Jerry_Regier
2684.jpg,Marilyn_Monroe
2685.jpg,Maha_Habib
2686.jpg,Richard_Tubb
2687.jpg,060_frontal
2688.jpg,Li_Peng
2689.jpg,Conchita_Martinez
2690.jpg,Charles_Schumer
2691.jpg,Carlos_Savedra
2692.jpg,Paul_Newman
2693.jpg,Russell_Crowe
2694.jpg,004_frontal
2695.jpg,Warren_Beatty
2696.jpg,Bruce_Weber
2697.jpg,Jake_Gyllenhaal
2698.jpg,Paul_Burrell
2699.jpg,Flor_Montulo
2700.jpg,Colin_Powell
2701.jpg,Alberto_Fujimori
2702.jpg,Colin_Powell
2703.jpg,Billy_Sollie
2704.jpg,Larry_Brown
2705.jpg,Leon_Silver
2706.jpg,119_frontal
2707.jpg,Donald_Pettit
2708.jpg,Bob_Geldof
2709.jpg,Colin_Powell
2710.jpg,Sue_Wicks
2711.jpg,Stephen_Glassroth
2712.jpg,Claudio_Abbado
2713.jpg,Colin_Powell
2714.jpg,Colin_Powell
2715.jpg,Abdullatif_Sener
2716.jpg,Maurice_Strong
2717.jpg,Colin_Powell
2718.jpg,Gabriel_Farhi
2719.jpg,John_Abizaid
2720.jpg,027_frontal
2721.jpg,Milo_Maestrecampo
2722.jpg,Leo_Mullin
2723.jpg,Matt_Roney
2724.jpg,Laura_Flessel
2725.jpg,Mariah_Carey
2726.jpg,085_frontal
2727.jpg,096_frontal
2728.jpg,Tony_Curtis
2729.jpg,Kofi_Annan
2730.jpg,Gustavo_Kuerten
2731.jpg,Tiger_Woods
2732.jpg,Larry_Brown
2733.jpg,Jose_Lina
2734.jpg,Mark_Warner
2735.jpg,Oscar_De_La_Hoya
2736.jpg,Valery_Giscard_dEstaing
2737.jpg,Kofi_Annan
2738.jpg,Alexandra_Jackson
2739.jpg,Faye_Wong
2740.jpg,Hugo_Chavez
2741.jpg,Hans_Eichel
2742.jpg,Larry_Coker
2743.jpg,063_frontal
2744.jpg,055_frontal
2745.jpg,058_frontal
2746.jpg,Nick_Nolte
2747.jpg,Li_Zhaoxing
2748.jpg,Patrick_Stewart
2749.jpg,Colin_Powell
2750.jpg,Jacqueline_Obradors
2751.jpg,Flor_Montulo
2752.jpg,Cameron_Diaz
2753.jpg,Naomi_Watts
2754.jpg,115_frontal
2755.jpg,Oscar_De_La_Hoya
2756.jpg,Colin_Powell
2757.jpg,Charles_Schumer
2758.jpg,Paul_Bremer
2759.jpg,Pete_Sampras
2760.jpg,Hugo_Chavez
2761.jpg,Peter_Greenaway
2762.jpg,Hugo_Chavez
2763.jpg,Tammy_Helm
2764.jpg,Carson_Palmer
2765.jpg,Hugo_Chavez
2766.jpg,Martin_Bandier
2767.jpg,Peter_Greenaway
2768.jpg,Patrice_Chereau
2769.jpg,Garry_Kasparov
2770.jpg,Ray_Liotta
2771.jpg,John_Bolton
2772.jpg,Robert_Duvall
2773.jpg,Win_Aung
2774.jpg,Tono_Suratman
2775.jpg,Colin_Powell
2776.jpg,Hugo_Chavez
2777.jpg,Juan_Francisco_Palencia
2778.jpg,Hamid_Karzai
2779.jpg,Hugo_Chavez
2780.jpg,Vanessa_Williams
2781.jpg,Jon_Gruden
2782.jpg,Jennifer_Connelly
2783.jpg,Phillipe_Comtois
2784.jpg,Enrique_Bolanos
2785.jpg,Valentino_Rossi
2786.jpg,Larry_Ralston
2787.jpg,Colin_Powell
2788.jpg,Hugo_Chavez
2789.jpg,Hugo_Chavez
2790.jpg,Colin_Powell
2791.jpg,Carolyn_Dawn_Johnson
2792.jpg,Donald_Pettit
2793.jpg,Colin_Powell
2794.jpg,Wen_Jiabao
2795.jpg,Colin_Powell
2796.jpg,Colin_Powell
2797.jpg,Greg_Rusedski
2798.jpg,Valery_Giscard_dEstaing
2799.jpg,Masja_Juel
2800.jpg,Ciro_Gomes
2801.jpg,Allen_Iverson
2802.jpg,Colin_Powell
2803.jpg,Phillip_Fulmer
2804.jpg,Tom_Ridge
2805.jpg,Colin_Powell
2806.jpg,Scott_McNealy
2807.jpg,Li_Peng
2808.jpg,Kofi_Annan
2809.jpg,Hugo_Chavez
2810.jpg,Pete_Sampras
2811.jpg,Cameron_Diaz
2812.jpg,Colin_Powell
2813.jpg,Marc_Leger
2814.jpg,Guillaume_Soro
2815.jpg,Eric_Hinske
2816.jpg,Begum_Khaleda_Zia
2817.jpg,James_Blake
2818.jpg,Bill_Belichick
2819.jpg,John_Kerry
2820.jpg,Heidi_Fleiss
2821.jpg,Peter_Hillary
2822.jpg,Rick_Romley
2823.jpg,Jacky_Cheung
2824.jpg,Mikulas_Dzurinda
2825.jpg,Sergio_Vieira_De_Mello
2826.jpg,Elvis_Costello
2827.jpg,045_frontal
2828.jpg,Fred_Funk
2829.jpg,Kate_Hudson
2830.jpg,Hugo_Chavez
2831.jpg,Gus_Van_Sant
2832.jpg,Guillaume_Depardieu
2833.jpg,Allen_Iverson
2834.jpg,Dolly_Parton
2835.jpg,Hugo_Chavez
2836.jpg,Colin_Powell
2837.jpg,Stanley_McChrystal
2838.jpg,Li_Zhaoxing
2839.jpg,Shireen_Amir_Begum
2840.jpg,Gregg_Popovich
2841.jpg,Brad_Gushue
2842.jpg,Ciro_Gomes
2843.jpg,Simona_Hradil
2844.jpg,Karen_Sharpe_Kramer
2845.jpg,Tom_Ridge
2846.jpg,Colin_Powell
2847.jpg,Johnny_Depp
2848.jpg,Pete_Sampras
2849.jpg,Federico_Trillo
2850.jpg,Colin_Powell
2851.jpg,Al_Gore
2852.jpg,Tom_Ridge
2853.jpg,Hugo_Chavez
2854.jpg,Steve_Austin
2855.jpg,Moshe_Katsav
2856.jpg,Benjamin_Netanyahu
2857.jpg,Debra_Brown
2858.jpg,Jeanne_Moreau
2859.jpg,Jeffrey_Ashby
2860.jpg,Tammy_Helm
2861.jpg,Colin_Powell
2862.jpg,Gwendal_Peizerat
2863.jpg,Jim_Harrick
2864.jpg,Jacqueline_Obradors
2865.jpg,Colin_Powell
2866.jpg,Colin_Powell
2867.jpg,Raaf_Schefter
2868.jpg,025_frontal
2869.jpg,Ellen_Pompeo
2870.jpg,Jon_Gruden
2871.jpg,Michael_Sullivan
2872.jpg,Jody_Richards
2873.jpg,Colin_Powell
2874.jpg,Miranda_Gaddis
2875.jpg,Robert_Duvall
2876.jpg,Hugo_Chavez
2877.jpg,Hamid_Karzai
2878.jpg,Denzel_Washington
2879.jpg,Tom_Coughlin
2880.jpg,026_frontal
2881.jpg,Christian_Longo
2882.jpg,Johnny_Depp
2883.jpg,Luis_Gonzalez_Macchi
2884.jpg,Abdullatif_Sener
2885.jpg,085_frontal
2886.jpg,John_Kerry
2887.jpg,Brian_Scalabrine
2888.jpg,Pedro_Solbes
2889.jpg,Edgar_Savisaar
2890.jpg,Samuel_Waksal
2891.jpg,Martha_Burk
2892.jpg,Gregg_Popovich
2893.jpg,Queen_Beatrix
2894.jpg,Jessica_Brungo
2895.jpg,Pete_Sampras
2896.jpg,Christian_Von_Wernich
2897.jpg,Alanis_Morissette
2898.jpg,Joerg_Haider
2899.jpg,Maria_Shriver
2900.jpg,Darryl_Stingley
2901.jpg,John_Banko
2902.jpg,Colin_Powell
2903.jpg,Cho_Myung-kyun
2904.jpg,Darryl_Stingley
2905.jpg,Andy_North
2906.jpg,Marcelo_Ebrard
2907.jpg,Andy_North
2908.jpg,Valery_Giscard_dEstaing
2909.jpg,Juan_Ignacio_Chela
2910.jpg,Cassandra_Heise
2911.jpg,Hank_Stram
2912.jpg,Colin_Powell
2913.jpg,Leon_Silver
2914.jpg,Masja_Juel
2915.jpg,072_frontal
2916.jpg,Colin_Powell
2917.jpg,Kofi_Annan
2918.jpg,Heidi_Fleiss
2919.jpg,Hugo_Chavez
2920.jpg,Colin_Powell
2921.jpg,John_Kerry
2922.jpg,Tiger_Woods
2923.jpg,Vanessa_Williams
2924.jpg,Paula_Prentiss
2925.jpg,Gary_Locke
2926.jpg,Emanuel_Ginobili
2927.jpg,120_frontal
2928.jpg,Daryl_Hannah
2929.jpg,Elizabeth_Hurley
2930.jpg,Mikulas_Dzurinda
2931.jpg,Crispin_Glover
2932.jpg,Ari_Bousbib
2933.jpg,Hugo_Chavez
2934.jpg,Colin_Powell
2935.jpg,Gary_Barnett
2936.jpg,Colin_Powell
2937.jpg,Carolyn_Dawn_Johnson
2938.jpg,Larry_Ellison
2939.jpg,Slobodan_Milosevic
2940.jpg,002_frontal
2941.jpg,Kofi_Annan
2942.jpg,Tom_Ridge
2943.jpg,Javier_Saviola
2944.jpg,Antonio_Palocci
2945.jpg,064_frontal
2946.jpg,Naomi_Watts
2947.jpg,046_frontal
2948.jpg,113_frontal
2949.jpg,Colin_Powell
2950.jpg,Colin_Powell
2951.jpg,Pete_Sampras
2952.jpg,059_frontal
2953.jpg,Hugo_Chavez
2954.jpg,Colin_Powell
2955.jpg,Catherine_Deneuve
2956.jpg,Manfred_Stolpe
2957.jpg,Tom_Ridge
2958.jpg,John_Kerry
2959.jpg,Peter_Mullan
2960.jpg,Enrique_Bolanos
2961.jpg,John_Bolton
2962.jpg,Li_Changchun
2963.jpg,Colin_Powell
2964.jpg,Tom_Ridge
2965.jpg,Justine_Pasek
2966.jpg,Miguel_Jimenez
2967.jpg,Bill_Kollar
2968.jpg,Sergio_Vieira_De_Mello
2969.jpg,Peter_Shaw
2970.jpg,Charlton_Heston
2971.jpg,Catherine_Deneuve
2972.jpg,Rogerio_Romero
2973.jpg,Marcelo_Ebrard
2974.jpg,Ignatius_Wang
2975.jpg,Gerard_de_Cortanze
2976.jpg,Carolyn_Dawn_Johnson
2977.jpg,Nida_Blanca
2978.jpg,Hugo_Chavez
2979.jpg,Jose_Cevallos
2980.jpg,Jennifer_Keller
2981.jpg,Jimmy_Jimenez
2982.jpg,Juanes
2983.jpg,Samuel_Waksal
2984.jpg,031_frontal
2985.jpg,Peter_Harvey
2986.jpg,Salman_Rushdie
2987.jpg,Matt_Damon
2988.jpg,Hidetoshi_Nakata
2989.jpg,John_Bolton
2990.jpg,Bill_Kollar
2991.jpg,Brandon_Larson
2992.jpg,Michael_Leavitt
2993.jpg,Oscar_Elias_Biscet
2994.jpg,Kristin_Davis
2995.jpg,098_frontal
2996.jpg,Eva_Mendes
2997.jpg,Cassandra_Heise
2998.jpg,Colin_Powell
2999.jpg,Oliver_Stone
3000.jpg,George_Lopez
3001.jpg,John_Bolton
3002.jpg,Herb_Brooks
3003.jpg,Valery_Giscard_dEstaing
3004.jpg,Bill_Readdy
3005.jpg,Christine_Gregoire
3006.jpg,Colin_Powell
3007.jpg,Connie_Chung
3008.jpg,Tom_Ridge
3009.jpg,Yuri_Luzhkov
3010.jpg,Leon_Silver
3011.jpg,Dean_Jacek
3012.jpg,Colin_Powell
3013.jpg,James_Carville
3014.jpg,Jacqueline_Obradors
3015.jpg,Jeannette_Biedermann
3016.jpg,Nate_Hybl
3017.jpg,Alexandra_Pelosi
3018.jpg,Elgin_Baylor
3019.jpg,092_frontal
3020.jpg,John_Abizaid
3021.jpg,Jodie_Henry
3022.jpg,Tiger_Woods
3023.jpg,Colin_Powell
3024.jpg,062_frontal
3025.jpg,Elgin_Baylor
3026.jpg,Chris_Cirino
3027.jpg,Ralph_Firman
3028.jpg,Hugo_Chavez
3029.jpg,Bill_Fennelly
3030.jpg,Allen_Iverson
3031.jpg,David_Tornberg
3032.jpg,Kate_Lee
3033.jpg,John_Edwards
3034.jpg,John_Philip_Elkann
3035.jpg,John_Kerry
3036.jpg,Peter_Mugyeni
3037.jpg,Bruce_Weber
3038.jpg,Colin_Powell
3039.jpg,Guillermo_Ruiz_Polanco
3040.jpg,Hugo_Chavez
3041.jpg,Paul_Bremer
3042.jpg,Colin_Powell
3043.jpg,Bill_Lerach
3044.jpg,Hamid_Karzai
3045.jpg,Paul_Burrell
3046.jpg,Wayne_Ferreira
3047.jpg,Elin_Nordegren
3048.jpg,Nelson_Shanks
3049.jpg,John_Bolton
3050.jpg,Bulent_Ecevit
3051.jpg,Hugo_Chavez
3052.jpg,Hamid_Karzai
3053.jpg,Strom_Thurmond
3054.jpg,Thaksin_Shinawatra
3055.jpg,Al_Gore
3056.jpg,Andy_Griffith
3057.jpg,Alfredo_Pena
3058.jpg,Ozzy_Osbourne
3059.jpg,Kofi_Annan
3060.jpg,Anne_ONeil
3061.jpg,Hamid_Karzai
3062.jpg,Luis_Gonzalez_Macchi
3063.jpg,Jean-Pierre_Raffarin
3064.jpg,Isabella_Rossellini
3065.jpg,James_Hoffa
3066.jpg,Ron_Dittemore
3067.jpg,Alan_Ball
3068.jpg,Martin_Cauchon
3069.jpg,Mike_Maroth
3070.jpg,061_frontal
3071.jpg,Salman_Rushdie
3072.jpg,Thomas_Fargo
3073.jpg,Fran_Drescher
3074.jpg,David_Hannay
3075.jpg,Barbara_Becker
3076.jpg,Janine_Pietsch
3077.jpg,Colin_Powell
3078.jpg,Tom_Ridge
3079.jpg,Robert_Ehrlich
3080.jpg,Colin_Powell
3081.jpg,Greg_Rusedski
3082.jpg,Colin_Powell
3083.jpg,Budd_Schulberg
3084.jpg,Michael_McNeely
3085.jpg,Ciro_Gomes
3086.jpg,Steve_Shiver
3087.jpg,Emmanuel_Milingo
3088.jpg,David_McCallum
3089.jpg,Hugo_Chavez
3090.jpg,Hamid_Karzai
3091.jpg,Candice_Bergen
3092.jpg,Wen_Jiabao
3093.jpg,Steve_Mariucci
3094.jpg,Thaksin_Shinawatra
3095.jpg,Greg_Ostertag
3096.jpg,051_frontal
3097.jpg,Vanessa_Williams
3098.jpg,Colin_Powell
3099.jpg,Li_Zhaoxing
3100.jpg,Thaksin_Shinawatra
3101.jpg,Salma_Hayek
3102.jpg,Sarah_Price
3103.jpg,Ciro_Gomes
3104.jpg,Masja_Juel
3105.jpg,Colin_Powell
3106.jpg,John_Edwards
3107.jpg,Kate_Hudson
3108.jpg,George_Lopez
3109.jpg,James_Blake
3110.jpg,Johnny_Depp
3111.jpg,Colin_Powell
3112.jpg,Colin_Powell
3113.jpg,Florencia_Macri
3114.jpg,Alicia_Molik
3115.jpg,Colin_Powell
3116.jpg,Colin_Powell
3117.jpg,Mohammed_Abu_Sharia
3118.jpg,Donna_Walker
3119.jpg,Ali_Khamenei
3120.jpg,Marilyn_Monroe
3121.jpg,Larry_Brown
3122.jpg,Keith_Foulke
3123.jpg,056_frontal
3124.jpg,055_frontal
3125.jpg,Colin_Powell
3126.jpg,Fernando_Valenzuela
3127.jpg,Salman_Rushdie
3128.jpg,Kiki_Vandeweghe
3129.jpg,Andrea_Kiser
3130.jpg,Rick_Santorum
3131.jpg,Mary_Sue_Coleman
3132.jpg,Ralf_Schumacher
3133.jpg,Peter_Hillary
3134.jpg,Laura_Elena_Harring
3135.jpg,Emanuel_Ginobili
3136.jpg,Colin_Powell
3137.jpg,Hamid_Karzai
3138.jpg,Harrison_Ford
3139.jpg,Jesper_Parnevik
3140.jpg,Dean_Barkley
3141.jpg,Colin_Powell
3142.jpg,Afton_Smith
3143.jpg,Sergio_Vieira_De_Mello
3144.jpg,Bulent_Ecevit
3145.jpg,Gabriel_Hughes
3146.jpg,Strom_Thurmond
3147.jpg,Tom_Ridge
3148.jpg,Bulent_Ecevit
3149.jpg,087_frontal
3150.jpg,Hugo_Chavez
3151.jpg,Thaksin_Shinawatra
3152.jpg,043_frontal
3153.jpg,Teri_Files
3154.jpg,Pat_Burns
3155.jpg,Colin_Powell
3156.jpg,Colin_Powell
3157.jpg,Lucy_Liu
3158.jpg,Isaiah_Washington
3159.jpg,Sergio_Vieira_De_Mello
3160.jpg,Thomas_OBrien
3161.jpg,Compay_Segundo
3162.jpg,Tono_Suratman
3163.jpg,Li_Peng
3164.jpg,Tom_Hanks
3165.jpg,E_Clay_Shaw
3166.jpg,Nathalie_Baye
3167.jpg,Rick_Santorum
3168.jpg,Tony_Stewart
3169.jpg,Brigitte_Boisselier
3170.jpg,Juergen_Braehmer
3171.jpg,John_Kerr
3172.jpg,Sergio_Vieira_De_Mello
3173.jpg,Lord_Hutton
3174.jpg,Guy_Ritchie
3175.jpg,Mukesh_Ambani
3176.jpg,Colin_Powell
3177.jpg,Colin_Powell
3178.jpg,Begum_Khaleda_Zia
3179.jpg,Michael_Chang
3180.jpg,Sally_Clark
3181.jpg,Adam_Kennedy
3182.jpg,Oscar_De_La_Hoya
3183.jpg,Aleksander_Kwasniewski
3184.jpg,Paul_Bremer
3185.jpg,Gus_Van_Sant
3186.jpg,Enrique_Bolanos
3187.jpg,Tom_Ridge
3188.jpg,Colin_Powell
3189.jpg,Isabella_Rossellini
3190.jpg,Colin_Powell
3191.jpg,Colin_Powell
3192.jpg,Colin_Powell
3193.jpg,Miyako_Miyazaki
3194.jpg,Mark_Warner
3195.jpg,Caroline_Kennedy
3196.jpg,Seymour_Cassell
3197.jpg,Manfred_Stolpe
3198.jpg,Nebojsa_Pavkovic
3199.jpg,Kofi_Annan
3200.jpg,Tim_Floyd
3201.jpg,Marwan_Barghouthi
3202.jpg,John_Bolton
3203.jpg,Salma_Hayek
3204.jpg,Colin_Powell
3205.jpg,Betty_Garrison
3206.jpg,Maureen_Fanning
3207.jpg,Wen_Jiabao
3208.jpg,Rick_Romley
3209.jpg,Colin_Powell
3210.jpg,Billy_Sollie
3211.jpg,Kofi_Annan
3212.jpg,John_Franco
3213.jpg,Margie_Puente
3214.jpg,Tom_Cruise
3215.jpg,Jose_Manuel_Durao_Barroso
3216.jpg,Matt_Siebrandt
3217.jpg,Gary_Williams
3218.jpg,Colin_Powell
3219.jpg,Prince_Claus
3220.jpg,Hugo_Chavez
3221.jpg,Colin_Powell
3222.jpg,Naomi_Watts
3223.jpg,Naomi_Watts
3224.jpg,Shannyn_Sossamon
3225.jpg,Dave_Lewis
3226.jpg,Colin_Powell
3227.jpg,Colin_Powell
3228.jpg,Ray_Allen
3229.jpg,Stellan_Skarsgard
3230.jpg,Roberto_Carlos
3231.jpg,Raoul_Ruiz
3232.jpg,Rosemarie_Stack
3233.jpg,Hugo_Chavez
3234.jpg,Colin_Powell
3235.jpg,Tiger_Woods
3236.jpg,Mona_Ayoub
3237.jpg,Hun_Sen
3238.jpg,Princess_Victoria
3239.jpg,Peter_Hillary
3240.jpg,Kate_Starbird
3241.jpg,Tiger_Woods
3242.jpg,Tiger_Woods
3243.jpg,Kurt_Warner
3244.jpg,Colin_Powell
3245.jpg,Larry_Brown
3246.jpg,Mike_Smith
3247.jpg,Colin_Powell
3248.jpg,Colin_Powell
3249.jpg,Hamid_Karzai
3250.jpg,Queen_Beatrix
3251.jpg,Michael_Chang
3252.jpg,John_Kerry
3253.jpg,Luther_Htu
3254.jpg,Jean-Pierre_Bemba
3255.jpg,Tiger_Woods
3256.jpg,069_frontal
3257.jpg,Naomi_Watts
3258.jpg,Greg_Ostertag
3259.jpg,Chante_Jawan_Mallard
3260.jpg,Al_Gore
3261.jpg,Colin_Powell
3262.jpg,Hugo_Chavez
3263.jpg,Johan_Bruyneel
3264.jpg,Tom_Hanks
3265.jpg,Pete_Sampras
3266.jpg,Hugo_Chavez
3267.jpg,023_frontal
3268.jpg,Irfan_Ahmed
3269.jpg,Colin_Powell
3270.jpg,Florencia_Macri
3271.jpg,Colin_Powell
3272.jpg,Jose_Lina
3273.jpg,Pete_Sampras
3274.jpg,James_Blake
3275.jpg,Adriana_Perez_Navarro
3276.jpg,Jeong_Se-hyun
3277.jpg,Colin_Powell
3278.jpg,Hideki_Sato
3279.jpg,Yasushi_Akashi
3280.jpg,Boutros_Boutros_Ghali
3281.jpg,William_Delahunt
3282.jpg,054_frontal
3283.jpg,Thomas_OBrien
3284.jpg,Tom_Hanks
3285.jpg,Colin_Powell
3286.jpg,Tom_Ridge
3287.jpg,Amanda_Beard
3288.jpg,Colin_Powell
3289.jpg,Conchita_Martinez
3290.jpg,044_frontal
3291.jpg,Colin_Powell
3292.jpg,Chris_Columbus
3293.jpg,Paul_Burrell
3294.jpg,Colin_Powell
3295.jpg,Antonio_Palocci
3296.jpg,Marco_Irizarry
3297.jpg,Douglas_Paal
3298.jpg,Tom_Cruise
3299.jpg,Hamid_Karzai
3300.jpg,Dick_Latessa
3301.jpg,Greg_Rusedski
3302.jpg,Hugo_Chavez
3303.jpg,William_Delahunt
3304.jpg,121_frontal
3305.jpg,Mike_Helton
3306.jpg,Diana_Ross
3307.jpg,Reese_Witherspoon
3308.jpg,Pete_Beaudrault
3309.jpg,Paul_Bremer
3310.jpg,LK_Advani
3311.jpg,Melana_Scantlin
3312.jpg,Colin_Powell
3313.jpg,Colin_Powell
3314.jpg,Alexandra_Spann
3315.jpg,Valerie_Harper
3316.jpg,Francisco_Flores
3317.jpg,Maryn_McKenna
3318.jpg,Teri_Files
3319.jpg,Melinda_Czink
3320.jpg,Bryan_Adams
3321.jpg,Hamid_Karzai
3322.jpg,Colin_Powell
3323.jpg,Kofi_Annan
3324.jpg,065_frontal
3325.jpg,Emanuel_Ginobili
3326.jpg,Peter_Mugyeni
3327.jpg,Cameron_Diaz
3328.jpg,Luis_Gonzalez_Macchi
3329.jpg,Harrison_Ford
3330.jpg,Bill_Belichick
3331.jpg,001_frontal
3332.jpg,Jose_Theodore
3333.jpg,Elvis_Costello
3334.jpg,Colin_Powell
3335.jpg,Jay_Garner
3336.jpg,Daryl_Hannah
3337.jpg,Francisco_Flores
3338.jpg,Colin_Powell
3339.jpg,Adrian_Nastase
3340.jpg,Colin_Powell
3341.jpg,Mufti_Mohammad_Syed
3342.jpg,Padraig_Harrington
3343.jpg,Derrick_Battie
3344.jpg,Mike_Smith
3345.jpg,Raoul_Ruiz
3346.jpg,Ralf_Schumacher
3347.jpg,Colin_Powell
3348.jpg,Ron_Dittemore
3349.jpg,Kofi_Annan
3350.jpg,Al_Gore
3351.jpg,Omar_el-Heib
3352.jpg,Kofi_Annan
3353.jpg,Fernando_Valenzuela
3354.jpg,Maria_Shriver
3355.jpg,Denzel_Washington
3356.jpg,Steve_Zahn
3357.jpg,032_frontal
3358.jpg,Rick_Santorum
3359.jpg,John_Bolton
3360.jpg,Tom_Hanks
3361.jpg,Monica_Seles
3362.jpg,Naomi_Watts
3363.jpg,Manfred_Stolpe
3364.jpg,Paula_Abdul
3365.jpg,Chip_Ganassi
3366.jpg,Thomas_Fargo
3367.jpg,080_frontal
3368.jpg,Michael_McNeely
3369.jpg,Juanes
3370.jpg,Sergio_Vieira_De_Mello
3371.jpg,Naomi_Watts
3372.jpg,Hugo_Chavez
3373.jpg,Diana_Ross
3374.jpg,Colin_Powell
3375.jpg,Habib_Rizieq
3376.jpg,014_frontal
3377.jpg,Hugo_Chavez
3378.jpg,Kellie_Coffey
3379.jpg,Adrian_Fernandez
3380.jpg,Johan_Bruyneel
3381.jpg,Colin_Powell
3382.jpg,Alan_Ball
3383.jpg,Lucy_Liu
3384.jpg,Paul_Bremer
3385.jpg,Luther_Htu
3386.jpg,Sergio_Vieira_De_Mello
3387.jpg,Sophia_Loren
3388.jpg,Peter_Mullan
3389.jpg,John_Bolton
3390.jpg,Ana_Palacio
3391.jpg,Mario_Lemieux
3392.jpg,Jason_Priestley
3393.jpg,Colin_Powell
3394.jpg,James_Blake
3395.jpg,Ciro_Gomes
3396.jpg,Gwendal_Peizerat
3397.jpg,Hugo_Chavez
3398.jpg,Mike_Sherman
3399.jpg,Hana_Sadiq
3400.jpg,Salman_Rushdie
3401.jpg,Sergio_Vieira_De_Mello
3402.jpg,Andrea_Kiser
3403.jpg,Pat_Burns
3404.jpg,Mike_Holmgren
3405.jpg,Colin_Powell
3406.jpg,Pete_Sampras
3407.jpg,Paris_Hilton
3408.jpg,Colin_Powell
3409.jpg,Tiger_Woods
3410.jpg,Daryl_Hannah
3411.jpg,Harrison_Ford
3412.jpg,Naomi_Watts
3413.jpg,Kaio_Almeida
3414.jpg,Aaron_Peirsol
3415.jpg,Tom_Ridge
3416.jpg,Hussein_Malik
3417.jpg,Cole_Chapman
3418.jpg,Bob_Riley
3419.jpg,Tom_Ridge
3420.jpg,Aaron_Peirsol
3421.jpg,Tom_Hanks
3422.jpg,095_frontal
3423.jpg,Jose_Theodore
3424.jpg,Jake_Gyllenhaal
3425.jpg,Samuel_Waksal
3426.jpg,Slobodan_Milosevic
3427.jpg,Steve_Case
3428.jpg,William_Cocksedge
3429.jpg,Jake_Gyllenhaal
3430.jpg,Tom_Ridge
3431.jpg,Benjamin_Netanyahu
3432.jpg,Hun_Sen
3433.jpg,Samuel_Waksal
3434.jpg,Raoul_Ruiz
3435.jpg,Colin_Powell
3436.jpg,Dick_Posthumus
3437.jpg,Annette_Bening
3438.jpg,Paul_Bremer
3439.jpg,Valery_Giscard_dEstaing
3440.jpg,Rina_Lazo
3441.jpg,Hugo_Chavez
3442.jpg,Hamid_Karzai
3443.jpg,Nathalie_Baye
3444.jpg,Penelope_Ann_Miller
3445.jpg,Myung_Yang
3446.jpg,Giulietta_Masina
3447.jpg,Paul_Bremer
3448.jpg,Matthew_Broderick
3449.jpg,Harrison_Ford
3450.jpg,Max_von_Sydow
3451.jpg,Oscar_De_La_Hoya
3452.jpg,Paul_Burrell
3453.jpg,David_Collenette
3454.jpg,Leo_Mullin
3455.jpg,Rina_Lazo
3456.jpg,114_frontal
3457.jpg,Queen_Beatrix
3458.jpg,Alberto_Ruiz_Gallardon
3459.jpg,Eric_Wedge
3460.jpg,Jennifer_Keller
3461.jpg,Sergio_Vieira_De_Mello
3462.jpg,029_frontal
3463.jpg,Salma_Hayek
3464.jpg,Hun_Sen
3465.jpg,Colin_Powell
3466.jpg,Mariangel_Ruiz_Torrealba
3467.jpg,037_frontal
3468.jpg,Peter_Greenaway
3469.jpg,041_frontal
3470.jpg,Christine_Gregoire
3471.jpg,Laurence_Fishburne
3472.jpg,Hrithik_Roshan
3473.jpg,Valery_Giscard_dEstaing
3474.jpg,Pete_Beaudrault
3475.jpg,Emyr_Jones_Parry
3476.jpg,Michael_McNeely
3477.jpg,Tiger_Woods
3478.jpg,Jeong_Se-hyun
3479.jpg,Mark_Andrew
3480.jpg,045_frontal
3481.jpg,014_frontal
3482.jpg,Wen_Jiabao
3483.jpg,Richard_Naughton
3484.jpg,026_frontal
3485.jpg,123_frontal
3486.jpg,Colin_Powell
3487.jpg,Gore_Vidal
3488.jpg,Bob_Guccione
3489.jpg,Antonio_Palocci
3490.jpg,Steve_Shiver
3491.jpg,Francisco_Flores
3492.jpg,Oscar_De_La_Hoya
3493.jpg,Dean_Barkley
3494.jpg,Stuart_Whitman
3495.jpg,Aleksander_Kwasniewski
3496.jpg,Larry_Beinfest
3497.jpg,Christina_Sawaya
3498.jpg,E_Clay_Shaw
3499.jpg,Charlton_Heston
3500.jpg,Donald_Pettit
3501.jpg,George_Lopez
3502.jpg,Raaf_Schefter
3503.jpg,123_frontal
3504.jpg,Naomi_Watts
3505.jpg,Amanda_Beard
3506.jpg,John_Abizaid
3507.jpg,Cate_Blanchett
3508.jpg,Elizabeth_Hurley
3509.jpg,Donald_Pettit
3510.jpg,Hugo_Chavez
3511.jpg,Steve_Case
3512.jpg,Colin_Powell
3513.jpg,Colin_Powell
3514.jpg,Nancy_Greenlaw
3515.jpg,Kate_Hudson
3516.jpg,James_Blake
3517.jpg,Eli_Rosenbaum
3518.jpg,Chandrika_Kumaratunga
3519.jpg,Cole_Chapman
3520.jpg,Aaron_Peirsol
3521.jpg,Ricardo_Lopez_Murphy
3522.jpg,Jerry_Rice
3523.jpg,Rick_Santorum
3524.jpg,Khaled_Sawalhi
3525.jpg,Paris_Hilton
3526.jpg,Colin_Powell
3527.jpg,Rita_Moreno
3528.jpg,Colin_Powell
3529.jpg,Klaus_Zwickel
3530.jpg,Gwendal_Peizerat
3531.jpg,Sergio_Vieira_De_Mello
3532.jpg,James_Blake
3533.jpg,John_Bolton
3534.jpg,Matthew_Broderick
3535.jpg,Robert_Duvall
3536.jpg,Bing_Crosby
3537.jpg,Tom_Welch
3538.jpg,Mark_Hanson
3539.jpg,Colin_Powell
3540.jpg,Tino_Martinez
3541.jpg,Vanessa_Williams
3542.jpg,009_frontal
3543.jpg,Colin_Powell
3544.jpg,Gary_Bettman
3545.jpg,Chip_Ganassi
3546.jpg,Peter_Bacanovic
3547.jpg,Mario_Lobo_Zagallo
3548.jpg,034_frontal
3549.jpg,Eric_Hinske
3550.jpg,Svend_Aage_Jensby
3551.jpg,Raymond_Arthurs
3552.jpg,Caroline_Kennedy
3553.jpg,Colin_Powell
3554.jpg,Ana_Palacio
3555.jpg,Queen_Beatrix
3556.jpg,Aretha_Franklin
3557.jpg,Tom_Hanks
3558.jpg,Colin_Powell
3559.jpg,Colin_Powell
3560.jpg,John_Edwards
3561.jpg,129_frontal
3562.jpg,Larry_Coker
3563.jpg,Sergio_Vieira_De_Mello
3564.jpg,Colin_Powell
3565.jpg,George_Lopez
3566.jpg,Colin_Powell
3567.jpg,Jennifer_Furminger
3568.jpg,Brigitte_Boisselier
3569.jpg,Carlos_Ortega
3570.jpg,Kofi_Annan
3571.jpg,Colin_Powell
3572.jpg,Sue_Wicks
3573.jpg,John_Kerry
3574.jpg,Ciro_Gomes
3575.jpg,Li_Peng
3576.jpg,Jim_Ahern
3577.jpg,Naomi_Watts
3578.jpg,John_Abizaid
3579.jpg,James_Blake
3580.jpg,Moshe_Katsav
3581.jpg,Pete_Sampras
3582.jpg,Kevin_James
3583.jpg,Colin_Powell
3584.jpg,John_Bolton
3585.jpg,Oprah_Winfrey
3586.jpg,Stanley_McChrystal
3587.jpg,Harrison_Ford
3588.jpg,Hugo_Chavez
3589.jpg,Kofi_Annan
3590.jpg,070_frontal
3591.jpg,Tiger_Woods
3592.jpg,Colin_Powell
3593.jpg,Valery_Giscard_dEstaing
3594.jpg,Kofi_Annan
3595.jpg,Jesse_Helms
3596.jpg,Barbara_Boxer
3597.jpg,Maureen_Fanning
3598.jpg,Guillaume_Soro
3599.jpg,Donald_Keck
3600.jpg,Lili_Marinho
3601.jpg,Nancy_Sinatra
3602.jpg,Colin_Powell
3603.jpg,Ralf_Schumacher
3604.jpg,Milan_Kucan
3605.jpg,John_Bolton
3606.jpg,Elinor_Caplan
3607.jpg,Colin_Powell
3608.jpg,Slobodan_Milosevic
3609.jpg,Candice_Bergen
3610.jpg,Hidetoshi_Nakata
3611.jpg,Hans_Eichel
3612.jpg,Tom_Ridge
3613.jpg,Vincent_Spadea
3614.jpg,Nate_Hybl
3615.jpg,Li_Zhaoxing
3616.jpg,Jim_Carrey
3617.jpg,Mitchell_McLaughlin
3618.jpg,Guy_Ritchie
3619.jpg,Daniel_Pearl
3620.jpg,Brock_Berlin
3621.jpg,Colin_Powell
3622.jpg,Colin_Powell
3623.jpg,Paul_Burrell
3624.jpg,Hushiar_Zebari
3625.jpg,Kalid_Kaid
3626.jpg,Salma_Hayek
3627.jpg,Colin_Powell
3628.jpg,Jean-Pierre_Raffarin
3629.jpg,Queen_Beatrix
3630.jpg,Oprah_Winfrey
3631.jpg,Hans_Eichel
3632.jpg,Colin_Powell
3633.jpg,Leo_Ramirez
3634.jpg,Abraham_Foxman
3635.jpg,Carson_Palmer
3636.jpg,Oscar_De_La_Hoya
3637.jpg,Al_Gore
3638.jpg,Carson_Palmer
3639.jpg,Paul_Bremer
3640.jpg,Isidro_Pastor
3641.jpg,Melinda_Czink
3642.jpg,Clive_Lloyd
3643.jpg,Emmanuel_Milingo
3644.jpg,Jon_Gruden
3645.jpg,Mike_Sherman
3646.jpg,Nathalie_Baye
3647.jpg,Moshe_Katsav
3648.jpg,Salma_Hayek
3649.jpg,Hamid_Karzai
3650.jpg,Greg_Hennigar
3651.jpg,William_Cocksedge
3652.jpg,Alonzo_Mourning
3653.jpg,Mike_Johanns
3654.jpg,Johan_Bruyneel
3655.jpg,Colin_Powell
3656.jpg,Hugo_Chavez
3657.jpg,Stuart_Whitman
3658.jpg,Miranda_Gaddis
3659.jpg,Carla_Gay_Balingit
3660.jpg,Valery_Giscard_dEstaing
3661.jpg,John_Bolton
3662.jpg,Jake_Gyllenhaal
3663.jpg,Larry_Brown
3664.jpg,066_frontal
3665.jpg,Naomi_Watts
3666.jpg,072_frontal
3667.jpg,Robby_Ginepri
3668.jpg,Patrice_Chereau
3669.jpg,Michael_Kahn
3670.jpg,Brigitte_Boisselier
3671.jpg,Valentino_Rossi
3672.jpg,Kofi_Annan
3673.jpg,033_frontal
3674.jpg,Hamid_Karzai
3675.jpg,Duane_Lee_Chapman
3676.jpg,Floyd_Mayweather
3677.jpg,Warren_Beatty
3678.jpg,Maria_Shriver
3679.jpg,Jake_Gyllenhaal
3680.jpg,Gabi_Zimmer
3681.jpg,Jim_Sterk
3682.jpg,Hideki_Sato
3683.jpg,Aaron_Peirsol
3684.jpg,Laurie_Hobbs
3685.jpg,Tom_Koenigs
3686.jpg,Paul_Bremer
3687.jpg,Warren_Beatty
3688.jpg,Ana_Claudia_Talancon
3689.jpg,Guy_Ritchie
3690.jpg,Yang_Jianli
3691.jpg,Colin_Powell
3692.jpg,Salma_Hayek
3693.jpg,Nathalie_Baye
3694.jpg,Oprah_Winfrey
3695.jpg,Dick_Smothers
3696.jpg,Lucy_Liu
3697.jpg,Charlene_Barshefsky
3698.jpg,Ray_Liotta
3699.jpg,Cate_Blanchett
3700.jpg,Jon_Gruden
3701.jpg,Barbara_Becker
3702.jpg,Strom_Thurmond
3703.jpg,Mark_Warner
3704.jpg,Pedro_Malan
3705.jpg,Robert_Duvall
3706.jpg,Valentino_Rossi
3707.jpg,Enrique_Bolanos
3708.jpg,Colin_Powell
3709.jpg,Conchita_Martinez
3710.jpg,David_Kelly
3711.jpg,Maria_Shriver
3712.jpg,Oscar_Elias_Biscet
3713.jpg,Gustavo_Kuerten
3714.jpg,053_frontal
3715.jpg,Mariano_Zabaleta
3716.jpg,Valentino_Rossi
3717.jpg,Ron_Dittemore
3718.jpg,Sergio_Vieira_De_Mello
3719.jpg,Justine_Pasek
3720.jpg,Milo_Maestrecampo
3721.jpg,Roger_Cook
3722.jpg,052_frontal
3723.jpg,Tony_Stewart
3724.jpg,Daniele_Hypolito
3725.jpg,Strom_Thurmond
3726.jpg,Nadia_Forte
3727.jpg,Colin_Powell
3728.jpg,Jeong_Se-hyun
3729.jpg,Sanjay_Chawla
3730.jpg,083_frontal
3731.jpg,Tim_Matheson
3732.jpg,Tiger_Woods
3733.jpg,079_frontal
3734.jpg,Jean-Pierre_Raffarin
3735.jpg,Roger_Clemens
3736.jpg,Matt_Damon
3737.jpg,Martin_Brodeur
3738.jpg,Deniz_Baykal
3739.jpg,Justine_Pasek
3740.jpg,Hugo_Chavez
3741.jpg,Francisco_Flores
3742.jpg,Shireen_Amir_Begum
3743.jpg,Sergio_Vieira_De_Mello
3744.jpg,Eric_Wedge
3745.jpg,Alexandra_Jackson
3746.jpg,Hugo_Chavez
3747.jpg,Paul_Newman
3748.jpg,Colin_Powell
3749.jpg,Padraig_Harrington
3750.jpg,Valery_Giscard_dEstaing
3751.jpg,Hamid_Karzai
3752.jpg,Charlene_Barshefsky
3753.jpg,Thomas_OBrien
3754.jpg,032_frontal
3755.jpg,Ellen_Pompeo
3756.jpg,Mary_Sue_Coleman
3757.jpg,Paul_Burrell
3758.jpg,Oscar_De_La_Hoya
3759.jpg,Emanuel_Ginobili
3760.jpg,Tom_Cruise
3761.jpg,Lela_Rochon
3762.jpg,Gus_Van_Sant
3763.jpg,Gary_Williams
3764.jpg,John_Bolton
3765.jpg,James_Ballenger
3766.jpg,Elizabeth_Shue
3767.jpg,Lyle_Vanclief
3768.jpg,Afton_Smith
3769.jpg,Conchita_Martinez
3770.jpg,Valery_Giscard_dEstaing
3771.jpg,Tom_Hanks
3772.jpg,David_Dorfman
3773.jpg,Tom_Miller
3774.jpg,Hugo_Chavez
3775.jpg,Maria_Wetterstrand
3776.jpg,John_Abizaid
3777.jpg,Jerry_Rice
3778.jpg,Li_Changchun
3779.jpg,Antonio_Palocci
3780.jpg,Mike_Maroth
3781.jpg,Peter_Mackay
3782.jpg,Kate_Hudson
3783.jpg,Ai_Sugiyama
3784.jpg,Reese_Witherspoon
3785.jpg,Jane_Leeves
3786.jpg,Paul_Bremer
3787.jpg,Gwendal_Peizerat
3788.jpg,William_Genego
3789.jpg,Catherine_Deneuve
3790.jpg,Fazal-ur-Rehman
3791.jpg,Maria_Shriver
3792.jpg,Julian_Battle
3793.jpg,Ronde_Barber
3794.jpg,Charles_Cope
3795.jpg,Suzanne_Mubarak
3796.jpg,Brigitte_Boisselier
3797.jpg,Denzel_Washington
3798.jpg,Bulent_Ecevit
3799.jpg,Samuel_Waksal
3800.jpg,096_frontal
3801.jpg,Ivan_Helguera
3802.jpg,Wen_Jiabao
3803.jpg,Ana_Palacio
3804.jpg,Pete_Sampras
3805.jpg,Colin_Powell
3806.jpg,Elvis_Costello
3807.jpg,Mark_Warner
3808.jpg,Aleksander_Kwasniewski
3809.jpg,Colin_Powell
3810.jpg,Greg_Ostertag
3811.jpg,Lutz_Freitag
3812.jpg,Lucy_Liu
3813.jpg,047_frontal
3814.jpg,088_frontal
3815.jpg,Mariah_Carey
3816.jpg,Barry_Nakell
3817.jpg,Askar_Akayev
3818.jpg,Colin_Powell
3819.jpg,Claudia_Coslovich
3820.jpg,James_Parker
3821.jpg,Ron_Dittemore
3822.jpg,Flor_Montulo
3823.jpg,Gus_Van_Sant
3824.jpg,Jean-Pierre_Raffarin
3825.jpg,Alain_Cervantes
3826.jpg,Colin_Powell
3827.jpg,Tim_Matheson
3828.jpg,Colin_Powell
3829.jpg,Rogerio_Romero
3830.jpg,Joan_Dangerfield
3831.jpg,067_frontal
3832.jpg,Dany_Heatley
3833.jpg,Nebojsa_Pavkovic
3834.jpg,Kofi_Annan
3835.jpg,Jerry_Sexton
3836.jpg,Rick_Bland
3837.jpg,Tom_Ridge
3838.jpg,Barbara_Boxer
3839.jpg,Colin_Powell
3840.jpg,Ralph_Firman
3841.jpg,107_frontal
3842.jpg,Colin_Powell
3843.jpg,Li_Peng
3844.jpg,Mike_Sweeney
3845.jpg,Claudia_Coslovich
3846.jpg,Colin_Powell
3847.jpg,Jesse_James_Leija
3848.jpg,Kofi_Annan
3849.jpg,Stanley_McChrystal
3850.jpg,Paul_Burrell
3851.jpg,Justine_Pasek
3852.jpg,Sergio_Vieira_De_Mello
3853.jpg,Colin_Powell
3854.jpg,Linus_Roache
3855.jpg,Dorthy_Moxley
3856.jpg,Martin_Landau
3857.jpg,Tim_Howard
3858.jpg,Alain_Cervantes
3859.jpg,Al_Gore
3860.jpg,087_frontal
3861.jpg,Chris_Columbus
3862.jpg,Colin_Powell
3863.jpg,Elin_Nordegren
3864.jpg,Matt_Doherty
3865.jpg,Pete_Sampras
3866.jpg,Ai_Sugiyama
3867.jpg,Christine_Arron
3868.jpg,Colin_Powell
3869.jpg,Ari_Bousbib
3870.jpg,Georgina_Papin
3871.jpg,Maria_Wetterstrand
3872.jpg,Marina_Anissina
3873.jpg,Naomi_Watts
3874.jpg,Tom_Ridge
3875.jpg,Guy_Ritchie
3876.jpg,Alan_Ball
3877.jpg,Bob_Bowlsby
3878.jpg,Hugo_Chavez
3879.jpg,David_Tornberg
3880.jpg,Kristin_Davis
3881.jpg,Luis_Gonzalez_Macchi
3882.jpg,Colin_Powell
3883.jpg,Mariah_Carey
3884.jpg,Hugo_Chavez
3885.jpg,Stellan_Skarsgard
3886.jpg,Colin_Powell
3887.jpg,Chris_Kolanas
3888.jpg,Duane_Lee_Chapman
3889.jpg,Hamid_Karzai
3890.jpg,Elin_Nordegren
3891.jpg,Kofi_Annan
3892.jpg,Candice_Bergen
3893.jpg,002_frontal
3894.jpg,Thomas_OBrien
3895.jpg,Harrison_Ford
3896.jpg,Ascencion_Barajas
3897.jpg,Steven_Hatfill
3898.jpg,Juan_Ignacio_Chela
3899.jpg,Wen_Jiabao
3900.jpg,Orlando_Bloom
3901.jpg,Kofi_Annan
3902.jpg,Cristian_Barros
3903.jpg,Benjamin_Netanyahu
3904.jpg,Colin_Powell
3905.jpg,Michel_Temer
3906.jpg,Al_Gore
3907.jpg,Jennifer_Connelly
3908.jpg,Bob_Stoops
3909.jpg,Andre_Bucher
3910.jpg,Hugo_Chavez
3911.jpg,Tom_Ridge
3912.jpg,Matt_Braker
3913.jpg,Fred_Funk
3914.jpg,Colin_Powell
3915.jpg,Larry_Brown
3916.jpg,Hamid_Karzai
3917.jpg,Irwan_Fadzi_Idris
3918.jpg,Aleksander_Kwasniewski
3919.jpg,001_frontal
3920.jpg,Tom_Koenigs
3921.jpg,Lyle_Vanclief
3922.jpg,Stanley_McChrystal
3923.jpg,059_frontal
3924.jpg,Charles_Schumer
3925.jpg,S_Jayakumar
3926.jpg,Maria_Shriver
3927.jpg,Jon_Gruden
3928.jpg,Albert_Brooks
3929.jpg,Jay_Garner
3930.jpg,Matthew_Broderick
3931.jpg,Tomoko_Hagiwara
3932.jpg,Robert_Duvall
3933.jpg,Pete_Sampras
3934.jpg,Bill_Butler
3935.jpg,Mohammed_Ashraf_Hafiz
3936.jpg,Kristin_Davis
3937.jpg,Larry_Brown
3938.jpg,Thomas_OBrien
3939.jpg,Nick_Nolte
3940.jpg,Peter_Fisher
3941.jpg,Hugo_Chavez
3942.jpg,Alejandro_Atchugarry
3943.jpg,Drew_Barrymore
3944.jpg,Ana_Palacio
3945.jpg,Anette_Hosoi
3946.jpg,Herb_Brooks
3947.jpg,Martha_Burk
3948.jpg,037_frontal
3949.jpg,Millicent_Martin
3950.jpg,Daniel_Barenboim
3951.jpg,Dean_Jacek
3952.jpg,106_frontal
3953.jpg,Cate_Blanchett
3954.jpg,Marian_Dolan
3955.jpg,Jose_Manuel_Durao_Barroso
3956.jpg,Colin_Powell
3957.jpg,Myung_Yang
3958.jpg,Thomas_OBrien
3959.jpg,Colin_Powell
3960.jpg,Tom_Glavine
3961.jpg,Enrique_Iglesias
3962.jpg,Ciro_Gomes
3963.jpg,James_Sensenbrenner
3964.jpg,Russell_Crowe
3965.jpg,Ralph_Firman
3966.jpg,Teri_Files
3967.jpg,Colin_Powell
3968.jpg,Kofi_Annan
3969.jpg,Colin_Powell
3970.jpg,Guy_Ritchie
3971.jpg,Anthony_Hopkins
3972.jpg,Steve_Phillips
3973.jpg,Leander_Paes
3974.jpg,113_frontal
3975.jpg,Thomas_Fargo
3976.jpg,Jose_Manuel_Durao_Barroso
3977.jpg,Jennifer_Keller
3978.jpg,Tom_Ridge
3979.jpg,John_Kerry
3980.jpg,Paul_Burrell
3981.jpg,Ciro_Gomes
3982.jpg,Kristanna_Loken
3983.jpg,Jack_Welch
3984.jpg,Drew_Barrymore
3985.jpg,Colin_Powell
3986.jpg,046_frontal
3987.jpg,Larry_Coker
3988.jpg,Cesar_Maia
3989.jpg,Hugo_Chavez
3990.jpg,Colin_Powell
3991.jpg,Kofi_Annan
3992.jpg,James_Blake
3993.jpg,Kieran_Culkin
3994.jpg,038_frontal
3995.jpg,Colin_Powell
3996.jpg,Prince_Claus
3997.jpg,068_frontal
3998.jpg,Colin_Powell
3999.jpg,Jose_Manuel_Durao_Barroso
4000.jpg,063_frontal
4001.jpg,Hugo_Chavez
4002.jpg,033_frontal
4003.jpg,Tommy_Tubberville
4004.jpg,Monica_Seles
4005.jpg,Mufti_Mohammad_Syed
4006.jpg,Jerry_Sexton
4007.jpg,Franco_Cangele
4008.jpg,Colin_Powell
4009.jpg,Colin_Powell
4010.jpg,Samuel_Waksal
4011.jpg,Joerg_Haider
4012.jpg,Colin_Powell
4013.jpg,Selma_Phoenix
4014.jpg,Matthew_Broderick
4015.jpg,Kristin_Scott
4016.jpg,Wen_Jiabao
4017.jpg,Harrison_Ford
4018.jpg,Elizabeth_Hurley
4019.jpg,Harrison_Ford
4020.jpg,Tom_Cruise
4021.jpg,Aparna_Pillai
4022.jpg,Colin_Powell
4023.jpg,Michael_Leavitt
4024.jpg,Colin_Powell
4025.jpg,Charles_Lebois
4026.jpg,Tim_Floyd
4027.jpg,Rick_Santorum
4028.jpg,Robert_Bullock
4029.jpg,Colin_Powell
4030.jpg,Vincent_Sombrotto
4031.jpg,Brandon_Larson
4032.jpg,Gong_Ruina
4033.jpg,Martin_Cauchon
4034.jpg,Tom_Ridge
4035.jpg,Wen_Jiabao
4036.jpg,Red_Auerbach
4037.jpg,Colin_Powell
4038.jpg,Hamid_Karzai
4039.jpg,William_Cocksedge
4040.jpg,Suzanne_Haik_Terrell
4041.jpg,Naomi_Watts
4042.jpg,Elizabeth_Taylor
4043.jpg,Ismail_Cem
4044.jpg,Conchita_Martinez
4045.jpg,Alain_Cervantes
4046.jpg,John_Bolton
4047.jpg,Colin_Powell
4048.jpg,Padraig_Harrington
4049.jpg,Colin_Powell
4050.jpg,Roberto_Carlos
4051.jpg,Joe_Mantello
4052.jpg,Fred_Funk
4053.jpg,Hugo_Chavez
4054.jpg,Tony_Stewart
4055.jpg,Mark_Warner
4056.jpg,Colin_Powell
4057.jpg,Colin_Powell
4058.jpg,Jon_Gruden
4059.jpg,Selma_Phoenix
4060.jpg,Ahmad_Masood
4061.jpg,Peter_Greenaway
4062.jpg,Mike_Sherman
4063.jpg,Dusty_Baker
4064.jpg,Pedro_Malan
4065.jpg,Larry_Brown
4066.jpg,Jim_Sterk
4067.jpg,083_frontal
4068.jpg,Ralf_Schumacher
4069.jpg,Wen_Jiabao
4070.jpg,Thomas_OBrien
4071.jpg,Ghassan_Elashi
4072.jpg,Gary_Williams
4073.jpg,Bulent_Ecevit
4074.jpg,Peter_Mugyeni
4075.jpg,Antonio_Palocci
4076.jpg,Paula_Prentiss
4077.jpg,Lea_Fastow
4078.jpg,Christian_Longo
4079.jpg,Martha_Bowen
4080.jpg,Samantha_Daniels
4081.jpg,Kofi_Annan
4082.jpg,Kevin_Spacey
4083.jpg,Amy_Pascal
4084.jpg,Teri_Files
4085.jpg,Nebojsa_Pavkovic
4086.jpg,Jeri_Ryan
4087.jpg,William_Delahunt
4088.jpg,Barbara_Brezigar
4089.jpg,Bill_Belichick
4090.jpg,Will_Ferrell
4091.jpg,Gerard_Butler
4092.jpg,Justine_Pasek
4093.jpg,Kurt_Warner
4094.jpg,Kristanna_Loken
4095.jpg,John_Edwards
4096.jpg,Suzanne_Mubarak
4097.jpg,Sheila_Fraser
4098.jpg,Chea_Sophara
4099.jpg,Tom_Ridge
4100.jpg,Tom_Ridge
4101.jpg,Hugo_Chavez
4102.jpg,Jeong_Se-hyun
4103.jpg,Thaksin_Shinawatra
4104.jpg,Cho_Myung-kyun
4105.jpg,Oscar_De_La_Hoya
4106.jpg,Lynne_Thigpen
4107.jpg,Derrick_Rodgers
4108.jpg,Norodom_Sihanouk
4109.jpg,Kristin_Davis
4110.jpg,Kofi_Annan
4111.jpg,Jose_Manuel_Durao_Barroso
4112.jpg,Bak_Chang-Ryun
4113.jpg,Colin_Powell
4114.jpg,Harrison_Ford
4115.jpg,Colin_Powell
4116.jpg,Colin_Powell
4117.jpg,Ray_Allen
4118.jpg,Guillaume_Soro
4119.jpg,Hamid_Karzai
4120.jpg,Hugo_Chavez
4121.jpg,Hanan_Ashrawi
4122.jpg,Juan_Ignacio_Chela
4123.jpg,Tyler_Grillo
4124.jpg,Anthony_Hopkins
4125.jpg,Wen_Jiabao
4126.jpg,071_frontal
4127.jpg,Paul_Bremer
4128.jpg,Colin_Powell
4129.jpg,Valentino_Rossi
4130.jpg,Elizabeth_Taylor
4131.jpg,Colin_Powell
4132.jpg,Luis_Gonzalez_Macchi
4133.jpg,Justine_Pasek
4134.jpg,Alberto_Fujimori
4135.jpg,Momir_Nikolic
4136.jpg,Hugo_Chavez
4137.jpg,Johnny_Unitas
4138.jpg,Rina_Lazo
4139.jpg,Hugh_Campbell
4140.jpg,Jeong_Se-hyun
4141.jpg,Kurt_Warner
4142.jpg,Ed_Sullivan
4143.jpg,Martha_Burk
4144.jpg,Pete_Sampras
4145.jpg,Wen_Jiabao
4146.jpg,Paul_Bremer
4147.jpg,Ai_Sugiyama
4148.jpg,Colin_Powell
4149.jpg,Fernando_Valenzuela
4150.jpg,Juan_Francisco_Palencia
4151.jpg,Selma_Phoenix
4152.jpg,Franco_Cangele
4153.jpg,Amanda_Beard
4154.jpg,Tom_Ridge
4155.jpg,Colin_Powell
4156.jpg,Roberto_Guaterroma
4157.jpg,Kate_Hudson
4158.jpg,Jeong_Se-hyun
4159.jpg,Colin_Powell
4160.jpg,Bob_Bowlsby
4161.jpg,Stephen_Thompson
4162.jpg,Tony_Stewart
4163.jpg,Thomas_OBrien
4164.jpg,Colin_Powell
4165.jpg,Sheila_Fraser
4166.jpg,John_Edwards
4167.jpg,Ron_Dittemore
4168.jpg,Mario_Alfaro-Lopez
4169.jpg,Nestor_Gonzalez
4170.jpg,Steven_Hatfill
4171.jpg,Sue_Grafton
4172.jpg,Chris_Moore
4173.jpg,John_Kerry
4174.jpg,Mary_Jo_Myers
4175.jpg,Kofi_Annan
4176.jpg,Atsushi_Sato
4177.jpg,Patricia_Heaton
4178.jpg,Stuart_Whitman
4179.jpg,Valerie_Harper
4180.jpg,James_Blake
4181.jpg,Ali_Fallahian
4182.jpg,Rick_Santorum
4183.jpg,Tiger_Woods
4184.jpg,Bulent_Ecevit
4185.jpg,Ralf_Schumacher
4186.jpg,Yuri_Luzhkov
4187.jpg,Roger_Clemens
4188.jpg,Colin_Powell
4189.jpg,Tom_Koenigs
4190.jpg,Horace_Donovan_Reid
4191.jpg,Carlos_Lordkipanitse
4192.jpg,Denzel_Washington
4193.jpg,Colin_Powell
4194.jpg,Elinor_Caplan
4195.jpg,Sue_Wicks
4196.jpg,Colin_Powell
4197.jpg,Hugo_Chavez
4198.jpg,Marina_Anissina
4199.jpg,Turner_Gill
4200.jpg,Diane_Lane
4201.jpg,Kofi_Annan
4202.jpg,Colin_Powell
4203.jpg,Richard_Tubb
4204.jpg,Ilan_Ramon
4205.jpg,Donna_Walker
4206.jpg,Tom_Ridge
4207.jpg,Drew_Barrymore
4208.jpg,Colin_Powell
4209.jpg,Ilan_Ramon
4210.jpg,Hank_Aaron
4211.jpg,Colin_Powell
4212.jpg,Sergei_Alexandrovitch_Ordzhonikidze
4213.jpg,Pete_Sampras
4214.jpg,Brian_Henson
4215.jpg,Raaf_Schefter
4216.jpg,Colin_Powell
4217.jpg,Colin_Powell
4218.jpg,Colin_Powell
4219.jpg,Magda_Kertasz
4220.jpg,Jeong_Se-hyun
4221.jpg,Paul_Bremer
4222.jpg,Prince_Claus
4223.jpg,Hugo_Chavez
4224.jpg,Colin_Powell
4225.jpg,Martha_Martinez_Flores
4226.jpg,Vicente_Fox_de_la_Concha
4227.jpg,Li_Zhaoxing
4228.jpg,Russell_Crowe
4229.jpg,033_frontal
4230.jpg,Tiger_Woods
4231.jpg,049_frontal
4232.jpg,Deena_Burnett
4233.jpg,Mark_Broxmeyer
4234.jpg,080_frontal
4235.jpg,Hana_Sadiq
4236.jpg,Colin_Powell
4237.jpg,Robert_Beck
4238.jpg,Tom_Ridge
4239.jpg,Paul_Bremer
4240.jpg,Kate_Hudson
4241.jpg,Christian_Von_Wernich
4242.jpg,Colin_Powell
4243.jpg,065_frontal
4244.jpg,Kurt_Warner
4245.jpg,John_Abizaid
4246.jpg,Colin_Powell
4247.jpg,Tony_Stewart
4248.jpg,Jon_Gruden
4249.jpg,John_Bolton
4250.jpg,076_frontal
4251.jpg,Reese_Witherspoon
4252.jpg,Dennis_Powell
4253.jpg,Colin_Powell
4254.jpg,Vincent_Sombrotto
4255.jpg,Sue_Grafton
4256.jpg,024_frontal
4257.jpg,Padraig_Harrington
4258.jpg,Jennifer_Connelly
4259.jpg,Aaron_Peirsol
4260.jpg,Jim_Carrey
4261.jpg,Deece_Eckstein
4262.jpg,Maurice_Papon
4263.jpg,Steve_Zahn
4264.jpg,Kofi_Annan
4265.jpg,Win_Aung
4266.jpg,015_frontal
4267.jpg,Daniel_Radcliffe
4268.jpg,Colin_Powell
4269.jpg,Colin_Powell
4270.jpg,Mike_Helton
4271.jpg,Thaksin_Shinawatra
4272.jpg,Roger_Clemens
4273.jpg,Steve_Mariucci
4274.jpg,Antonio_Palocci
4275.jpg,Colin_Powell
4276.jpg,Malik_Mahmud
4277.jpg,Colin_Powell
4278.jpg,Ralf_Schumacher
4279.jpg,Mark_Martin
4280.jpg,Troy_Hudson
4281.jpg,Kofi_Annan
4282.jpg,Tom_Ridge
4283.jpg,Slobodan_Milosevic
4284.jpg,107_frontal
4285.jpg,Colin_Powell
4286.jpg,Isaiah_Washington
4287.jpg,Tom_Ridge
4288.jpg,Millicent_Martin
4289.jpg,Gary_Bald
4290.jpg,Valentino_Rossi
4291.jpg,Ron_Dittemore
4292.jpg,Kim_Gandy
4293.jpg,Jacqueline_Obradors
4294.jpg,Pedro_Solbes
4295.jpg,John_Kerry
4296.jpg,Pedro_Malan
4297.jpg,John_McCallum
4298.jpg,Hugo_Chavez
4299.jpg,Oscar_De_La_Hoya
4300.jpg,Hugo_Chavez
4301.jpg,Colin_Powell
4302.jpg,Harrison_Ford
4303.jpg,Rick_Santorum
4304.jpg,091_frontal
4305.jpg,Colin_Powell
4306.jpg,021_frontal
4307.jpg,Brigitte_Boisselier
4308.jpg,Valery_Giscard_dEstaing
4309.jpg,Patrick_Stewart
4310.jpg,Claudia_Cardinale
4311.jpg,Tiger_Woods
4312.jpg,Leo_Mullin
4313.jpg,129_frontal
4314.jpg,Heidi_Fleiss
4315.jpg,Billy_Gilman
4316.jpg,Sophia_Loren
4317.jpg,Jerry_Regier
4318.jpg,085_frontal
4319.jpg,Tomoko_Hagiwara
4320.jpg,John_Bolton
4321.jpg,Rob_Moore
4322.jpg,Princess_Anne
4323.jpg,John_Kerry
4324.jpg,Colin_Powell
4325.jpg,Bob_Geldof
4326.jpg,081_frontal
4327.jpg,Jamie_Villafane
4328.jpg,Arnold_Scott
4329.jpg,Hamid_Karzai
4330.jpg,Cristina_Torrens_Valero
4331.jpg,Paul_Burrell
4332.jpg,Andrew_Bernard
4333.jpg,Troy_Aikman
4334.jpg,Mary_Matalin
4335.jpg,Pat_Burns
4336.jpg,Parris_Glendening
4337.jpg,Hugh_Campbell
4338.jpg,Teresa_Heinz_Kerry
4339.jpg,Thaksin_Shinawatra
4340.jpg,Colin_Powell
4341.jpg,Dean_Barkley
4342.jpg,Michael_Donovan
4343.jpg,Christine_Gregoire
4344.jpg,Colin_Powell
4345.jpg,Anthony_Lee_Johnson
4346.jpg,Colin_Powell
4347.jpg,Vanessa_Williams
4348.jpg,Rosemarie_Stack
4349.jpg,Chandrika_Kumaratunga
4350.jpg,Timbul_Silaen
4351.jpg,John_Mayer
4352.jpg,055_frontal
4353.jpg,Colin_Powell
4354.jpg,Hamid_Karzai
4355.jpg,Hamid_Karzai
4356.jpg,Patrice_Chereau
4357.jpg,James_Blake
4358.jpg,Selma_Phoenix
4359.jpg,Rosemarie_Stack
4360.jpg,Colin_Powell
4361.jpg,Ali_Fallahian
4362.jpg,Phillipe_Comtois
4363.jpg,Ron_Dittemore
4364.jpg,Jose_Manuel_Durao_Barroso
4365.jpg,Leon_Silver
4366.jpg,Hugo_Chavez
4367.jpg,Ana_Palacio
4368.jpg,Arnold_Scott
4369.jpg,Thomas_Fargo
4370.jpg,Kofi_Annan
4371.jpg,062_frontal
4372.jpg,Tiger_Woods
4373.jpg,Maria_Shriver
4374.jpg,020_frontal
4375.jpg,Larry_Ellison
4376.jpg,Mike_Sherman
4377.jpg,Rick_Romley
4378.jpg,Andrew_Bernard
4379.jpg,Mohammad_Al-Sharief
4380.jpg,Malak_Habbak
4381.jpg,Deniz_Baykal
4382.jpg,Billy_Tibbets
4383.jpg,Roger_Cook
4384.jpg,Billy_Sollie
4385.jpg,Salma_Hayek
4386.jpg,Mariah_Carey
4387.jpg,Colin_Powell
4388.jpg,Kevin_Satterfield
4389.jpg,Sergio_Vieira_De_Mello
4390.jpg,Larry_Ralston
4391.jpg,Bulent_Ecevit
4392.jpg,Hushiar_Zebari
4393.jpg,Sophia_Loren
4394.jpg,Colin_Powell
4395.jpg,Naomi_Watts
4396.jpg,050_frontal
4397.jpg,Sarah_Weddington
4398.jpg,Colin_Powell
4399.jpg,James_Blake
4400.jpg,Wayne_Ferreira
4401.jpg,Caroline_Kennedy
4402.jpg,Martin_Luther_King_III
4403.jpg,Kofi_Annan
4404.jpg,Jade_Jagger
4405.jpg,Paul_Burrell
4406.jpg,Li_Zhaoxing
4407.jpg,Oscar_De_La_Hoya
4408.jpg,Peter_Bacanovic
4409.jpg,Leo_Ramirez
4410.jpg,Begum_Khaleda_Zia
4411.jpg,Colin_Powell
4412.jpg,Moshe_Katsav
4413.jpg,Jose_Manuel_Durao_Barroso
4414.jpg,Edina_Batar
4415.jpg,Mark_Gangloff
4416.jpg,Colin_Powell
4417.jpg,Habib_Rizieq
4418.jpg,Annette_Lu
4419.jpg,Charlton_Heston
4420.jpg,Elinor_Caplan
4421.jpg,121_frontal
4422.jpg,Kofi_Annan
4423.jpg,Daniel_Radcliffe
4424.jpg,Wen_Jiabao
4425.jpg,Adrian_Nastase
4426.jpg,Colin_Powell
4427.jpg,Thaksin_Shinawatra
4428.jpg,Mariah_Carey
4429.jpg,Mehmet_Ali_Sahin
4430.jpg,Benjamin_Netanyahu
4431.jpg,Bulent_Ecevit
4432.jpg,Christine_Gregoire
4433.jpg,Karen_Allen
4434.jpg,Otto_Schily
4435.jpg,Alberto_Ruiz_Gallardon
4436.jpg,Iran_Brown
4437.jpg,James_Sensenbrenner
4438.jpg,Hrithik_Roshan
4439.jpg,Chris_Columbus
4440.jpg,Tim_Curry
4441.jpg,Shoshannah_Stern
4442.jpg,Colin_Powell
4443.jpg,Noer_Moeis
4444.jpg,129_frontal
4445.jpg,John_Nash
4446.jpg,Debra_Brown
4447.jpg,David_Obey
4448.jpg,Rick_Romley
4449.jpg,Tom_Cruise
4450.jpg,Hans_Eichel
4451.jpg,Timbul_Silaen
4452.jpg,Martin_Torrijos
4453.jpg,Hugo_Chavez
4454.jpg,Juan_Ignacio_Chela
4455.jpg,Pete_Sampras
4456.jpg,Charles_Pickering
4457.jpg,Robert_Bullock
4458.jpg,009_frontal
4459.jpg,Thomas_Manger
4460.jpg,Dick_Latessa
4461.jpg,Samuel_Waksal
4462.jpg,Colin_Powell
4463.jpg,Tim_Duncan
4464.jpg,Justine_Pasek
4465.jpg,Pete_Sampras
4466.jpg,Harrison_Ford
4467.jpg,Oswaldo_Paya
4468.jpg,Lili_Marinho
4469.jpg,Emma_Nicholson
4470.jpg,Salma_Hayek
4471.jpg,113_frontal
4472.jpg,Li_Peng
4473.jpg,Pete_Sampras
4474.jpg,John_Franco
4475.jpg,Narendra_Modi
4476.jpg,Gene_Sauers
4477.jpg,Mario_Lemieux
4478.jpg,Pascal_Rheaume
4479.jpg,Colin_Powell
4480.jpg,Amanda_Beard
4481.jpg,Dick_Latessa
4482.jpg,Hugo_Chavez
4483.jpg,Miyako_Miyazaki
4484.jpg,017_frontal
4485.jpg,Tim_Howard
4486.jpg,Sarah_Wynter
4487.jpg,Jeanne_Moreau
4488.jpg,Colin_Powell
4489.jpg,Mia_Mottley
4490.jpg,Linus_Roache
4491.jpg,John_Kerry
4492.jpg,Harrison_Ford
4493.jpg,Ilan_Ramon
4494.jpg,Leander_Paes
4495.jpg,Julie_Infante
4496.jpg,Donna_Morrissey
4497.jpg,Harrison_Ford
4498.jpg,Ralph_Firman
4499.jpg,Norodom_Sihanouk
4500.jpg,Li_Zhaoxing
4501.jpg,Hugo_Chavez
4502.jpg,Matt_Doherty
4503.jpg,Naomi_Watts
4504.jpg,Nadine_Vinzens
4505.jpg,Colin_Powell
4506.jpg,Hugh_Campbell
4507.jpg,Salma_Hayek
4508.jpg,Kofi_Annan
4509.jpg,075_frontal
4510.jpg,Mark_Gangloff
4511.jpg,Elizabeth_Shue
4512.jpg,Sophia_Loren
4513.jpg,Nathalie_Baye
4514.jpg,Colin_Powell
4515.jpg,Colin_Powell
4516.jpg,Sergio_Vieira_De_Mello
4517.jpg,James_Parker
4518.jpg,John_Abizaid
4519.jpg,115_frontal
4520.jpg,Sergio_Vieira_De_Mello
4521.jpg,Thaksin_Shinawatra
4522.jpg,Peter_Greenaway
4523.jpg,Jake_Gyllenhaal
4524.jpg,Wu_Yi
4525.jpg,Rick_Bragg
4526.jpg,Aishwarya_Rai
4527.jpg,Monica_Seles
4528.jpg,Agnelo_Queiroz
4529.jpg,Michael_Moore
4530.jpg,Paul_Bremer
4531.jpg,Thaksin_Shinawatra
4532.jpg,Pete_Sampras
4533.jpg,Tom_Ridge
4534.jpg,Peter_Hillary
4535.jpg,Nadia_Forte
4536.jpg,Paul_Burrell
4537.jpg,Darryl_Stingley
4538.jpg,Colin_Powell
4539.jpg,Sheila_Fraser
4540.jpg,Colin_Powell
4541.jpg,Prince_Claus
4542.jpg,Tom_Ridge
4543.jpg,Colin_Powell
4544.jpg,Hugo_Chavez
4545.jpg,Kofi_Annan
4546.jpg,Hugo_Chavez
4547.jpg,Colin_Powell
4548.jpg,Charles_Mathews
4549.jpg,Raoul_Ruiz
4550.jpg,Enrique_Bolanos
4551.jpg,Chris_Rock
4552.jpg,100_frontal
4553.jpg,Tom_Hanks
4554.jpg,Alex_Gonzalez
4555.jpg,Mona_Ayoub
4556.jpg,Rosario_Dawson
4557.jpg,114_frontal
4558.jpg,Gabi_Zimmer
4559.jpg,Bruce_Weber
4560.jpg,Dean_Barkley
4561.jpg,Hugo_Chavez
4562.jpg,Patricia_Heaton
4563.jpg,Tom_Ridge
4564.jpg,Ana_Palacio
4565.jpg,Ana_Palacio
4566.jpg,Eli_Rosenbaum
4567.jpg,Mark_Martin
4568.jpg,Scott_Wallach
4569.jpg,Naomi_Watts
4570.jpg,Tuncay_Sanli
4571.jpg,Charlton_Heston
4572.jpg,Thaksin_Shinawatra
4573.jpg,Emmanuel_Milingo
4574.jpg,038_frontal
4575.jpg,Li_Peng
4576.jpg,Bryant_Young
4577.jpg,Catherine_Ndereba
4578.jpg,Kofi_Annan
4579.jpg,Hugo_Chavez
4580.jpg,Colin_Powell
4581.jpg,Tom_Ridge
4582.jpg,Roberto_Carlos
4583.jpg,Pat_Burns
4584.jpg,Ana_Palacio
4585.jpg,Donald_Pettit
4586.jpg,Andy_Warhol
4587.jpg,Tiger_Woods
4588.jpg,Jason_Biggs
4589.jpg,Isabella_Rossellini
4590.jpg,Jeri_Ryan
4591.jpg,Conchita_Martinez
4592.jpg,James_Sensenbrenner
4593.jpg,Mona_Ayoub
4594.jpg,Steve_Mariucci
4595.jpg,Lucy_Liu
4596.jpg,Martin_Cauchon
4597.jpg,Kate_Lee
4598.jpg,Hugo_Chavez
4599.jpg,029_frontal
4600.jpg,Marwan_Barghouthi
4601.jpg,Gloria_Gaynor
4602.jpg,Justine_Pasek
4603.jpg,John_Kerry
4604.jpg,Hamid_Karzai
4605.jpg,Colin_Powell
4606.jpg,Marc_Bulger
4607.jpg,Rick_Romley
4608.jpg,Milo_Maestrecampo
4609.jpg,George_Lopez
4610.jpg,029_frontal
4611.jpg,Floyd_Mayweather
4612.jpg,Emma_Nicholson
4613.jpg,112_frontal
4614.jpg,Caroline_Kennedy
4615.jpg,Hun_Sen
4616.jpg,Kurt_Warner
4617.jpg,Colin_Powell
4618.jpg,Guillermo_Ruiz_Polanco
4619.jpg,Harrison_Ford
4620.jpg,Gene_Autry
4621.jpg,Brendan_Hansen
4622.jpg,Naomi_Watts
4623.jpg,Gabriel_Farhi
4624.jpg,Colin_Powell
4625.jpg,109_frontal
4626.jpg,Thomas_OBrien
4627.jpg,017_frontal
4628.jpg,Justine_Pasek
4629.jpg,Noer_Moeis
4630.jpg,Naomi_Watts
4631.jpg,Patrice_Chereau
4632.jpg,Aaron_Patterson
4633.jpg,Colin_Powell
4634.jpg,Tom_Cruise
4635.jpg,Alberto_Ruiz_Gallardon
4636.jpg,Paul_Burrell
4637.jpg,Hamid_Karzai
4638.jpg,Jose_Lopez_Beltran
4639.jpg,Sergio_Vieira_De_Mello
4640.jpg,Antonio_Palocci
4641.jpg,Slobodan_Milosevic
4642.jpg,Lindsay_Benko
4643.jpg,Tiger_Woods
4644.jpg,Dean_Barkley
4645.jpg,Mark_Warner
4646.jpg,Karin_Stoiber
4647.jpg,Win_Aung
4648.jpg,Lisa_Stone
4649.jpg,Jim_Leach
4650.jpg,Chris_Cirino
4651.jpg,Sally_Clark
4652.jpg,Derrick_Rodgers
4653.jpg,Dean_Barkley
4654.jpg,Tom_Cruise
4655.jpg,Roberto_Carlos
4656.jpg,031_frontal
4657.jpg,Colin_Powell
4658.jpg,Jacqueline_Obradors
4659.jpg,John_Kerry
4660.jpg,Strom_Thurmond
4661.jpg,Colin_Powell
4662.jpg,Wu_Yi
4663.jpg,Li_Peng
4664.jpg,Dorthy_Moxley
4665.jpg,Derrick_Rodgers
4666.jpg,Ai_Sugiyama
4667.jpg,Jon_Gruden
4668.jpg,Eric_Hinske
4669.jpg,Tyler_Grillo
4670.jpg,Gary_Barnett
4671.jpg,Suzanne_Haik_Terrell
4672.jpg,Juergen_Peters
4673.jpg,John_Edwards
4674.jpg,Matthew_Broderick
4675.jpg,Tom_Ridge
4676.jpg,Bill_OReilly
4677.jpg,James_Ballenger
4678.jpg,023_frontal
4679.jpg,Michael_Chang
4680.jpg,Colin_Powell
4681.jpg,Pio_Laghi
4682.jpg,Li_Zhaoxing
4683.jpg,James_Carville
4684.jpg,Hugo_Chavez
4685.jpg,088_frontal
4686.jpg,Kate_Hudson
4687.jpg,Hussam_Mohammed_Amin
4688.jpg,Colin_Powell
4689.jpg,Margie_Puente
4690.jpg,Oswaldo_Paya
4691.jpg,Kelli_White
4692.jpg,Kofi_Annan
4693.jpg,Colin_Powell
4694.jpg,Orlando_Bloom
4695.jpg,Colin_Powell
4696.jpg,Colin_Powell
4697.jpg,Michael_Sullivan
4698.jpg,Oscar_Elias_Biscet
4699.jpg,066_frontal
4700.jpg,Mitzi_Gaynor
4701.jpg,Justin_Wilson
4702.jpg,John_Kerry
4703.jpg,Bulent_Ecevit
4704.jpg,Naomi_Watts
4705.jpg,Lucy_Liu
4706.jpg,036_frontal
4707.jpg,Mary_Descenza
4708.jpg,Bulent_Ecevit
4709.jpg,Ted_Christopher
4710.jpg,Paul_Bremer
4711.jpg,Samantha_Daniels
4712.jpg,Bob_Riley
4713.jpg,119_frontal
4714.jpg,Colin_Powell
4715.jpg,Sergei_Alexandrovitch_Ordzhonikidze
4716.jpg,Frederique_van_der_Wal
4717.jpg,Salma_Hayek
4718.jpg,108_frontal
4719.jpg,Kofi_Annan
4720.jpg,John_Kerry
4721.jpg,Leander_Paes
4722.jpg,Elizabeth_Hurley
4723.jpg,Tom_Cruise
4724.jpg,Kofi_Annan
4725.jpg,Jake_Gyllenhaal
4726.jpg,Thomas_OBrien
4727.jpg,Jose_Manuel_Durao_Barroso
4728.jpg,Colin_Powell
4729.jpg,Seymour_Cassell
4730.jpg,Ruben_Studdard
4731.jpg,John_Kerry
4732.jpg,Elizabeth_Hurley
4733.jpg,Mitzi_Gaynor
4734.jpg,Robert_Duvall
4735.jpg,Jon_Gruden
4736.jpg,Enrique_Bolanos
4737.jpg,Benjamin_Netanyahu
4738.jpg,Colin_Powell
4739.jpg,Gary_Bettman
4740.jpg,Colin_Powell
4741.jpg,Gary_Williams
4742.jpg,Tom_Rouen
4743.jpg,Tiger_Woods
4744.jpg,John_Kerry
4745.jpg,John_Kerr
4746.jpg,Denzel_Washington
4747.jpg,Mohammed_Abu_Sharia
4748.jpg,Valery_Giscard_dEstaing
4749.jpg,Colin_Powell
4750.jpg,Steven_Hatfill
4751.jpg,Greg_Rusedski
4752.jpg,Thomas_OBrien
4753.jpg,LK_Advani
4754.jpg,Colin_Powell
4755.jpg,Chris_Rock
4756.jpg,John_Kerry
4757.jpg,Eric_Christian_Olsen
4758.jpg,Pedro_Malan
4759.jpg,Franz_Gsell
4760.jpg,035_frontal
4761.jpg,Bill_Belichick
4762.jpg,Annie_Machon
4763.jpg,084_frontal
4764.jpg,057_frontal
4765.jpg,Eli_Rosenbaum
4766.jpg,Tony_Stewart
4767.jpg,Catherine_Ndereba
4768.jpg,Colin_Powell
4769.jpg,009_frontal
4770.jpg,Luc_Montagnier
4771.jpg,Linda_Amicangioli
4772.jpg,Kenneth_Evans
4773.jpg,Colin_Powell
4774.jpg,Paul_Burrell
4775.jpg,Martha_Burk
4776.jpg,Michelle_Hofland
4777.jpg,Janet_Napolitano
4778.jpg,Li_Zhaoxing
4779.jpg,Wang_Hailan
4780.jpg,Valentino_Rossi
4781.jpg,Gregg_Popovich
4782.jpg,Colin_Powell
4783.jpg,Al_Gore
4784.jpg,Alexis_Bledel
4785.jpg,Fran_Drescher
4786.jpg,Fred_Funk
4787.jpg,030_frontal
4788.jpg,John_Connolly
4789.jpg,Bryant_Young
4790.jpg,Edward_Belvin
4791.jpg,Charles_Schumer
4792.jpg,Thierry_Mariani
4793.jpg,Steve_Blake
4794.jpg,John_Bolton
4795.jpg,Colin_Powell
4796.jpg,Lindy_Ruff
4797.jpg,Michael_Kirby
4798.jpg,Wen_Jiabao
4799.jpg,Amr_Moussa
4800.jpg,Conchita_Martinez
4801.jpg,Cate_Blanchett
4802.jpg,064_frontal
4803.jpg,Valentino_Rossi
4804.jpg,LK_Advani
4805.jpg,Benjamin_Netanyahu
4806.jpg,Tono_Suratman
4807.jpg,Babe_Ruth
4808.jpg,Colin_Powell
4809.jpg,Alan_Tang_Kwong-wing
4810.jpg,Charlton_Heston
4811.jpg,Tom_Glavine
4812.jpg,Hank_Aaron
4813.jpg,Stipe_Mesic
4814.jpg,Laurie_Hobbs
4815.jpg,Sophia_Loren
4816.jpg,Hamid_Karzai
4817.jpg,Kevin_James
4818.jpg,033_frontal
4819.jpg,Reese_Witherspoon
4820.jpg,Oscar_De_La_Hoya
4821.jpg,Eric_Wedge
4822.jpg,Greg_Rusedski
4823.jpg,Annette_Lu
4824.jpg,Carlos_Savedra
4825.jpg,Gary_Williams
4826.jpg,Larry_Ellison
4827.jpg,Jake_Gyllenhaal
4828.jpg,Carlos_Savedra
4829.jpg,Oswaldo_Paya
4830.jpg,Tom_Cruise
4831.jpg,John_Abizaid
4832.jpg,Colin_Powell
4833.jpg,Robert_Pollack
4834.jpg,Budd_Schulberg
4835.jpg,Phillip_Fulmer
4836.jpg,Li_Peng
4837.jpg,Colin_Powell
4838.jpg,Daniel_Chin
4839.jpg,Li_Peng
4840.jpg,Claudio_Abbado
4841.jpg,Greg_Ostertag
4842.jpg,Isidro_Pastor
4843.jpg,Sophia_Loren
4844.jpg,Pedro_Malan
4845.jpg,Sophia_Loren
4846.jpg,Michael_Sullivan
4847.jpg,Hugo_Chavez
4848.jpg,Gerard_Butler
4849.jpg,Ana_Claudia_Talancon
4850.jpg,Mariah_Carey
4851.jpg,Amanda_Beard
4852.jpg,Brigitte_Boisselier
4853.jpg,Frank_Lautenberg
4854.jpg,059_frontal
4855.jpg,Colleen_Ryan
4856.jpg,Cesar_Maia
4857.jpg,Naomi_Watts
4858.jpg,Brian_Wells
4859.jpg,Rick_Romley
4860.jpg,Stephen_Daldry
4861.jpg,Martha_Bowen
4862.jpg,Penelope_Ann_Miller
4863.jpg,Tuncay_Sanli
4864.jpg,Kofi_Annan
4865.jpg,Roberto_Carlos
4866.jpg,Bill_Lerach
4867.jpg,Lin_Yung_Hsi
4868.jpg,Luis_Gonzalez_Macchi
4869.jpg,Sophia_Loren
4870.jpg,Hugo_Chavez
4871.jpg,Gary_Bald
4872.jpg,Tom_Ridge
4873.jpg,Paul_Burrell
4874.jpg,Tim_Duncan
4875.jpg,Ralph_Klein
4876.jpg,Chris_Moore
4877.jpg,Kofi_Annan
4878.jpg,John_Kerry
4879.jpg,Valentino_Rossi
4880.jpg,Kofi_Annan
4881.jpg,Jason_Biggs
4882.jpg,Flor_Montulo
4883.jpg,Betty_Garrison
4884.jpg,Colin_Powell
4885.jpg,Stellan_Skarsgard
4886.jpg,Michael_Moore
4887.jpg,Ray_Allen
4888.jpg,Colin_Powell
4889.jpg,Lloyd_Mudiwa
4890.jpg,Thomas_OBrien
4891.jpg,Paul_Bremer
4892.jpg,Hussam_Mohammed_Amin
4893.jpg,Colin_Powell
4894.jpg,Tom_Coughlin
4895.jpg,Kate_Hudson
4896.jpg,Jean-Pierre_Raffarin
4897.jpg,Hugo_Chavez
4898.jpg,Maria_Shriver
4899.jpg,Strom_Thurmond
4900.jpg,Drew_Barrymore
4901.jpg,Salman_Rushdie
4902.jpg,Pedro_Malan
4903.jpg,Gene_Autry
4904.jpg,Ray_Liotta
4905.jpg,Cristian_Barros
4906.jpg,Colin_Powell
4907.jpg,Colin_Powell
4908.jpg,Edina_Batar
4909.jpg,Harrison_Ford
4910.jpg,044_frontal
4911.jpg,Queen_Beatrix
4912.jpg,Tom_Ridge
4913.jpg,Monica_Seles
4914.jpg,Milo_Maestrecampo
4915.jpg,Mike_Holmgren
4916.jpg,Hugo_Chavez
4917.jpg,Oscar_Elias_Biscet
4918.jpg,Kate_Hudson
4919.jpg,Cassandra_Heise
4920.jpg,Johnny_Unitas
4921.jpg,Federico_Trillo
4922.jpg,Mariangel_Ruiz_Torrealba
4923.jpg,Ben_Glisan
4924.jpg,Tiger_Woods
4925.jpg,Danny_Ainge
4926.jpg,Elizabeth_Hurley
4927.jpg,Hank_Aaron
4928.jpg,Pedro_Solbes
4929.jpg,Zarai_Toledo
4930.jpg,Colin_Powell
4931.jpg,Kenneth_Evans
4932.jpg,Colin_Powell
4933.jpg,Queen_Beatrix
4934.jpg,Gary_Gitnick
4935.jpg,068_frontal
4936.jpg,Luc_Montagnier
4937.jpg,John_Bolton
4938.jpg,Strom_Thurmond
4939.jpg,Ralf_Schumacher
4940.jpg,Vincent_Sombrotto
4941.jpg,Tony_Stewart
4942.jpg,Colin_Powell
4943.jpg,Sarah_Wynter
4944.jpg,Johnny_Unitas
4945.jpg,Kate_Hudson
4946.jpg,Colin_Powell
4947.jpg,Maria_Shriver
4948.jpg,John_Abizaid
4949.jpg,Ian_Wilmut
4950.jpg,Kellie_Coffey
4951.jpg,Mitchell_McLaughlin
4952.jpg,Malik_Mahmud
4953.jpg,Luis_Gonzalez_Macchi
4954.jpg,003_frontal
4955.jpg,Tom_Cruise
4956.jpg,Hank_Stram
4957.jpg,Colin_Powell
4958.jpg,Antonio_Elias_Saca
4959.jpg,Diana_Renee_Valdivieso_Dubon
4960.jpg,Salma_Hayek
4961.jpg,128_frontal
4962.jpg,Jean-Pierre_Raffarin
4963.jpg,Colin_Powell
4964.jpg,Wu_Yi
4965.jpg,Wayne_Ferreira
4966.jpg,Doug_Moe
4967.jpg,Manuela_Montebrun
4968.jpg,Kellie_Coffey
4969.jpg,Colin_Powell
4970.jpg,Brian_Schneider
4971.jpg,Craig_David
4972.jpg,Colin_Powell
4973.jpg,Horace_Donovan_Reid
4974.jpg,Ana_Palacio
4975.jpg,Colin_Powell
4976.jpg,Frederique_van_der_Wal
4977.jpg,James_Blake
4978.jpg,050_frontal
4979.jpg,Mark_Warner
4980.jpg,Viara_Vike-Freiberga
4981.jpg,Colin_Powell
4982.jpg,Alberto_Ruiz_Gallardon
4983.jpg,Kalid_Kaid
4984.jpg,Padraig_Harrington
4985.jpg,Bill_Belichick
4986.jpg,009_frontal
4987.jpg,John_Kerry
4988.jpg,Colin_Powell
4989.jpg,Alexandra_Pelosi
4990.jpg,Mike_Johanns
4991.jpg,Kofi_Annan
4992.jpg,Jeremy_Shockey
4993.jpg,Thomas_Fargo
4994.jpg,Sophia_Loren
4995.jpg,001_frontal
4996.jpg,Colin_Powell
4997.jpg,Naomi_Watts
4998.jpg,Wayne_Ferreira
4999.jpg,Kevin_Spacey
5000.jpg,Matthew_Broderick
5001.jpg,Li_Peng
5002.jpg,Alanis_Morissette
5003.jpg,Ozzy_Osbourne
5004.jpg,Phillipe_Comtois
5005.jpg,Matt_Siebrandt
5006.jpg,Hugo_Chavez
5007.jpg,Aaron_Pena
5008.jpg,Colin_Powell
5009.jpg,Elaine_Chao
5010.jpg,Emanuel_Ginobili
5011.jpg,Kate_Hudson
5012.jpg,Kate_Hudson
5013.jpg,Elizabeth_Hurley
5014.jpg,Mitzi_Gaynor
5015.jpg,Guy_Ritchie
5016.jpg,Colin_Powell
5017.jpg,Tiger_Woods
5018.jpg,Valery_Giscard_dEstaing
5019.jpg,Evie_Lazarou
5020.jpg,035_frontal
5021.jpg,Paul_Burrell
5022.jpg,Chris_Moore
5023.jpg,George_Lopez
5024.jpg,William_Cocksedge
5025.jpg,Oscar_De_La_Hoya
5026.jpg,Jim_Carrey
5027.jpg,Monica_Serra
5028.jpg,Jose_Manuel_Durao_Barroso
5029.jpg,Kurt_Warner
5030.jpg,Robert_Duvall
5031.jpg,Mitchell_McLaughlin
5032.jpg,Gong_Ruina
5033.jpg,Colin_Powell
5034.jpg,Robert_Duvall
5035.jpg,John_Kerry
5036.jpg,John_Bolton
5037.jpg,Kai-Uwe_Ricke
5038.jpg,Catherine_Ndereba
5039.jpg,Colin_Powell
5040.jpg,Antonio_Palocci
5041.jpg,Andrea_Kiser
5042.jpg,John_Bolton
5043.jpg,Princess_Anne
5044.jpg,Kelli_White
5045.jpg,James_Blake
5046.jpg,Hugo_Chavez
5047.jpg,Joe_Cocker
5048.jpg,011_frontal
5049.jpg,Nick_Nolte
5050.jpg,Daniel_Chin
5051.jpg,Klaus_Schwab
5052.jpg,Franco_Cangele
5053.jpg,Scott_Weiland
5054.jpg,Princess_Victoria
5055.jpg,Sanjay_Chawla
5056.jpg,Rina_Lazo
5057.jpg,Jean-Pierre_Raffarin
5058.jpg,Tim_Duncan
5059.jpg,Daniel_Radcliffe
5060.jpg,Martha_Martinez_Flores
5061.jpg,Harrison_Ford
5062.jpg,Justine_Pasek
5063.jpg,Carlos_Ortega
5064.jpg,Tom_Ridge
5065.jpg,Hugo_Chavez
5066.jpg,Martin_Brodeur
5067.jpg,Ali_Khamenei
5068.jpg,Raoul_Ruiz
5069.jpg,Colin_Powell
5070.jpg,026_frontal
5071.jpg,Carson_Palmer
5072.jpg,Rodney_Dangerfield
5073.jpg,Frank_Lautenberg
5074.jpg,Ozzy_Osbourne
5075.jpg,Valentino_Rossi
5076.jpg,Caroline_Kennedy
5077.jpg,Jodie_Henry
5078.jpg,Norodom_Sihanouk
5079.jpg,Naomi_Watts
5080.jpg,Klaus_Zwickel
5081.jpg,Hugo_Chavez
5082.jpg,Natalia_Verbeke
5083.jpg,Steven_Curtis_Chapman
5084.jpg,Garry_Kasparov
5085.jpg,Kenneth_Evans
5086.jpg,Mohammed_Abu_Sharia
5087.jpg,Robert_Duvall
5088.jpg,Manfred_Stolpe
5089.jpg,Jose_Lina
5090.jpg,Phil_McGraw
5091.jpg,Emanuel_Ginobili
5092.jpg,Parris_Glendening
5093.jpg,Sergio_Vieira_De_Mello
5094.jpg,Colin_Powell
5095.jpg,Georgina_Papin
5096.jpg,Li_Zhaoxing
5097.jpg,082_frontal
5098.jpg,Sophia_Loren
5099.jpg,Colin_Powell
5100.jpg,Yasushi_Akashi
5101.jpg,Ciro_Gomes
5102.jpg,Kofi_Annan
5103.jpg,Stephen_Glassroth
5104.jpg,Wen_Jiabao
5105.jpg,Daryl_Smith
5106.jpg,Hugo_Chavez
5107.jpg,Barbara_Brezigar
5108.jpg,Gus_Van_Sant
5109.jpg,Jennifer_Connelly
5110.jpg,Mariangel_Ruiz_Torrealba
5111.jpg,Jon_Constance
5112.jpg,Warren_Beatty
5113.jpg,Colin_Powell
5114.jpg,078_frontal
5115.jpg,Ralph_Sampson
5116.jpg,Adriana_Perez_Navarro
5117.jpg,Colin_Powell
5118.jpg,Kofi_Annan
5119.jpg,Joe_Calzaghe
5120.jpg,Pete_Beaudrault
5121.jpg,Tom_Ridge
5122.jpg,Hugo_Chavez
5123.jpg,Lord_Hutton
5124.jpg,Diane_Ladd
5125.jpg,Prince_Claus
5126.jpg,Colin_Powell
5127.jpg,Paula_Prentiss
5128.jpg,Tom_Ridge
5129.jpg,James_Meredeth
5130.jpg,Ozzy_Osbourne
5131.jpg,Larry_Ellison
5132.jpg,Brian_Scalabrine
5133.jpg,Naomi_Watts
5134.jpg,018_frontal
5135.jpg,John_Kerry
5136.jpg,Oscar_De_La_Hoya
5137.jpg,William_Morrow
5138.jpg,Leandrinho_Barbosa
5139.jpg,William_Delahunt
5140.jpg,Colin_Powell
5141.jpg,Colin_Powell
5142.jpg,Colin_Powell
5143.jpg,Carl_Levin
5144.jpg,Thaksin_Shinawatra
5145.jpg,Paul_Bremer
5146.jpg,096_frontal
5147.jpg,Salma_Hayek
5148.jpg,Tiger_Woods
5149.jpg,Li_Peng
5150.jpg,Albert_Brooks
5151.jpg,Dorthy_Moxley
5152.jpg,Colin_Powell
5153.jpg,Oscar_De_La_Hoya
5154.jpg,Troy_Jenkins
5155.jpg,Colin_Powell
5156.jpg,Daniel_Darnell
5157.jpg,Naomi_Watts
5158.jpg,Jeremy_Shockey
5159.jpg,Alonzo_Mourning
5160.jpg,Elinor_Caplan
5161.jpg,Juergen_Peters
5162.jpg,Colin_Powell
5163.jpg,Paul_Bremer
5164.jpg,Paul_Bremer
5165.jpg,Dion_Glover
5166.jpg,Katie_Couric
5167.jpg,Laurence_Fishburne
5168.jpg,Danny_Ainge
5169.jpg,Gregorio_Honasan
5170.jpg,Naomi_Watts
5171.jpg,Teresa_Heinz_Kerry
5172.jpg,Shireen_Amir_Begum
5173.jpg,071_frontal
5174.jpg,Hugo_Chavez
5175.jpg,Tom_Cruise
5176.jpg,James_Blake
5177.jpg,Lloyd_Mudiwa
5178.jpg,Tony_Stewart
5179.jpg,Elias_Attallah
5180.jpg,Li_Peng
5181.jpg,Harrison_Ford
5182.jpg,Francisco_Flores
5183.jpg,Peter_Fisher
5184.jpg,Edina_Batar
5185.jpg,030_frontal
5186.jpg,Rob_Moore
5187.jpg,Naomi_Watts
5188.jpg,Mike_Sweeney
5189.jpg,Colin_Powell
5190.jpg,John_Bolton
5191.jpg,Larry_Anderson
5192.jpg,Jean-Pierre_Raffarin
5193.jpg,Roger_Cook
5194.jpg,Hamid_Karzai
5195.jpg,Isidro_Pastor
5196.jpg,Gabriel_Hughes
5197.jpg,Charlton_Heston
5198.jpg,Charles_Lebois
5199.jpg,Naomi_Watts
5200.jpg,Johnny_Unitas
5201.jpg,Ciro_Gomes
5202.jpg,089_frontal
5203.jpg,Colin_Powell
5204.jpg,Paul_Bremer
5205.jpg,Norodom_Sihanouk
5206.jpg,Ilan_Ramon
5207.jpg,Ivan_Helguera
5208.jpg,Luis_Gonzalez_Macchi
5209.jpg,Paul_Bremer
5210.jpg,Heidi_Fleiss
5211.jpg,John_Bolton
5212.jpg,Marilyn_Monroe
5213.jpg,Sergio_Vieira_De_Mello
5214.jpg,027_frontal
5215.jpg,Patrice_Chereau
5216.jpg,Colin_Powell
5217.jpg,Juanes
5218.jpg,Doug_Moe
5219.jpg,Kristanna_Loken
5220.jpg,Aleksander_Kwasniewski
5221.jpg,Kurt_Budke
5222.jpg,Win_Aung
5223.jpg,Salma_Hayek
5224.jpg,Salma_Hayek
5225.jpg,Fran_Drescher
5226.jpg,Karin_Stoiber
5227.jpg,Nancy_Sinatra
5228.jpg,Peter_Greenaway
5229.jpg,Michael_Chang
5230.jpg,Kevin_Spacey
5231.jpg,Mary_Matalin
5232.jpg,Lennart_Johansson
5233.jpg,Hugo_Chavez
5234.jpg,Hank_Stram
5235.jpg,Kofi_Annan
5236.jpg,Harrison_Ford
5237.jpg,Jake_Gyllenhaal
5238.jpg,Tom_Ridge
5239.jpg,Tom_Coughlin
5240.jpg,Colin_Powell
5241.jpg,Amanda_Beard
5242.jpg,Wayne_Ferreira
5243.jpg,Colin_Powell
5244.jpg,Colin_Powell
5245.jpg,James_Lockhart
5246.jpg,Hugo_Chavez
5247.jpg,Tom_Koenigs
5248.jpg,Pete_Sampras
5249.jpg,Anne_Cavers
5250.jpg,Alberto_Ruiz_Gallardon
5251.jpg,Robin_McGraw
5252.jpg,Chung_Mong-hun
5253.jpg,Catherine_Deneuve
5254.jpg,Justine_Pasek
5255.jpg,058_frontal
5256.jpg,David_Dorfman
5257.jpg,Juanes
5258.jpg,Michael_Kahn
5259.jpg,Milton_Berle
5260.jpg,Manfred_Stolpe
5261.jpg,048_frontal
5262.jpg,Ryan_Goodman
5263.jpg,Eli_Rosenbaum
5264.jpg,Heidi_Fleiss
5265.jpg,Eric_Hinske
5266.jpg,Salma_Hayek
5267.jpg,Li_Peng
5268.jpg,Cabas
5269.jpg,Michael_Chang
5270.jpg,Ricardo_Lopez_Murphy
5271.jpg,Hamid_Karzai
5272.jpg,Tim_Floyd
5273.jpg,Dick_Latessa
5274.jpg,Hamid_Karzai
5275.jpg,Jacqueline_Gold
5276.jpg,Shoshannah_Stern
5277.jpg,Hamid_Karzai
5278.jpg,Pascal_Rheaume
5279.jpg,Kofi_Annan
5280.jpg,Colin_Powell
5281.jpg,Hugo_Chavez
5282.jpg,Asif_Ali_Zardari
5283.jpg,Lili_Marinho
5284.jpg,Rick_Bragg
5285.jpg,Hugo_Chavez
5286.jpg,Luis_Gonzalez_Macchi
5287.jpg,Bill_Pryor
5288.jpg,Colin_Powell
5289.jpg,Hugo_Chavez
5290.jpg,Miguel_Jimenez
5291.jpg,110_frontal
5292.jpg,Hussein_Malik
5293.jpg,Ozzy_Osbourne
5294.jpg,Hugo_Chavez
5295.jpg,Colin_Powell
5296.jpg,Phillip_Fulmer
5297.jpg,Hamid_Karzai
5298.jpg,Colin_Powell
5299.jpg,Kevin_Satterfield
5300.jpg,Paul_Bremer
5301.jpg,Milton_Berle
5302.jpg,Tiger_Woods
5303.jpg,Tiger_Woods
5304.jpg,Shoshannah_Stern
5305.jpg,Martha_Bowen
5306.jpg,Hamid_Karzai
5307.jpg,Andre_Bucher
5308.jpg,Robert_Duvall
5309.jpg,Lennart_Johansson
5310.jpg,Enrique_Bolanos
5311.jpg,Li_Zhaoxing
5312.jpg,Colin_Powell
5313.jpg,Matt_Damon
5314.jpg,Janet_Napolitano
5315.jpg,Ibrahim_Hilal
5316.jpg,Colin_Powell
5317.jpg,Kevin_Spacey
5318.jpg,Colin_Powell
5319.jpg,Colin_Powell
5320.jpg,Jennifer_Keller
5321.jpg,Dave_Odom
5322.jpg,028_frontal
5323.jpg,Frank_Schmoekel
5324.jpg,Natalia_Verbeke
5325.jpg,Sergio_Vieira_De_Mello
5326.jpg,Mariangel_Ruiz_Torrealba
5327.jpg,Jade_Jagger
5328.jpg,Cate_Blanchett
5329.jpg,Tom_Ridge
5330.jpg,Mukesh_Ambani
5331.jpg,Candice_Bergen
5332.jpg,Tom_Glavine
5333.jpg,Maria_Shriver
5334.jpg,Hugo_Chavez
5335.jpg,Ed_Book
5336.jpg,Yoon_Young-kwan
5337.jpg,119_frontal
5338.jpg,Robert_Bullock
5339.jpg,Francois_Pienaar
5340.jpg,Dolly_Parton
5341.jpg,Colin_Powell
5342.jpg,Michael_Chang
5343.jpg,JP_Suarez
5344.jpg,Gregg_Popovich
5345.jpg,Billy_Beane
5346.jpg,Pete_Beaudrault
5347.jpg,John_Bolton
5348.jpg,Paul_Burrell
5349.jpg,Karen_Allen
5350.jpg,Pascal_Rheaume
5351.jpg,Larry_Brown
5352.jpg,Kristin_Davis
5353.jpg,Tiger_Woods
5354.jpg,Gwendal_Peizerat
5355.jpg,Jim_Sterk
5356.jpg,Colin_Powell
5357.jpg,Thaksin_Shinawatra
5358.jpg,Omar_el-Heib
5359.jpg,Sergio_Vieira_De_Mello
5360.jpg,Hun_Sen
5361.jpg,Moshe_Katsav
5362.jpg,William_Burns
5363.jpg,Mike_Johanns
5364.jpg,Kristanna_Loken
5365.jpg,016_frontal
5366.jpg,John_Abizaid
5367.jpg,Pete_Sampras
5368.jpg,Johnny_Benson
5369.jpg,Lucy_Liu
5370.jpg,Juergen_Braehmer
5371.jpg,Jodie_Henry
5372.jpg,Mohammad_Aktar
5373.jpg,Paul_Newman
5374.jpg,Fred_Funk
5375.jpg,Atiabet_Ijan_Amabel
5376.jpg,Hugo_Chavez
5377.jpg,Reese_Witherspoon
5378.jpg,Thomas_OBrien
5379.jpg,John_Abizaid
5380.jpg,Colin_Powell
5381.jpg,Kate_Hudson
5382.jpg,Colin_Powell
5383.jpg,Sophie
5384.jpg,Colin_Powell
5385.jpg,026_frontal
5386.jpg,Jade_Jagger
5387.jpg,Thomas_Fargo
5388.jpg,Lord_Hutton
5389.jpg,Thomas_Fargo
5390.jpg,005_frontal
5391.jpg,Eric_Christian_Olsen
5392.jpg,Carol_Burnett
5393.jpg,Hamid_Karzai
5394.jpg,Anthony_Pisciotti
5395.jpg,James_Blake
5396.jpg,Colin_Powell
5397.jpg,Michael_Chang
5398.jpg,Colin_Powell
5399.jpg,Antonio_Palocci
5400.jpg,Hugo_Chavez
5401.jpg,Conchita_Martinez
5402.jpg,Lucy_Liu
5403.jpg,Tim_Curry
5404.jpg,Bob_Stoops
5405.jpg,Luis_Gonzalez_Macchi
5406.jpg,Larry_Ellison
5407.jpg,Hugo_Chavez
5408.jpg,Dick_Smothers
5409.jpg,Catherine_Deneuve
5410.jpg,William_Webster
5411.jpg,Ana_Palacio
5412.jpg,Al_Gore
5413.jpg,Joe_Calzaghe
5414.jpg,Jose_Manuel_Durao_Barroso
5415.jpg,Gary_Williams
5416.jpg,Roger_Clemens
5417.jpg,Justine_Pasek
5418.jpg,Ellen_Pompeo
5419.jpg,Angie_Martinez
5420.jpg,Stanley_McChrystal
5421.jpg,Mickey_Gilley
5422.jpg,Jay_Garner
5423.jpg,Jean-Pierre_Raffarin
5424.jpg,Salma_Hayek
5425.jpg,Maria_Shriver
5426.jpg,Colin_Powell
5427.jpg,Larry_Ellison
5428.jpg,Ben_Glisan
5429.jpg,Babe_Ruth
5430.jpg,Jon_Gruden
5431.jpg,Tony_Curtis
5432.jpg,John_Kerry
5433.jpg,Hugo_Chavez
5434.jpg,Reese_Witherspoon
5435.jpg,Bob_Riley
5436.jpg,Eliza_Manningham-Buller
5437.jpg,Guy_Ritchie
5438.jpg,Harrison_Ford
5439.jpg,Colin_Powell
5440.jpg,Mehmet_Ali_Sahin
5441.jpg,Billy_Tibbets
5442.jpg,David_Kelly
5443.jpg,Karl-Heinz_Rummenigge
5444.jpg,Prince_Claus
5445.jpg,Colin_Powell
5446.jpg,Naomi_Watts
5447.jpg,Troy_Aikman
5448.jpg,Juan_Ignacio_Chela
5449.jpg,Melinda_Czink
5450.jpg,Johnny_Depp
5451.jpg,Charlton_Heston
5452.jpg,Yogi_Berra
5453.jpg,Pedro_Malan
5454.jpg,Hugo_Chavez
5455.jpg,Joe_Mantello
5456.jpg,Hugh_Campbell
5457.jpg,Benjamin_Netanyahu
5458.jpg,Hugo_Chavez
5459.jpg,Colin_Powell
5460.jpg,Jacqueline_Obradors
5461.jpg,Jesse_James_Leija
5462.jpg,Garry_Kasparov
5463.jpg,Benjamin_Netanyahu
5464.jpg,Al_Gore
5465.jpg,Hugo_Chavez
5466.jpg,Annette_Bening
5467.jpg,Marc_Bulger
5468.jpg,Christine_Gregoire
5469.jpg,Candice_Bergen
5470.jpg,Elizabeth_Hurley
5471.jpg,Brandon_Robinson
5472.jpg,Manuela_Montebrun
5473.jpg,Allen_Iverson
5474.jpg,Reese_Witherspoon
5475.jpg,Hugo_Chavez
5476.jpg,Dave_Robertson
5477.jpg,Hugo_Chavez
5478.jpg,Mariah_Carey
5479.jpg,Nestor_Gonzalez
5480.jpg,094_frontal
5481.jpg,Greg_Rusedski
5482.jpg,Sandra_Banning
5483.jpg,002_frontal
5484.jpg,Daja_Bedanova
5485.jpg,025_frontal
5486.jpg,Lin_Yung_Hsi
5487.jpg,Al_Gore
5488.jpg,Kenneth_Branagh
5489.jpg,Cynthia_Rowley
5490.jpg,Moby
5491.jpg,Colin_Powell
5492.jpg,Andrea_Yates
5493.jpg,Wen_Jiabao
5494.jpg,James_Carville
5495.jpg,020_frontal
5496.jpg,Michel_Temer
5497.jpg,Ben_Glisan
5498.jpg,Carson_Palmer
5499.jpg,John_Kerry
5500.jpg,Russell_Crowe
5501.jpg,Yang_Jianli
5502.jpg,Paul_Bremer
5503.jpg,Padraig_Harrington
5504.jpg,David_Modell
5505.jpg,Begum_Khaleda_Zia
5506.jpg,Milan_Kucan
5507.jpg,Pedro_Solbes
5508.jpg,Michael_Chang
5509.jpg,Darryl_Stingley
5510.jpg,Ed_Case
5511.jpg,Ciro_Gomes
5512.jpg,Colin_Powell
5513.jpg,Brendan_Hansen
5514.jpg,Jane_Krakowski
5515.jpg,Joe_Cocker
5516.jpg,Mohammed_Abu_Sharia
5517.jpg,Bob_Guccione
5518.jpg,Bill_Readdy
5519.jpg,Mary_Descenza
5520.jpg,John_Kerry
5521.jpg,Antonio_Palocci
5522.jpg,Roger_Clemens
5523.jpg,Oswaldo_Paya
5524.jpg,Colin_Powell
5525.jpg,Jason_Priestley
5526.jpg,Kristin_Scott
5527.jpg,Thomas_OBrien
5528.jpg,William_Webster
5529.jpg,Masja_Juel
5530.jpg,Sean_Patrick_OMalley
5531.jpg,Pete_Sampras
5532.jpg,Hugo_Conte
5533.jpg,Bulent_Ecevit
5534.jpg,Robert_Bullock
5535.jpg,055_frontal
5536.jpg,Larry_Ellison
5537.jpg,Juergen_Braehmer
5538.jpg,Colin_Powell
5539.jpg,Millicent_Martin
5540.jpg,Pete_Sampras
5541.jpg,Tom_Cruise
5542.jpg,Jim_Carrey
5543.jpg,Greg_Rusedski
5544.jpg,Colin_Powell
5545.jpg,Paul_Burrell
5546.jpg,Aaron_Guiel
5547.jpg,Steve_Blake
5548.jpg,Colin_Powell
5549.jpg,Bulent_Ecevit
5550.jpg,Kevin_Spacey
5551.jpg,Jeff_George
5552.jpg,Eli_Broad
5553.jpg,Habib_Rizieq
5554.jpg,Stephen_Glassroth
5555.jpg,Sophie
5556.jpg,Rita_Moreno
5557.jpg,Cameron_Diaz
5558.jpg,Hanan_Ashrawi
5559.jpg,Timbul_Silaen
5560.jpg,Frank_Lautenberg
5561.jpg,Gary_Marshall
5562.jpg,Hamid_Karzai
5563.jpg,Dusty_Baker
5564.jpg,Colin_Powell
5565.jpg,Mike_Sweeney
5566.jpg,Li_Peng
5567.jpg,Lindsay_Benko
5568.jpg,Colin_Powell
5569.jpg,Charles_Richardson
5570.jpg,Michel_Temer
5571.jpg,Hugo_Chavez
5572.jpg,Hugo_Chavez
5573.jpg,Jon_Gruden
5574.jpg,Scott_Wallach
5575.jpg,007_frontal
5576.jpg,Colin_Powell
5577.jpg,Jay_Garner
5578.jpg,Pete_Sampras
5579.jpg,Rick_Bragg
5580.jpg,Candice_Bergen
5581.jpg,Chris_Cirino
5582.jpg,Colin_Powell
5583.jpg,Craig_David
5584.jpg,Steve_Mariucci
5585.jpg,Colin_Powell
5586.jpg,Dean_Barkley
5587.jpg,Tony_Stewart
5588.jpg,Din_Samsudin
5589.jpg,Angel_Lockward
5590.jpg,Lindy_Ruff
5591.jpg,Barbara_Brezigar
5592.jpg,042_frontal
5593.jpg,James_Parker
5594.jpg,Caroline_Kennedy
5595.jpg,Ana_Palacio
5596.jpg,Marina_Anissina
5597.jpg,Melana_Scantlin
5598.jpg,Jaromir_Jagr
5599.jpg,Warren_Beatty
5600.jpg,Sophie
5601.jpg,Douglas_Paal
5602.jpg,Valery_Giscard_dEstaing
5603.jpg,Colin_Powell
5604.jpg,Tom_Cruise
5605.jpg,Colin_Powell
5606.jpg,Thomas_Fargo
5607.jpg,Will_Ferrell
5608.jpg,Salma_Hayek
5609.jpg,Colin_Powell
5610.jpg,Tom_Hanks
5611.jpg,Bob_Stoops
5612.jpg,Benjamin_Netanyahu
5613.jpg,Daniel_Barenboim
5614.jpg,Anthony_Lee_Johnson
5615.jpg,Colin_Powell
5616.jpg,Oswaldo_Paya
5617.jpg,Michael_Leavitt
5618.jpg,Jacqueline_Gold
5619.jpg,Derek_Jeter
5620.jpg,Kate_Hudson
5621.jpg,James_Blake
5622.jpg,Denise_Johnson
5623.jpg,Colin_Powell
5624.jpg,Strom_Thurmond
5625.jpg,Karin_Stoiber
5626.jpg,095_frontal
5627.jpg,Cate_Blanchett
5628.jpg,Larry_Coker
5629.jpg,Alexandre_Vinokourov
5630.jpg,Rita_Moreno
5631.jpg,Rodney_Dangerfield
5632.jpg,Sergio_Vieira_De_Mello
5633.jpg,Paris_Hilton
5634.jpg,Russell_Crowe
5635.jpg,Wen_Jiabao
5636.jpg,Isabelle_Huppert
5637.jpg,Dick_Posthumus
5638.jpg,Hamid_Karzai
5639.jpg,Daniel_Darnell
5640.jpg,Colin_Powell
5641.jpg,Dan_Wheldon
5642.jpg,Mark_Warner
5643.jpg,Rick_Romley
5644.jpg,Jon_Gruden
5645.jpg,066_frontal
5646.jpg,John_Kerry
5647.jpg,Habib_Rizieq
5648.jpg,Colin_Powell
5649.jpg,Wen_Jiabao
5650.jpg,Elizabeth_Taylor
5651.jpg,Larry_Brown
5652.jpg,Wayne_Ferreira
5653.jpg,John_Edwards
5654.jpg,Pete_Sampras
5655.jpg,Hugo_Chavez
5656.jpg,Seymour_Cassell
5657.jpg,Milo_Maestrecampo
5658.jpg,Li_Peng
5659.jpg,Hugo_Chavez
5660.jpg,Ciro_Gomes
5661.jpg,Sandra_Banning
5662.jpg,Sean_Astin
5663.jpg,Jay_Garner
5664.jpg,Benjamin_Netanyahu
5665.jpg,John_Kerry
5666.jpg,Colin_Powell
5667.jpg,086_frontal
5668.jpg,Marian_Dolan
5669.jpg,Steve_Phillips
5670.jpg,Pedro_Solbes
5671.jpg,Oswaldo_Paya
5672.jpg,Laurie_Hobbs
5673.jpg,Tom_Cruise
5674.jpg,Kate_Hudson
5675.jpg,Sophia_Loren
5676.jpg,Sophia_Loren
5677.jpg,090_frontal
5678.jpg,Bill_Readdy
5679.jpg,Jerry_Sexton
5680.jpg,050_frontal
5681.jpg,Kofi_Annan
5682.jpg,Ilan_Ramon
5683.jpg,Roy_Blunt
5684.jpg,Mike_Holmgren
5685.jpg,John_Bolton
5686.jpg,Cameron_Diaz
5687.jpg,Nadine_Vinzens
5688.jpg,Kevin_Gil
5689.jpg,122_frontal
5690.jpg,Peter_Fisher
5691.jpg,Hamid_Karzai
5692.jpg,Monica_Serra
5693.jpg,Colin_Powell
5694.jpg,030_frontal
5695.jpg,Colin_Powell
5696.jpg,John_Bolton
5697.jpg,Oprah_Winfrey
5698.jpg,Rick_Santorum
5699.jpg,Hugo_Chavez
5700.jpg,Jim_Harrick
5701.jpg,Roger_King
5702.jpg,Carolyn_Dawn_Johnson
5703.jpg,Ian_Wilmut
5704.jpg,Valery_Giscard_dEstaing
5705.jpg,Hans_Leistritz
5706.jpg,Tom_Hanks
5707.jpg,118_frontal
5708.jpg,Pete_Sampras
5709.jpg,Jeannette_Biedermann
5710.jpg,Paul_Bremer
5711.jpg,093_frontal
5712.jpg,Colin_Powell
5713.jpg,Hugo_Chavez
5714.jpg,Sophia_Loren
5715.jpg,Colin_Powell
5716.jpg,Kate_Hudson
5717.jpg,Martha_Burk
5718.jpg,Sergio_Vieira_De_Mello
5719.jpg,Colin_Powell
5720.jpg,Tom_Ridge
5721.jpg,Tom_Miller
5722.jpg,Tom_Ridge
5723.jpg,Khaled_Sawalhi
5724.jpg,Jose_Theodore
5725.jpg,Ibrahim_Hilal
5726.jpg,Manuela_Montebrun
5727.jpg,Claudia_Coslovich
5728.jpg,Li_Peng
5729.jpg,Denise_Johnson
5730.jpg,Jose_Lina
5731.jpg,Wen_Jiabao
5732.jpg,Bryan_Adams
5733.jpg,Robert_Duvall
5734.jpg,Sophia_Loren
5735.jpg,Colin_Powell
5736.jpg,Jose_Lina
5737.jpg,Peter_Harvey
5738.jpg,Sureyya_Ayhan
5739.jpg,Justine_Pasek
5740.jpg,Kofi_Annan
5741.jpg,Joe_Plumeri
5742.jpg,Benjamin_Netanyahu
5743.jpg,Hidetoshi_Nakata
5744.jpg,Donna_Walker
5745.jpg,Candice_Bergen
5746.jpg,Mukesh_Ambani
5747.jpg,Paul_Bremer
5748.jpg,Peter_Greenaway
5749.jpg,Paul_Burrell
5750.jpg,Jolanta_Kwasniewski
5751.jpg,Valerie_Harper
5752.jpg,Lin_Yung_Hsi
5753.jpg,John_Philip_Elkann
5754.jpg,Ignatius_Wang
5755.jpg,076_frontal
5756.jpg,Begum_Khaleda_Zia
5757.jpg,Ali_Khamenei
5758.jpg,067_frontal
5759.jpg,Paul_Bremer
5760.jpg,Ilan_Ramon
5761.jpg,Kiki_Vandeweghe
5762.jpg,Wayne_Ferreira
5763.jpg,Greg_Rusedski
5764.jpg,Wen_Jiabao
5765.jpg,John_Bolton
5766.jpg,Colin_Powell
5767.jpg,Maureen_Fanning
5768.jpg,Elgin_Baylor
5769.jpg,Colin_Powell
5770.jpg,Colin_Powell
5771.jpg,Janet_Napolitano
5772.jpg,Jeong_Se-hyun
5773.jpg,Dolly_Parton
5774.jpg,Jacqueline_Obradors
5775.jpg,051_frontal
5776.jpg,Kofi_Annan
5777.jpg,Kofi_Annan
5778.jpg,Brendan_Hansen
5779.jpg,Tommy_Shane_Steiner
5780.jpg,Colin_Powell
5781.jpg,Colin_Powell
5782.jpg,Diane_Lane
5783.jpg,Daniel_Radcliffe
5784.jpg,David_Kelly
5785.jpg,Mohammed_Ashraf_Hafiz
5786.jpg,Moshe_Katsav
5787.jpg,Hugo_Chavez
5788.jpg,John_Bolton
5789.jpg,TA_McLendon
5790.jpg,Sophia_Loren
5791.jpg,Eric_Ryan_Donnelly
5792.jpg,Tiger_Woods
5793.jpg,Colin_Powell
5794.jpg,Patricia_Heaton
5795.jpg,Mario_Puzo
5796.jpg,015_frontal
5797.jpg,Michael_Moore
5798.jpg,Russell_Crowe
5799.jpg,Bill_Fennelly
5800.jpg,John_Kerry
5801.jpg,Lin_Yung_Hsi
5802.jpg,Gregg_Popovich
5803.jpg,Jeanne_Moreau
5804.jpg,Antonio_Palocci
5805.jpg,Wen_Jiabao
5806.jpg,Jennifer_Furminger
5807.jpg,Jay_Garner
5808.jpg,Hugo_Chavez
5809.jpg,Dan_Wheldon
5810.jpg,John_Kerry
5811.jpg,Jessica_Brungo
5812.jpg,Jay_Garner
5813.jpg,Al_Gore
5814.jpg,Darryl_Stingley
5815.jpg,Jeffrey_Ashby
5816.jpg,Sandra_Banning
5817.jpg,Pete_Sampras
5818.jpg,Tom_Ridge
5819.jpg,Yang_Jianli
5820.jpg,Celso_Lafer
5821.jpg,Jay_Garner
5822.jpg,Sophia_Loren
5823.jpg,004_frontal
5824.jpg,Tom_Ridge
5825.jpg,James_Blake
5826.jpg,E_Clay_Shaw
5827.jpg,Rick_Bland
5828.jpg,Asif_Ali_Zardari
5829.jpg,Valerie_Harper
5830.jpg,Billy_Gilman
5831.jpg,072_frontal
5832.jpg,Tiger_Woods
5833.jpg,Hussein_Malik
5834.jpg,117_frontal
5835.jpg,Derek_Jeter
5836.jpg,Ray_Allen
5837.jpg,Eva_Mendes
5838.jpg,JP_Suarez
5839.jpg,Ismail_Cem
5840.jpg,Larry_Ralston
5841.jpg,Sophia_Loren
5842.jpg,Mariah_Carey
5843.jpg,Habib_Rizieq
5844.jpg,Atsushi_Sato
5845.jpg,Paul_Burrell
5846.jpg,Bob_Stoops
5847.jpg,Manfred_Stolpe
5848.jpg,Tom_Hanks
5849.jpg,Hamid_Karzai
5850.jpg,Jennifer_Keller
5851.jpg,Sergio_Vieira_De_Mello
5852.jpg,Derrick_Battie
5853.jpg,Tom_Ridge
5854.jpg,Sophia_Loren
5855.jpg,Sophia_Loren
5856.jpg,Robby_Ginepri
5857.jpg,Dave_Robertson
5858.jpg,Colin_Powell
5859.jpg,Tom_Hanks
5860.jpg,Candice_Bergen
5861.jpg,Brad_Gushue
5862.jpg,Hugo_Chavez
5863.jpg,Colin_Powell
5864.jpg,Guillermo_Ruiz_Polanco
5865.jpg,Tiger_Woods
5866.jpg,Colin_Powell
5867.jpg,Colin_Powell
5868.jpg,Maria_Shriver
5869.jpg,087_frontal
5870.jpg,Chea_Sophara
5871.jpg,Maureen_Fanning
5872.jpg,Sue_Grafton
5873.jpg,Kate_Hudson
5874.jpg,Jake_Gyllenhaal
5875.jpg,Columba_Bush
5876.jpg,Milo_Maestrecampo
5877.jpg,Lucy_Liu
5878.jpg,Hamid_Karzai
5879.jpg,014_frontal
5880.jpg,Maurice_Strong
5881.jpg,Paul_Li_Calsi
5882.jpg,Ibrahim_Hilal
5883.jpg,Robert_Duvall
5884.jpg,Kelli_White
5885.jpg,Federico_Trillo
5886.jpg,Carol_Burnett
5887.jpg,Elizabeth_Hurley
5888.jpg,Patricia_Hearst
5889.jpg,Tom_Ridge
5890.jpg,Shannon_OBrien
5891.jpg,Jeong_Se-hyun
5892.jpg,Naomi_Watts
5893.jpg,Colin_Powell
5894.jpg,Tom_Ridge
5895.jpg,Lawrence_Di_Rita
5896.jpg,Daniel_Radcliffe
5897.jpg,Margie_Puente
5898.jpg,Alexandra_Spann
5899.jpg,Colin_Powell
5900.jpg,Jacqueline_Gold
5901.jpg,107_frontal
5902.jpg,Hugo_Chavez
5903.jpg,Mary_Sue_Coleman
5904.jpg,060_frontal
5905.jpg,Teresa_Williams
5906.jpg,Tom_Hanks
5907.jpg,Colin_Powell
5908.jpg,Hugo_Chavez
5909.jpg,Colin_Powell
5910.jpg,Alan_Ball
5911.jpg,Roberto_Carlos
5912.jpg,Kevin_James
5913.jpg,Peter_Shaw
5914.jpg,Katrin_Susi
5915.jpg,Mitchell_McLaughlin
5916.jpg,Oprah_Winfrey
5917.jpg,Tom_Ridge
5918.jpg,Hugo_Chavez
5919.jpg,James_Blake
5920.jpg,Jake_Gyllenhaal
5921.jpg,Pedro_Malan
5922.jpg,098_frontal
5923.jpg,Milton_Berle
5924.jpg,Colin_Powell
5925.jpg,Colin_Powell
5926.jpg,Colin_Powell
5927.jpg,Jeremy_Shockey
5928.jpg,Natalia_Vodonova
5929.jpg,Shoshannah_Stern
5930.jpg,Colin_Powell
5931.jpg,068_frontal
5932.jpg,045_frontal
5933.jpg,Jacqueline_Obradors
5934.jpg,Ghassan_Elashi
5935.jpg,Tony_Curtis
5936.jpg,Keith_Tyson
5937.jpg,Reese_Witherspoon
5938.jpg,Tiger_Woods
5939.jpg,Padraig_Harrington
5940.jpg,Daniel_Barenboim
5941.jpg,Tom_Hanks
5942.jpg,Bulent_Ecevit
5943.jpg,Lin_Yung_Hsi
5944.jpg,James_Parker
5945.jpg,Edina_Batar
5946.jpg,Tony_Stewart
5947.jpg,Martin_Brodeur
5948.jpg,Chuck_Eidson
5949.jpg,Paul_William_Hurley
5950.jpg,Ciro_Gomes
5951.jpg,Colin_Powell
5952.jpg,Hugo_Conte
5953.jpg,Malcolm_Glazer
5954.jpg,Carson_Palmer
5955.jpg,Hugo_Chavez
5956.jpg,068_frontal
5957.jpg,Colin_Powell
5958.jpg,Tom_Ridge
5959.jpg,Thomas_OBrien
5960.jpg,Wu_Yi
5961.jpg,Frank_Lautenberg
5962.jpg,Hermando_Harton
5963.jpg,Federico_Trillo
5964.jpg,Colin_Powell
5965.jpg,Colin_Powell
5966.jpg,Oscar_De_La_Hoya
5967.jpg,Maryn_McKenna
5968.jpg,Jon_Gruden
5969.jpg,Larry_Brown
5970.jpg,Guillermo_Ruiz_Polanco
5971.jpg,Colin_Powell
5972.jpg,Billy_Sollie
5973.jpg,Colin_Powell
5974.jpg,Queen_Beatrix
5975.jpg,Robert_Ehrlich
5976.jpg,John_Nash
5977.jpg,Slobodan_Milosevic
5978.jpg,Kate_Hudson
5979.jpg,Eric_Wedge
5980.jpg,Alejandro_Atchugarry
5981.jpg,Gong_Li
5982.jpg,Pete_Sampras
5983.jpg,Michael_Kirby
5984.jpg,Mark_Andrew
5985.jpg,Hunter_Kemper
5986.jpg,Paul_Bremer
5987.jpg,Edward_Belvin
5988.jpg,Nebojsa_Pavkovic
5989.jpg,Gary_Bettman
5990.jpg,Colin_Powell
5991.jpg,Caroline_Kennedy
5992.jpg,081_frontal
5993.jpg,Jose_Lopez_Beltran
5994.jpg,Debra_Brown
5995.jpg,Christian_Longo
5996.jpg,Colin_Powell
5997.jpg,Stephen_Thompson
5998.jpg,Tom_Ridge
5999.jpg,072_frontal
6000.jpg,John_Abizaid
6001.jpg,Jerry_Regier
6002.jpg,Hugo_Chavez
6003.jpg,Maria_Shriver
6004.jpg,015_frontal
6005.jpg,Shane_Mosley
6006.jpg,Colin_Powell
6007.jpg,Gary_Marshall
6008.jpg,Li_Zhaoxing
6009.jpg,Jacqueline_Obradors
6010.jpg,Harrison_Ford
6011.jpg,Colin_Powell
6012.jpg,Ibrahim_Hilal
6013.jpg,Valentino_Rossi
6014.jpg,Tom_Ridge
6015.jpg,Jon_Gruden
6016.jpg,Martha_Burk
6017.jpg,Naomi_Watts
6018.jpg,Paul_Burrell
6019.jpg,Kiki_Vandeweghe
6020.jpg,Jose_Manuel_Durao_Barroso
6021.jpg,Sue_Wicks
6022.jpg,Cemil_Cicek
6023.jpg,Colin_Powell
6024.jpg,John_Bolton
6025.jpg,Tom_Lantos
6026.jpg,Hugo_Chavez
6027.jpg,Millicent_Martin
6028.jpg,Tony_Stewart
6029.jpg,Tino_Martinez
6030.jpg,Li_Peng
6031.jpg,Troy_Aikman
6032.jpg,Michael_Moore
6033.jpg,Hun_Sen
6034.jpg,Mikulas_Dzurinda
6035.jpg,Melissa_Manchester
6036.jpg,Colin_Powell
6037.jpg,Leander_Paes
6038.jpg,Naomi_Watts
6039.jpg,060_frontal
6040.jpg,Luis_Gonzalez_Macchi
6041.jpg,Jerry_Regier
6042.jpg,Allison_Searing
6043.jpg,Kofi_Annan
6044.jpg,Princess_Anne
6045.jpg,Patricia_Heaton
6046.jpg,071_frontal
6047.jpg,Li_Changchun
6048.jpg,067_frontal
6049.jpg,Larry_Brown
6050.jpg,117_frontal
6051.jpg,Kate_Hudson
6052.jpg,Carson_Palmer
6053.jpg,Maritza_Macias_Furano
6054.jpg,Gary_Marshall
6055.jpg,George_Blaney
6056.jpg,Orlando_Bloom
6057.jpg,Marcelo_Bielsa
6058.jpg,Anna_Chicherova
6059.jpg,017_frontal
6060.jpg,Roberto_Carlos
6061.jpg,Lloyd_Mudiwa
6062.jpg,John_Kerry
6063.jpg,Leandrinho_Barbosa
6064.jpg,Colin_Powell
6065.jpg,Cristian_Barros
6066.jpg,Melissa_Manchester
6067.jpg,Kofi_Annan
6068.jpg,Colin_Powell
6069.jpg,Pete_Sampras
6070.jpg,Larry_Coker
6071.jpg,Cameron_Diaz
6072.jpg,Hamid_Karzai
6073.jpg,Colin_Powell
6074.jpg,Ana_Palacio
6075.jpg,Laura_Marlow
6076.jpg,Hugo_Chavez
6077.jpg,Hrithik_Roshan
6078.jpg,Maria_Shriver
6079.jpg,Ahmad_Masood
6080.jpg,Carol_Burnett
6081.jpg,Hugo_Chavez
6082.jpg,Colin_Powell
6083.jpg,Takenori_Kanzaki
6084.jpg,Hans_Eichel
6085.jpg,Jim_Paxson
6086.jpg,Michael_Chang
6087.jpg,Bryan_Adams
6088.jpg,Vicente_Fox_de_la_Concha
6089.jpg,Hugo_Chavez
6090.jpg,Colin_Powell
6091.jpg,Pete_Sampras
6092.jpg,Carlos_Savedra
6093.jpg,084_frontal
6094.jpg,Aretha_Franklin
6095.jpg,John_Abizaid
6096.jpg,Ricardo_Lopez_Murphy
6097.jpg,Barbara_Boxer
6098.jpg,Hugo_Chavez
6099.jpg,Lucy_Liu
6100.jpg,Charles_Pickering
6101.jpg,Lutz_Freitag
6102.jpg,Colin_Powell
6103.jpg,Daniele_Hypolito
6104.jpg,Dolly_Parton
6105.jpg,Nestor_Gonzalez
6106.jpg,Colin_Powell
6107.jpg,Peter_Rasch
6108.jpg,Ali_Khamenei
6109.jpg,Colin_Powell
6110.jpg,Fran_Drescher
6111.jpg,Hugo_Chavez
6112.jpg,Michael_Donovan
6113.jpg,065_frontal
6114.jpg,Chris_Rock
6115.jpg,Aaron_Pena
6116.jpg,Anthony_Hopkins
6117.jpg,Janette_Husarova
6118.jpg,Michael_Chang
6119.jpg,Colin_Powell
6120.jpg,Catherine_Deneuve
6121.jpg,Alberto_Fujimori
6122.jpg,Colin_Powell
6123.jpg,113_frontal
6124.jpg,Fernando_Leon_de_Aranoa
6125.jpg,Rosemarie_Stack
6126.jpg,Ilan_Ramon
6127.jpg,Colin_Powell
6128.jpg,Antonio_Palocci
6129.jpg,Takenori_Kanzaki
6130.jpg,Colin_Powell
6131.jpg,Colin_Powell
6132.jpg,Li_Zhaoxing
6133.jpg,028_frontal
6134.jpg,Jim_Ahern
6135.jpg,Mukesh_Ambani
6136.jpg,Tom_Ridge
6137.jpg,Christian_Longo
6138.jpg,Brian_Henson
6139.jpg,Patricia_Heaton
6140.jpg,Hugo_Chavez
6141.jpg,Mohammed_Abu_Sharia
6142.jpg,106_frontal
6143.jpg,Ahmad_Masood
6144.jpg,Tom_Ridge
6145.jpg,Mariangel_Ruiz_Torrealba
6146.jpg,Jennifer_Keller
6147.jpg,Tim_Floyd
6148.jpg,Miguel_Jimenez
6149.jpg,Manfred_Stolpe
6150.jpg,James_Blake
6151.jpg,Greg_Rusedski
6152.jpg,Tiger_Woods
6153.jpg,Hugo_Chavez
6154.jpg,Caroline_Kennedy
6155.jpg,Hamid_Karzai
6156.jpg,LK_Advani
6157.jpg,Paul_Bremer
6158.jpg,Amanda_Beard
6159.jpg,Jesse_James_Leija
6160.jpg,Emily_Mason
6161.jpg,Hugo_Chavez
6162.jpg,Myung_Yang
6163.jpg,Joe_Mantello
6164.jpg,Ralf_Schumacher
6165.jpg,JP_Suarez
6166.jpg,Oswaldo_Paya
6167.jpg,Naomi_Watts
6168.jpg,Colin_Powell
6169.jpg,062_frontal
6170.jpg,Daniel_Chin
6171.jpg,Rick_Romley
6172.jpg,Colin_Powell
6173.jpg,Harrison_Ford
6174.jpg,Alex_Gonzalez
6175.jpg,Nebojsa_Pavkovic
6176.jpg,Harrison_Ford
6177.jpg,Pete_Sampras
6178.jpg,Paul_Burrell
6179.jpg,Barbara_Boxer
6180.jpg,Eric_Vigouroux
6181.jpg,John_Kerry
6182.jpg,John_Bolton
6183.jpg,Jay_Garner
6184.jpg,Kurt_Warner
6185.jpg,Chung_Mong-hun
6186.jpg,050_frontal
6187.jpg,Jim_Harrick
6188.jpg,Colin_Powell
6189.jpg,Tom_Rouen
6190.jpg,Michele_Placido
6191.jpg,Annette_Bening
6192.jpg,022_frontal
6193.jpg,Tiger_Woods
6194.jpg,Justine_Pasek
6195.jpg,Jay_Garner
6196.jpg,Colin_Powell
6197.jpg,Michael_Chang
6198.jpg,Kwon_Young-gil
6199.jpg,Jeff_George
6200.jpg,George_Lopez
6201.jpg,Li_Peng
6202.jpg,Carolyn_Dawn_Johnson
6203.jpg,Rob_Niedermayer
6204.jpg,036_frontal
6205.jpg,Graeme_Smith
6206.jpg,Dennis_Powell
6207.jpg,Ralph_Firman
6208.jpg,Diane_Ladd
6209.jpg,Colin_Powell
6210.jpg,Aleksander_Kwasniewski
6211.jpg,Rob_Niedermayer
6212.jpg,Bob_Geldof
6213.jpg,Princess_Anne
6214.jpg,Kaio_Almeida
6215.jpg,Helio_Castroneves
6216.jpg,Colin_Powell
6217.jpg,Thomas_OBrien
6218.jpg,Hugo_Chavez
6219.jpg,Iran_Brown
6220.jpg,Eric_Vigouroux
6221.jpg,Colin_Powell
6222.jpg,Ron_Dittemore
6223.jpg,Jim_Harrick
6224.jpg,Marina_Anissina
6225.jpg,John_Abizaid
6226.jpg,George_Lopez
6227.jpg,Charlton_Heston
6228.jpg,Garry_Kasparov
6229.jpg,David_Dorfman
6230.jpg,Annette_Bening
6231.jpg,Reginald_Hudlin
6232.jpg,Bryan_Chui
6233.jpg,Richard_Rodriguez
6234.jpg,Lionel_Chalmers
6235.jpg,Elinor_Caplan
6236.jpg,Duane_Lee_Chapman
6237.jpg,Marcos_Daniel_Jimenez
6238.jpg,Penelope_Ann_Miller
6239.jpg,Colin_Powell
6240.jpg,Hugo_Chavez
6241.jpg,Emyr_Jones_Parry
6242.jpg,Paul_William_Hurley
6243.jpg,Nebojsa_Pavkovic
6244.jpg,Carolyn_Dawn_Johnson
6245.jpg,Wen_Jiabao
6246.jpg,Nestor_Gonzalez
6247.jpg,Monica_Seles
6248.jpg,Duane_Lee_Chapman
6249.jpg,Kofi_Annan
6250.jpg,Michael_Kahn
6251.jpg,Penelope_Ann_Miller
6252.jpg,Colin_Powell
6253.jpg,Steve_Phillips
6254.jpg,Wen_Jiabao
6255.jpg,Michael_Moore
6256.jpg,115_frontal
6257.jpg,Orlando_Bloom
6258.jpg,Tom_Ridge
6259.jpg,Thomas_OBrien
6260.jpg,Ilan_Ramon
6261.jpg,Colin_Powell
6262.jpg,Hamid_Karzai
6263.jpg,Luis_Gonzalez_Macchi
6264.jpg,Colin_Powell
6265.jpg,Paul_Bremer
6266.jpg,Hugo_Chavez
6267.jpg,Rob_Niedermayer
6268.jpg,Heidi_Fleiss
6269.jpg,Abdullatif_Sener
6270.jpg,Colin_Powell
6271.jpg,Cameron_Diaz
6272.jpg,Padraig_Harrington
6273.jpg,Annie_Machon
6274.jpg,Daja_Bedanova
6275.jpg,Dave_Williams
6276.jpg,Matthew_Broderick
6277.jpg,Wayne_Ferreira
6278.jpg,Bob_Riley
6279.jpg,Colin_Powell
6280.jpg,John_Mayer
6281.jpg,James_Meredeth
6282.jpg,Charlton_Heston
6283.jpg,Martin_Bandier
6284.jpg,Marcos_Daniel_Jimenez
6285.jpg,Jane_Leeves
6286.jpg,Jennifer_Keller
6287.jpg,Shawn_Bradley
6288.jpg,Oscar_Elias_Biscet
6289.jpg,Gregg_Popovich
6290.jpg,Brad_Gushue
6291.jpg,Alberto_Ruiz_Gallardon
6292.jpg,Lili_Marinho
6293.jpg,Kristin_Davis
6294.jpg,Naomi_Watts
6295.jpg,Paul_Burrell
6296.jpg,Tom_Ridge
6297.jpg,Raymond_Arthurs
6298.jpg,Tom_Welch
6299.jpg,Karin_Stoiber
6300.jpg,109_frontal
6301.jpg,Hugo_Chavez
6302.jpg,036_frontal
6303.jpg,Anthony_Pisciotti
6304.jpg,John_Bolton
6305.jpg,Colin_Powell
6306.jpg,Tom_Hanks
6307.jpg,Monica_Seles
6308.jpg,Karen_Allen
6309.jpg,James_Butts
6310.jpg,Nadine_Vinzens
6311.jpg,Colin_Powell
6312.jpg,Ray_Liotta
6313.jpg,Billy_Beane
6314.jpg,Colleen_Ryan
6315.jpg,Alejandro_Atchugarry
6316.jpg,Peter_Shaw
6317.jpg,Tammy_Helm
6318.jpg,Larry_Brown
6319.jpg,Tiger_Woods
6320.jpg,Emanuel_Ginobili
6321.jpg,Michel_Temer
6322.jpg,Alberto_Fujimori
6323.jpg,Tom_Cruise
6324.jpg,Nick_Nolte
6325.jpg,Colin_Powell
6326.jpg,Scott_McNealy
6327.jpg,Kevin_Spacey
6328.jpg,Francisco_Flores
6329.jpg,Babe_Ruth
6330.jpg,Chip_Ganassi
6331.jpg,Ascencion_Barajas
6332.jpg,Colin_Powell
6333.jpg,Rodrigo_de_la_Cerna
6334.jpg,Geovani_Lapentti
6335.jpg,Wen_Jiabao
6336.jpg,Oscar_De_La_Hoya
6337.jpg,Suzanne_Mubarak
6338.jpg,Hugo_Chavez
6339.jpg,Hugo_Chavez
6340.jpg,Reese_Witherspoon
6341.jpg,Jose_Cevallos
6342.jpg,Naomi_Watts
6343.jpg,Miranda_Gaddis
6344.jpg,Gary_Locke
6345.jpg,Andrea_Yates
6346.jpg,Habib_Rizieq
6347.jpg,Pat_Burns
6348.jpg,Pete_Sampras
6349.jpg,Scott_Weiland
6350.jpg,Colin_Powell
6351.jpg,James_Mathis
6352.jpg,Ren_Qingjin
6353.jpg,Tom_Coughlin
6354.jpg,Salma_Hayek
6355.jpg,114_frontal
6356.jpg,Colin_Powell
6357.jpg,Colin_Powell
6358.jpg,Andy_Griffith
6359.jpg,Alexandre_Vinokourov
6360.jpg,Dion_Glover
6361.jpg,Eric_Christian_Olsen
6362.jpg,Robert_Beck
6363.jpg,112_frontal
6364.jpg,Hugo_Chavez
6365.jpg,Charlene_Barshefsky
6366.jpg,031_frontal
6367.jpg,Colin_Powell
6368.jpg,Colin_Powell
6369.jpg,Al_Gore
6370.jpg,John_Banko
6371.jpg,Aaron_Patterson
6372.jpg,John_Abizaid
6373.jpg,Lucy_Liu
6374.jpg,George_Blaney
6375.jpg,Habib_Rizieq
6376.jpg,009_frontal
6377.jpg,Wen_Jiabao
6378.jpg,Duane_Lee_Chapman
6379.jpg,Marc_Leger
6380.jpg,Colin_Powell
6381.jpg,Kenneth_Branagh
6382.jpg,Rita_Moreno
6383.jpg,Robert_Duvall
6384.jpg,Donald_Pettit
6385.jpg,Kenneth_Branagh
6386.jpg,Gennifer_Flowers
6387.jpg,Scott_McNealy
6388.jpg,Oswaldo_Paya
6389.jpg,Monica_Seles
6390.jpg,Colin_Powell
6391.jpg,Tiger_Woods
6392.jpg,Alexandre_Vinokourov
6393.jpg,Peter_Mugyeni
6394.jpg,Edgar_Savisaar
6395.jpg,Mike_Holmgren
6396.jpg,Oswaldo_Paya
6397.jpg,Monica_Serra
6398.jpg,Kurt_Warner
6399.jpg,Colin_Powell
6400.jpg,Vanessa_Williams
6401.jpg,Dany_Heatley
6402.jpg,Patricia_Heaton
6403.jpg,Kelli_White
6404.jpg,Colin_Powell
6405.jpg,John_Kerry
6406.jpg,Jose_Theodore
6407.jpg,Mary_Matalin
6408.jpg,Maria_Shriver
6409.jpg,Fred_Funk
6410.jpg,078_frontal
6411.jpg,Francisco_Flores
6412.jpg,Wu_Yi
6413.jpg,Colin_Powell
6414.jpg,Thomas_Fargo
6415.jpg,Tom_Ridge
6416.jpg,Colin_Powell
6417.jpg,Colin_Powell
6418.jpg,Abdul_Majeed_Shobokshi
6419.jpg,Colin_Powell
6420.jpg,Colin_Powell
6421.jpg,070_frontal
6422.jpg,Hermando_Harton
6423.jpg,Jamie_Villafane
6424.jpg,Aaron_Peirsol
6425.jpg,Jean-Pierre_Raffarin
6426.jpg,Conchita_Martinez
6427.jpg,Sean_Astin
6428.jpg,Daja_Bedanova
6429.jpg,Greg_Rusedski
6430.jpg,James_Hoffa
6431.jpg,Colin_Powell
6432.jpg,Aaron_Patterson
6433.jpg,Rogerio_Romero
6434.jpg,Kate_Starbird
6435.jpg,Jon_Gruden
6436.jpg,Colin_Powell
6437.jpg,Jake_Gyllenhaal
6438.jpg,Alfredo_Pena
6439.jpg,Rob_Moore
6440.jpg,Suzanne_Haik_Terrell
6441.jpg,Gregorio_Honasan
6442.jpg,David_Tornberg
6443.jpg,Jeremy_Shockey
6444.jpg,Isaiah_Washington
6445.jpg,John_Edwards
6446.jpg,Alexis_Bledel
6447.jpg,Stephen_Glassroth
6448.jpg,Pete_Sampras
6449.jpg,Sean_Astin
6450.jpg,Colin_Powell
6451.jpg,Robert_Duvall
6452.jpg,Dolly_Parton
6453.jpg,Rick_Romley
6454.jpg,Rick_Santorum
6455.jpg,025_frontal
6456.jpg,Wayne_Ferreira
6457.jpg,Kate_Hudson
6458.jpg,Colin_Powell
6459.jpg,Annie_Machon
6460.jpg,Hugo_Chavez
6461.jpg,Paul_Bremer
6462.jpg,Fran_Drescher
6463.jpg,034_frontal
6464.jpg,Harrison_Ford
6465.jpg,Ed_Book
6466.jpg,Wan_Yanhai
6467.jpg,Tom_Ridge
6468.jpg,Peter_Bacanovic
6469.jpg,Leslie_Wiser_Jr
6470.jpg,Alberto_Ruiz_Gallardon
6471.jpg,LK_Advani
6472.jpg,Sean_Patrick_OMalley
6473.jpg,Lucy_Liu
6474.jpg,Klaus_Zwickel
6475.jpg,Martha_Burk
6476.jpg,Hugo_Chavez
6477.jpg,Colin_Powell
6478.jpg,Roger_Mahony
6479.jpg,Duane_Lee_Chapman
6480.jpg,Hugo_Chavez
6481.jpg,Ai_Sugiyama
6482.jpg,Derrick_Rodgers
6483.jpg,Moshe_Katsav
6484.jpg,James_Butts
6485.jpg,Thomas_OBrien
6486.jpg,Janet_Napolitano
6487.jpg,Paul_Li_Calsi
6488.jpg,Wen_Jiabao
6489.jpg,Colin_Powell
6490.jpg,Tom_Ridge
6491.jpg,Claudio_Abbado
6492.jpg,Ryan_Goodman
6493.jpg,Amy_Pascal
6494.jpg,Matt_Doherty
6495.jpg,Colin_Powell
6496.jpg,John_Bolton
6497.jpg,Pete_Beaudrault
6498.jpg,Colin_Powell
6499.jpg,Peter_Mullan
6500.jpg,Brock_Berlin
6501.jpg,Carol_Burnett
6502.jpg,Gregg_Popovich
6503.jpg,Lucy_Liu
6504.jpg,Johnny_Benson
6505.jpg,Debra_Brown
6506.jpg,Michael_Chang
6507.jpg,John_Bolton
6508.jpg,Faye_Wong
6509.jpg,Pete_Sampras
6510.jpg,John_Franco
6511.jpg,Colin_Powell
6512.jpg,Colin_Powell
6513.jpg,Colin_Powell
6514.jpg,Faisal_Saleh_Hayat
6515.jpg,Paul_Bremer
6516.jpg,Win_Aung
6517.jpg,Daniele_Hypolito
6518.jpg,Tyler_Grillo
6519.jpg,Colin_Powell
6520.jpg,Elizabeth_Hurley
6521.jpg,Lloyd_Mudiwa
6522.jpg,Karin_Pilsaeter
6523.jpg,103_frontal
6524.jpg,Colin_Powell
6525.jpg,Tony_Stewart
6526.jpg,Tony_Stewart
6527.jpg,Reginald_Hudlin
6528.jpg,George_Lopez
6529.jpg,Cameron_Diaz
6530.jpg,Marwan_Barghouthi
6531.jpg,Monica_Seles
6532.jpg,Roger_King
6533.jpg,Colin_Powell
6534.jpg,Salma_Hayek
6535.jpg,Colin_Powell
6536.jpg,Salma_Hayek
6537.jpg,Tom_Ridge
6538.jpg,Tommy_Tubberville
6539.jpg,Jodie_Henry
6540.jpg,Aparna_Pillai
6541.jpg,Colin_Powell
6542.jpg,Jesse_Helms
6543.jpg,Colin_Powell
6544.jpg,Colin_Powell
6545.jpg,Hugo_Chavez
6546.jpg,John_Abizaid
6547.jpg,Sue_Grafton
6548.jpg,Donald_Trump
6549.jpg,Noer_Moeis
6550.jpg,Ray_Liotta
6551.jpg,Colin_Powell
6552.jpg,Hugo_Chavez
6553.jpg,110_frontal
6554.jpg,Colin_Powell
6555.jpg,Chris_Rock
6556.jpg,Edward_Belvin
6557.jpg,Irwan_Fadzi_Idris
6558.jpg,Francisco_Flores
6559.jpg,Colin_Powell
6560.jpg,Slobodan_Milosevic
6561.jpg,Joerg_Haider
6562.jpg,Hamid_Karzai
6563.jpg,James_Blake
6564.jpg,Larry_Beinfest
6565.jpg,Al_Gore
6566.jpg,John_Bolton
6567.jpg,Garry_McCoy
6568.jpg,Thaksin_Shinawatra
6569.jpg,Raoul_Ruiz
6570.jpg,061_frontal
6571.jpg,Bill_Belichick
6572.jpg,Larry_Anderson
6573.jpg,Begum_Khaleda_Zia
6574.jpg,Phillip_Fulmer
6575.jpg,Colin_Powell
6576.jpg,George_Lopez
6577.jpg,Colin_Powell
6578.jpg,Harrison_Ford
6579.jpg,Kofi_Annan
6580.jpg,David_Przybyszewski
6581.jpg,Bob_Stoops
6582.jpg,Karl-Heinz_Rummenigge
6583.jpg,Karin_Stoiber
6584.jpg,Pete_Sampras
6585.jpg,Elizabeth_Hill
6586.jpg,Colin_Powell
6587.jpg,Cate_Blanchett
6588.jpg,Anthony_Lee_Johnson
6589.jpg,Miyako_Miyazaki
6590.jpg,Rick_Romley
6591.jpg,Colin_Powell
6592.jpg,Maha_Habib
6593.jpg,Naomi_Watts
6594.jpg,Alfredo_Pena
6595.jpg,Wayne_Ferreira
6596.jpg,Drew_Barrymore
6597.jpg,Hugo_Chavez
6598.jpg,Chung_Mong-hun
6599.jpg,Monica_Seles
6600.jpg,Bulent_Ecevit
6601.jpg,James_Blake
6602.jpg,Tiger_Woods
6603.jpg,Colin_Powell
6604.jpg,Lionel_Richie
6605.jpg,Gennifer_Flowers
6606.jpg,Garry_Kasparov
6607.jpg,Hamid_Karzai
6608.jpg,Ciro_Gomes
6609.jpg,Timbul_Silaen
6610.jpg,Warren_Beatty
6611.jpg,Stanley_McChrystal
6612.jpg,Kurt_Warner
6613.jpg,Derrick_Battie
6614.jpg,Ricardo_Lopez_Murphy
6615.jpg,Habib_Rizieq
6616.jpg,Nick_Nolte
6617.jpg,Angel_Lockward
6618.jpg,Juan_Carlos_Ortega
6619.jpg,Mohammad_Aktar
6620.jpg,Kate_Hudson
6621.jpg,John_Paul_DeJoria
6622.jpg,Colin_Powell
6623.jpg,102_frontal
6624.jpg,018_frontal
6625.jpg,Justin_Wilson
6626.jpg,Andre_Bucher
6627.jpg,Queen_Beatrix
6628.jpg,Eric_Hinske
6629.jpg,Adam_Kennedy
6630.jpg,031_frontal
6631.jpg,123_frontal
6632.jpg,Sophie
6633.jpg,Scott_McNealy
6634.jpg,Moshe_Katsav
6635.jpg,Rick_Romley
6636.jpg,Kristanna_Loken
6637.jpg,Ruben_Studdard
6638.jpg,Marcelo_Ebrard
6639.jpg,063_frontal
6640.jpg,Charlie_Hunnam
6641.jpg,Tom_Ridge
6642.jpg,Jean-Pierre_Bemba
6643.jpg,012_frontal
6644.jpg,Oscar_De_La_Hoya
6645.jpg,Jim_Carrey
6646.jpg,Fazal-ur-Rehman
6647.jpg,Paula_Abdul
6648.jpg,Herb_Brooks
6649.jpg,Aiysha_Smith
6650.jpg,Raoul_Ruiz
6651.jpg,Colin_Powell
6652.jpg,Karin_Stoiber
6653.jpg,Connie_Chung
6654.jpg,Dave_Odom
6655.jpg,Larry_Anderson
6656.jpg,Denise_Johnson
6657.jpg,Ruben_Studdard
6658.jpg,Ali_Khamenei
6659.jpg,Steve_Mariucci
6660.jpg,John_Gruden
6661.jpg,Ana_Palacio
6662.jpg,Dion_Glover
6663.jpg,John_Banko
6664.jpg,Colin_Powell
6665.jpg,Alfred_Ford
6666.jpg,Ralf_Schumacher
6667.jpg,Li_Peng
6668.jpg,Malak_Habbak
6669.jpg,Johan_Bruyneel
6670.jpg,Roman_Tam
6671.jpg,Tiger_Woods
6672.jpg,Pete_Sampras
6673.jpg,Jeanne_Moreau
6674.jpg,Norodom_Sihanouk
6675.jpg,Michael_Chang
6676.jpg,Kofi_Annan
6677.jpg,Greg_Rusedski
6678.jpg,Stephen_Thompson
6679.jpg,Tiger_Woods
6680.jpg,Sophia_Loren
6681.jpg,Evie_Lazarou
6682.jpg,Daryl_Smith
6683.jpg,David_Collenette
6684.jpg,Allen_Iverson
6685.jpg,Colin_Powell
6686.jpg,Crispin_Glover
6687.jpg,Malcolm_Glazer
6688.jpg,Cameron_Diaz
6689.jpg,093_frontal
6690.jpg,Gary_Marshall
6691.jpg,Colin_Powell
6692.jpg,Jean-Pierre_Raffarin
6693.jpg,Robert_Bullock
6694.jpg,LK_Advani
6695.jpg,Oscar_De_La_Hoya
6696.jpg,Naomi_Watts
6697.jpg,Colin_Powell
6698.jpg,093_frontal
6699.jpg,Roger_King
6700.jpg,Eric_Wedge
6701.jpg,Faisal_Saleh_Hayat
6702.jpg,Colin_Powell
6703.jpg,Pedro_Solbes
6704.jpg,Harrison_Ford
6705.jpg,John_Bolton
6706.jpg,Irwan_Fadzi_Idris
6707.jpg,Benicio_Del_Toro
6708.jpg,Luis_Gonzalez_Macchi
6709.jpg,Tom_Ridge
6710.jpg,Denzel_Washington
6711.jpg,Pete_Sampras
6712.jpg,James_Blake
6713.jpg,Tommy_Tubberville
6714.jpg,Steve_Case
6715.jpg,Pete_Sampras
6716.jpg,Debra_Brown
6717.jpg,John_Kerry
6718.jpg,Anthony_Pisciotti
6719.jpg,Kate_Hudson
6720.jpg,Donna_Walker
6721.jpg,Jason_Biggs
6722.jpg,William_Morrow
6723.jpg,Colin_Powell
6724.jpg,Boutros_Boutros_Ghali
6725.jpg,Colin_Powell
6726.jpg,Colin_Powell
6727.jpg,Nebojsa_Pavkovic
6728.jpg,Pio_Laghi
6729.jpg,013_frontal
6730.jpg,Martha_Burk
6731.jpg,Hugo_Chavez
6732.jpg,Pedro_Malan
6733.jpg,Allen_Rock
6734.jpg,Kwon_Young-gil
6735.jpg,Rogerio_Romero
6736.jpg,Paul_Bremer
6737.jpg,033_frontal
6738.jpg,Jim_Carrey
6739.jpg,Colin_Powell
6740.jpg,Paul_Burrell
6741.jpg,Ali_Khamenei
6742.jpg,Gary_Locke
6743.jpg,Sureyya_Ayhan
6744.jpg,Matt_Damon
6745.jpg,Brad_Gushue
6746.jpg,Carol_Burnett
6747.jpg,Mary_Jo_Myers
6748.jpg,Naomi_Watts
6749.jpg,Colin_Powell
6750.jpg,Mia_Mottley
6751.jpg,Jamie_Villafane
6752.jpg,Pete_Sampras
6753.jpg,Antonio_Palocci
6754.jpg,Pete_Sampras
6755.jpg,Dean_Barkley
6756.jpg,Roger_Staubach
6757.jpg,Juanes
6758.jpg,Jose_Cevallos
6759.jpg,Hwang_Doo-yun
6760.jpg,Hrithik_Roshan
6761.jpg,Dean_Barkley
6762.jpg,Princess_Victoria
6763.jpg,Alicia_Molik
6764.jpg,Federico_Trillo
6765.jpg,Aleksander_Kwasniewski
6766.jpg,Harrison_Ford
6767.jpg,James_Parker
6768.jpg,Josh_Kronfeld
6769.jpg,Jean-Pierre_Raffarin
6770.jpg,Larry_Coker
6771.jpg,Gwendal_Peizerat
6772.jpg,Kofi_Annan
6773.jpg,Charles_Mathews
6774.jpg,Chandrika_Kumaratunga
6775.jpg,Reese_Witherspoon
6776.jpg,Robert_Ehrlich
6777.jpg,Steve_Mariucci
6778.jpg,Mitzi_Gaynor
6779.jpg,Craig_David
6780.jpg,114_frontal
6781.jpg,Colin_Powell
6782.jpg,John_Bolton
6783.jpg,Tom_Ridge
6784.jpg,Jose_Cevallos
6785.jpg,Larry_Ellison
6786.jpg,Colin_Powell
6787.jpg,Tony_Stewart
6788.jpg,Jeong_Se-hyun
6789.jpg,Naomi_Watts
6790.jpg,Jason_Gardner
6791.jpg,Hugo_Chavez
6792.jpg,Colin_Powell
6793.jpg,Paul_Bremer
6794.jpg,Colin_Powell
6795.jpg,Gregg_Popovich
6796.jpg,Vanessa_Williams
6797.jpg,Richard_Jewell
6798.jpg,Hugo_Chavez
6799.jpg,Ari_Bousbib
6800.jpg,Yuri_Luzhkov
6801.jpg,Dan_Wheldon
6802.jpg,Rohinton_Mistry
6803.jpg,Oprah_Winfrey
6804.jpg,Colin_Powell
6805.jpg,Betty_Garrison
6806.jpg,Kofi_Annan
6807.jpg,Columba_Bush
6808.jpg,Joseph_LePore
6809.jpg,Ted_Christopher
6810.jpg,Maria_Shriver
6811.jpg,Ron_Dittemore
6812.jpg,Tiger_Woods
6813.jpg,Hugo_Chavez
6814.jpg,070_frontal
6815.jpg,Johnny_Depp
6816.jpg,Valery_Giscard_dEstaing
6817.jpg,122_frontal
6818.jpg,Joan_Dangerfield
6819.jpg,Marilyn_Monroe
6820.jpg,Ed_Sullivan
6821.jpg,Donald_Pettit
6822.jpg,Bill_Butler
6823.jpg,048_frontal
6824.jpg,David_Obey
6825.jpg,Jean-Pierre_Raffarin
6826.jpg,Moshe_Katsav
6827.jpg,Nathalie_Baye
6828.jpg,Tiger_Woods
6829.jpg,Eric_Hinske
6830.jpg,084_frontal
6831.jpg,Mike_Holmgren
6832.jpg,099_frontal
6833.jpg,Kofi_Annan
6834.jpg,Salma_Hayek
6835.jpg,Gustavo_Kuerten
6836.jpg,Valery_Giscard_dEstaing
6837.jpg,Tom_Ridge
6838.jpg,Elias_Attallah
6839.jpg,Pete_Sampras
6840.jpg,Marc_Anthony
6841.jpg,Harrison_Ford
6842.jpg,Kevin_Spacey
6843.jpg,Dave_Robertson
6844.jpg,Martha_Burk
6845.jpg,John_Bolton
6846.jpg,Dan_Wheldon
6847.jpg,Kofi_Annan
6848.jpg,Marc_Leger
6849.jpg,Kenneth_Evans
6850.jpg,Patricia_Johnson
6851.jpg,Adrian_Fernandez
6852.jpg,Tom_Hanks
6853.jpg,Pascal_Rheaume
6854.jpg,Hugo_Chavez
6855.jpg,Tom_Ridge
6856.jpg,Ron_Dittemore
6857.jpg,Shannon_OBrien
6858.jpg,Jamie_Villafane
6859.jpg,Duane_Lee_Chapman
6860.jpg,Colin_Powell
6861.jpg,Sarah_Weddington
6862.jpg,Mark_Andrew
6863.jpg,Al_Gore
6864.jpg,Annette_Bening
6865.jpg,Catherine_Deneuve
6866.jpg,James_Blake
6867.jpg,Hana_Sadiq
6868.jpg,Reese_Witherspoon
6869.jpg,Justine_Pasek
6870.jpg,Colin_Powell
6871.jpg,Laura_Elena_Harring
6872.jpg,Marcos_Daniel_Jimenez
6873.jpg,Hamid_Karzai
6874.jpg,Chris_Cirino
6875.jpg,Steve_Cox
6876.jpg,088_frontal
6877.jpg,108_frontal
6878.jpg,Thomas_Fargo
6879.jpg,Laura_Elena_Harring
6880.jpg,Colin_Powell
6881.jpg,Richard_Tubb
6882.jpg,Antonio_Palocci
6883.jpg,John_Edwards
6884.jpg,Colin_Powell
6885.jpg,Oscar_De_La_Hoya
6886.jpg,Denzel_Washington
6887.jpg,Chip_Ganassi
6888.jpg,Martha_Burk
6889.jpg,080_frontal
6890.jpg,Barbara_Becker
6891.jpg,Anne_Cavers
6892.jpg,Hamid_Karzai
6893.jpg,Parris_Glendening
6894.jpg,Ray_Bradbury
6895.jpg,Tiger_Woods
6896.jpg,Colin_Powell
6897.jpg,Aleksander_Kwasniewski
6898.jpg,Charlene_Barshefsky
6899.jpg,Oswaldo_Paya
6900.jpg,Jake_Gyllenhaal
6901.jpg,Jennifer_Keller
6902.jpg,Cate_Blanchett
6903.jpg,Colin_Powell
6904.jpg,Princess_Anne
6905.jpg,Colin_Powell
6906.jpg,Martin_Bandier
6907.jpg,Jerry_Regier
6908.jpg,Babe_Ruth
6909.jpg,Barry_Nakell
6910.jpg,Colin_Powell
6911.jpg,Wen_Jiabao
6912.jpg,Mia_Mottley
6913.jpg,Guy_Ritchie
6914.jpg,Colin_Powell
6915.jpg,Rita_Moreno
6916.jpg,Federico_Trillo
6917.jpg,Florencia_Macri
6918.jpg,Hugo_Chavez
6919.jpg,Frank_Lautenberg
6920.jpg,Kenneth_Evans
6921.jpg,Bill_OReilly
6922.jpg,David_Hanson
6923.jpg,Luis_Gonzalez_Macchi
6924.jpg,Jake_Gyllenhaal
6925.jpg,Paul_Burrell
6926.jpg,Geovani_Lapentti
6927.jpg,Cameron_Diaz
6928.jpg,Will_Ferrell
6929.jpg,Sophia_Loren
6930.jpg,Barbara_Brezigar
6931.jpg,Paul_Bremer
6932.jpg,Pete_Sampras
6933.jpg,Thaksin_Shinawatra
6934.jpg,Debra_Rose
6935.jpg,Colin_Powell
6936.jpg,Patricia_Heaton
6937.jpg,John_Edwards
6938.jpg,Robert_Duvall
6939.jpg,Colin_Powell
6940.jpg,096_frontal
6941.jpg,John_Kerry
6942.jpg,Valentino_Rossi
6943.jpg,Jane_Krakowski
6944.jpg,Greg_Ostertag
6945.jpg,Mitchell_McLaughlin
6946.jpg,Oprah_Winfrey
6947.jpg,Hamid_Karzai
6948.jpg,Michael_Kirby
6949.jpg,Colin_Powell
6950.jpg,Paul_Bremer
6951.jpg,Brigitte_Boisselier
6952.jpg,Tom_Ridge
6953.jpg,Sandra_Banning
6954.jpg,Charlie_Hunnam
6955.jpg,Maria_Shriver
6956.jpg,Debra_Rose
6957.jpg,Salma_Hayek
6958.jpg,Paul_Bremer
6959.jpg,Hun_Sen
6960.jpg,Colin_Powell
6961.jpg,Dusty_Baker
6962.jpg,Hans_Eichel
6963.jpg,Claudia_Cardinale
6964.jpg,Colin_Powell
6965.jpg,Colin_Powell
6966.jpg,Larry_Coker
6967.jpg,Cameron_Diaz
6968.jpg,Hugo_Chavez
6969.jpg,Kristanna_Loken
6970.jpg,Jose_Manuel_Durao_Barroso
6971.jpg,Salma_Hayek
6972.jpg,Edgar_Savisaar
6973.jpg,Julian_Battle
6974.jpg,Paul_Burrell
6975.jpg,Donald_Keck
6976.jpg,Ray_Allen
6977.jpg,Martin_Luther_King_III
6978.jpg,Christine_Gregoire
6979.jpg,Suzanne_Mubarak
6980.jpg,Hamid_Karzai
6981.jpg,Harrison_Ford
6982.jpg,Kim_Gandy
6983.jpg,113_frontal
6984.jpg,Kristanna_Loken
6985.jpg,Colin_Powell
6986.jpg,Pete_Sampras
6987.jpg,060_frontal
6988.jpg,Elizabeth_Hurley
6989.jpg,Hugo_Chavez
6990.jpg,Ignatius_Wang
6991.jpg,Paul_Burrell
6992.jpg,Catherine_Deneuve
6993.jpg,Antonio_Palocci
6994.jpg,Hugo_Chavez
6995.jpg,Stellan_Skarsgard
6996.jpg,Gustavo_Kuerten
6997.jpg,Alan_Ball
6998.jpg,Mariangel_Ruiz_Torrealba
6999.jpg,Manuela_Montebrun
7000.jpg,John_Kerr
7001.jpg,Wen_Jiabao
7002.jpg,Carolyn_Dawn_Johnson
7003.jpg,Mary_Matalin
7004.jpg,Robert_Duvall
7005.jpg,Margie_Puente
7006.jpg,Janette_Husarova
7007.jpg,Antonio_Palocci
7008.jpg,Kate_Lee
7009.jpg,Wen_Jiabao
7010.jpg,Sergio_Vieira_De_Mello
7011.jpg,Hugo_Chavez
7012.jpg,Colin_Powell
7013.jpg,Karin_Pilsaeter
7014.jpg,Roberto_Carlos
7015.jpg,Colin_Powell
7016.jpg,Jean-Pierre_Raffarin
7017.jpg,Kevin_Gil
7018.jpg,Jean-Pierre_Raffarin
7019.jpg,Kofi_Annan
7020.jpg,Ruben_Studdard
7021.jpg,Rob_Niedermayer
7022.jpg,011_frontal
7023.jpg,Ben_Glisan
7024.jpg,Ana_Palacio
7025.jpg,Hugo_Chavez
7026.jpg,Nathalie_Baye
7027.jpg,Patricia_Johnson
7028.jpg,Larry_Brown
7029.jpg,Steve_Phillips
7030.jpg,Tim_Floyd
7031.jpg,Li_Zhaoxing
7032.jpg,Guy_Ritchie
7033.jpg,Paul_Bremer
7034.jpg,Colin_Powell
7035.jpg,Charles_Mathews
7036.jpg,Darin_Erstad
7037.jpg,Colin_Powell
7038.jpg,Pete_Sampras
7039.jpg,103_frontal
7040.jpg,Denise_Johnson
7041.jpg,Mohammad_Aktar
7042.jpg,John_Mayer
7043.jpg,Pete_Sampras
7044.jpg,Hamid_Karzai
7045.jpg,Colin_Powell
7046.jpg,Gustavo_Kuerten
7047.jpg,Joe_Calzaghe
7048.jpg,Nick_Nolte
7049.jpg,Kristin_Scott
7050.jpg,Juanes
7051.jpg,Tiger_Woods
7052.jpg,Ray_Bradbury
7053.jpg,Colin_Powell
7054.jpg,Tiger_Woods
7055.jpg,Kate_Starbird
7056.jpg,Debra_Brown
7057.jpg,Paul_Burrell
7058.jpg,Colin_Powell
7059.jpg,Daniel_Barenboim
7060.jpg,Li_Peng
7061.jpg,Colin_Powell
7062.jpg,Carolyn_Dawn_Johnson
7063.jpg,Colin_Powell
7064.jpg,Colin_Powell
7065.jpg,Tom_Ridge
7066.jpg,Antonio_Palocci
7067.jpg,057_frontal
7068.jpg,Amanda_Beard
7069.jpg,Brandon_Robinson
7070.jpg,Wayne_Ferreira
7071.jpg,Paula_Abdul
7072.jpg,Heidi_Fleiss
7073.jpg,Suzie_McConnell_Serio
7074.jpg,Alejandro_Atchugarry
7075.jpg,Pete_Sampras
7076.jpg,Monique_Gagnon-Tremblay
7077.jpg,Hans_Eichel
7078.jpg,Will_Ferrell
7079.jpg,Colin_Powell
7080.jpg,Roman_Tam
7081.jpg,045_frontal
7082.jpg,Ed_Book
7083.jpg,Penelope_Ann_Miller
7084.jpg,Takenori_Kanzaki
7085.jpg,Elin_Nordegren
7086.jpg,Anthony_Hopkins
7087.jpg,Maria_Shriver
7088.jpg,Tom_Cruise
7089.jpg,039_frontal
7090.jpg,Dean_Barkley
7091.jpg,Ray_Allen
7092.jpg,Charles_Mathews
7093.jpg,Red_Auerbach
7094.jpg,Cate_Blanchett
7095.jpg,Tom_Hanks
7096.jpg,Oswaldo_Paya
7097.jpg,Robert_Ehrlich
7098.jpg,Li_Zhaoxing
7099.jpg,Andy_Griffith
7100.jpg,John_Paul_DeJoria
7101.jpg,Troy_Aikman
7102.jpg,Sophia_Loren
7103.jpg,Wayne_Ferreira
7104.jpg,Harrison_Ford
7105.jpg,Pete_Sampras
7106.jpg,Colin_Powell
7107.jpg,Oliver_Stone
7108.jpg,Hamid_Karzai
7109.jpg,Jessica_Brungo
7110.jpg,Jay_Garner
7111.jpg,Salma_Hayek
7112.jpg,Pedro_Malan
7113.jpg,Pete_Sampras
7114.jpg,Hamid_Karzai
7115.jpg,Faisal_Saleh_Hayat
7116.jpg,Candice_Bergen
7117.jpg,Oscar_De_La_Hoya
7118.jpg,Matthew_Broderick
7119.jpg,Red_Auerbach
7120.jpg,017_frontal
7121.jpg,Hugo_Chavez
7122.jpg,Hugo_Chavez
7123.jpg,Cameron_Diaz
7124.jpg,Patricia_Johnson
7125.jpg,035_frontal
7126.jpg,Kofi_Annan
7127.jpg,Todd_Petit
7128.jpg,Mohammed_Ashraf_Hafiz
7129.jpg,Michael_Chang
7130.jpg,John_Mayer
7131.jpg,Colin_Powell
7132.jpg,Andy_Griffith
7133.jpg,Horace_Donovan_Reid
7134.jpg,Tom_Ridge
7135.jpg,Colin_Powell
7136.jpg,Bak_Chang-Ryun
7137.jpg,Seymour_Cassell
7138.jpg,Tom_Ridge
7139.jpg,Mona_Ayoub
7140.jpg,Padraig_Harrington
7141.jpg,Sergio_Vieira_De_Mello
7142.jpg,Elizabeth_Hurley
7143.jpg,086_frontal
7144.jpg,Lili_Marinho
7145.jpg,George_Blaney
7146.jpg,Brittany_Snow
7147.jpg,John_Abizaid
7148.jpg,Greg_Rusedski
7149.jpg,Arnold_Scott
7150.jpg,John_Edwards
7151.jpg,Elizabeth_Hurley
7152.jpg,124_frontal
7153.jpg,Thomas_Manger
7154.jpg,Columba_Bush
7155.jpg,Mark_Hanson
7156.jpg,Francois_Pienaar
7157.jpg,Kofi_Annan
7158.jpg,Peter_Hillary
7159.jpg,James_Blake
7160.jpg,Cate_Blanchett
7161.jpg,Li_Peng
7162.jpg,Hugo_Chavez
7163.jpg,Hamad_Bin_Jassim
7164.jpg,John_Eder
7165.jpg,Norodom_Sihanouk
7166.jpg,Troy_Jenkins
7167.jpg,Bing_Crosby
7168.jpg,Yang_Jianli
7169.jpg,Herb_Brooks
7170.jpg,James_Blake
7171.jpg,Bob_Stoops
7172.jpg,Hamid_Karzai
7173.jpg,Nancy_Sinatra
7174.jpg,Bob_Geldof
7175.jpg,Colin_Powell
7176.jpg,Antonio_Palocci
7177.jpg,Gustavo_Kuerten
7178.jpg,Hwang_Doo-yun
7179.jpg,Padraig_Harrington
7180.jpg,John_Bolton
7181.jpg,Al_Gore
7182.jpg,Sheila_Taormina
7183.jpg,Michael_Sullivan
7184.jpg,Ali_Khamenei
7185.jpg,Louis_Van_Gaal
7186.jpg,John_Bolton
7187.jpg,Laura_Elena_Harring
7188.jpg,Cabas
7189.jpg,Colin_Powell
7190.jpg,John_Edwards
7191.jpg,Brian_Scalabrine
7192.jpg,Strom_Thurmond
7193.jpg,Hugo_Chavez
7194.jpg,Tyler_Grillo
7195.jpg,Kristanna_Loken
7196.jpg,Larry_Brown
7197.jpg,Graeme_Smith
7198.jpg,Princess_Anne
7199.jpg,Christine_Gregoire
7200.jpg,Helio_Castroneves
7201.jpg,Barbara_Brezigar
7202.jpg,Ralf_Schumacher
7203.jpg,Colin_Powell
7204.jpg,Jane_Krakowski
7205.jpg,Patrick_Stewart
7206.jpg,Jennifer_Renee_Short
7207.jpg,Emily_Mason
7208.jpg,Enrique_Iglesias
7209.jpg,Colin_Powell
7210.jpg,Carla_Gay_Balingit
7211.jpg,120_frontal
7212.jpg,Natalie_Juniardi
7213.jpg,Colin_Powell
7214.jpg,Larry_Ralston
7215.jpg,Alain_Cervantes
7216.jpg,Tom_Hanks
7217.jpg,Kristanna_Loken
7218.jpg,Li_Zhaoxing
7219.jpg,Ivan_Helguera
7220.jpg,Naomi_Watts
7221.jpg,Din_Samsudin
7222.jpg,Vincent_Spadea
7223.jpg,Kathryn_Morris
7224.jpg,Tom_Hanks
7225.jpg,Andy_Garcia
7226.jpg,Peter_Bacanovic
7227.jpg,Jose_Manuel_Durao_Barroso
7228.jpg,Tiger_Woods
7229.jpg,Hung_Wan-ting
7230.jpg,Heidi_Fleiss
7231.jpg,William_Morrow
7232.jpg,Colin_Powell
7233.jpg,Wally_Szczerbiak
7234.jpg,Ai_Sugiyama
7235.jpg,Colin_Powell
7236.jpg,Kevin_Spacey
7237.jpg,Daniel_Pearl
7238.jpg,Gabi_Zimmer
7239.jpg,Richard_Naughton
7240.jpg,Habib_Rizieq
7241.jpg,Douglas_Gansler
7242.jpg,Lyle_Vanclief
7243.jpg,Alexis_Bledel
7244.jpg,Carlos_Savedra
7245.jpg,Hugo_Chavez
7246.jpg,Jesse_Helms
7247.jpg,Mikulas_Dzurinda
7248.jpg,Jade_Jagger
7249.jpg,Juan_Carlos_Ortega
7250.jpg,John_McCallum
7251.jpg,John_Abizaid
7252.jpg,Patrick_Stewart
7253.jpg,John_Edwards
7254.jpg,Amy_Pascal
7255.jpg,Robert_Beck
7256.jpg,Pete_Sampras
7257.jpg,Nora_Bendijo
7258.jpg,Nick_Nolte
7259.jpg,Elin_Nordegren
7260.jpg,Charles_Pickering
7261.jpg,Colin_Powell
7262.jpg,Elin_Nordegren
7263.jpg,Naomi_Watts
7264.jpg,Ben_Glisan
7265.jpg,Thaksin_Shinawatra
7266.jpg,Colin_Powell
7267.jpg,Ismail_Cem
7268.jpg,030_frontal
7269.jpg,Tim_Norbeck
7270.jpg,Wu_Yi
7271.jpg,Dorthy_Moxley
7272.jpg,Michael_Sullivan
7273.jpg,011_frontal
7274.jpg,S_Jayakumar
7275.jpg,Crispin_Glover
7276.jpg,Colin_Powell
7277.jpg,Pete_Sampras
7278.jpg,Tyler_Grillo
7279.jpg,Lucy_Liu
7280.jpg,Tommy_Shane_Steiner
7281.jpg,Colin_Powell
7282.jpg,Tom_Ridge
7283.jpg,Colin_Powell
7284.jpg,Hugo_Chavez
7285.jpg,Colin_Powell
7286.jpg,Jaromir_Jagr
7287.jpg,Donald_Trump
7288.jpg,Hidetoshi_Nakata
7289.jpg,James_Blake
7290.jpg,James_Blake
7291.jpg,Colin_Powell
7292.jpg,128_frontal
7293.jpg,Nida_Blanca
7294.jpg,Nick_Nolte
7295.jpg,John_McCallum
7296.jpg,Hugo_Chavez
7297.jpg,Leonard_Glick
7298.jpg,Denzel_Washington
7299.jpg,Gary_Marshall
7300.jpg,Tom_Cruise
7301.jpg,Matthew_Broderick
7302.jpg,Hugo_Chavez
7303.jpg,Deena_Burnett
7304.jpg,Janet_Napolitano
7305.jpg,Hugo_Chavez
7306.jpg,Alex_Gonzalez
7307.jpg,Donald_Pettit
7308.jpg,Ismail_Cem
7309.jpg,Dick_Latessa
7310.jpg,Colin_Powell
7311.jpg,Anne_Cavers
7312.jpg,Leon_Silver
7313.jpg,Hugo_Chavez
7314.jpg,094_frontal
7315.jpg,Mike_Helton
7316.jpg,Mohammad_Al-Sharief
7317.jpg,089_frontal
7318.jpg,Louis_Van_Gaal
7319.jpg,Oprah_Winfrey
7320.jpg,Martin_Luther_King_III
7321.jpg,Marwan_Barghouthi
7322.jpg,Roger_Staubach
7323.jpg,102_frontal
7324.jpg,Colin_Powell
7325.jpg,Tom_Hanks
7326.jpg,S_Jayakumar
7327.jpg,Dolly_Parton
7328.jpg,Charles_Schumer
7329.jpg,Steve_Mariucci
7330.jpg,Jeremy_Shockey
7331.jpg,Thaksin_Shinawatra
7332.jpg,John_Edwards
7333.jpg,Tom_Ridge
7334.jpg,Robert_Duvall
7335.jpg,Tony_Stewart
7336.jpg,Elinor_Caplan
7337.jpg,Colin_Powell
7338.jpg,Elizabeth_Taylor
7339.jpg,Marian_Dolan
7340.jpg,Gus_Van_Sant
7341.jpg,John_Banko
7342.jpg,Wen_Jiabao
7343.jpg,Colin_Powell
7344.jpg,Brandon_Larson
7345.jpg,Peter_Harvey
7346.jpg,Sergio_Vieira_De_Mello
7347.jpg,Francois_Pienaar
7348.jpg,041_frontal
7349.jpg,Linda_Amicangioli
7350.jpg,Jim_Sterk
7351.jpg,John_Mayer
7352.jpg,Kelli_White
7353.jpg,Bill_Belichick
7354.jpg,Colin_Powell
7355.jpg,Oswaldo_Paya
7356.jpg,Colin_Powell
7357.jpg,Paul_Burrell
7358.jpg,Robert_Douglas
7359.jpg,Paulina_Rodriguez_Davila
7360.jpg,Richard_Jewell
7361.jpg,S_Jayakumar
7362.jpg,John_Kerry
7363.jpg,Sergio_Vieira_De_Mello
7364.jpg,Colin_Powell
7365.jpg,John_Philip_Elkann
7366.jpg,Emanuel_Ginobili
7367.jpg,083_frontal
7368.jpg,Pete_Sampras
7369.jpg,Deniz_Baykal
7370.jpg,Max_von_Sydow
7371.jpg,Bob_Geldof
7372.jpg,Oswaldo_Paya
7373.jpg,Colin_Powell
7374.jpg,Mario_Lobo_Zagallo
7375.jpg,Li_Peng
7376.jpg,Elaine_Chao
7377.jpg,Larry_Anderson
7378.jpg,Sandra_Banning
7379.jpg,Julie_Infante
7380.jpg,067_frontal
7381.jpg,Colin_Powell
7382.jpg,Kevin_Spacey
7383.jpg,Barbara_Becker
7384.jpg,Juan_Francisco_Palencia
7385.jpg,Kofi_Annan
7386.jpg,Jennifer_Renee_Short
7387.jpg,Lisa_Stone
7388.jpg,Colin_Powell
7389.jpg,Michael_Moore
7390.jpg,Nora_Bendijo
7391.jpg,Jeri_Ryan
7392.jpg,Tom_Rouen
7393.jpg,Wen_Jiabao
7394.jpg,105_frontal
7395.jpg,Tom_Ridge
7396.jpg,Colin_Powell
7397.jpg,Donald_Pettit
7398.jpg,Colin_Powell
7399.jpg,Allison_Searing
7400.jpg,Paul_Bremer
7401.jpg,Thierry_Mariani
7402.jpg,Hussam_Mohammed_Amin
7403.jpg,Janine_Pietsch
7404.jpg,Jeong_Se-hyun
7405.jpg,Nick_Nolte
7406.jpg,Rick_Santorum
7407.jpg,Ana_Palacio
7408.jpg,Isaiah_Washington
7409.jpg,S_Jayakumar
7410.jpg,Chris_Columbus
7411.jpg,Hwang_Doo-yun
7412.jpg,Larry_Ellison
7413.jpg,Guillaume_Soro
7414.jpg,Colin_Powell
7415.jpg,Oscar_De_La_Hoya
7416.jpg,Michel_Temer
7417.jpg,Paul_Li_Calsi
7418.jpg,Colin_Powell
7419.jpg,Heidi_Fleiss
7420.jpg,Michael_Chang
7421.jpg,Kevin_Gil
7422.jpg,Oscar_De_La_Hoya
7423.jpg,Danny_Ainge
7424.jpg,Colin_Powell
7425.jpg,John_Kerry
7426.jpg,043_frontal
7427.jpg,Harrison_Ford
7428.jpg,Jennifer_Keller
7429.jpg,Marilyn_Monroe
7430.jpg,Teresa_Williams
7431.jpg,Hugo_Chavez
7432.jpg,Pernilla_Bjorn
7433.jpg,John_Kerry
7434.jpg,Hamid_Karzai
7435.jpg,088_frontal
7436.jpg,Charlie_Hunnam
7437.jpg,Michael_Leavitt
7438.jpg,Jade_Jagger
7439.jpg,John_Bolton
7440.jpg,Jolanta_Kwasniewski
7441.jpg,Carlos_Ortega
7442.jpg,Jake_Gyllenhaal
7443.jpg,Strom_Thurmond
7444.jpg,Diane_Ladd
7445.jpg,Steve_Avery
7446.jpg,Richard_Jewell
7447.jpg,Mariangel_Ruiz_Torrealba
7448.jpg,James_Blake
7449.jpg,John_Kerry
7450.jpg,Rodney_Dangerfield
7451.jpg,Tomoko_Hagiwara
7452.jpg,Conchita_Martinez
7453.jpg,Wen_Jiabao
7454.jpg,Colin_Powell
7455.jpg,Hamid_Karzai
7456.jpg,Tiger_Woods
7457.jpg,Tom_Glavine
7458.jpg,Martin_Cauchon
7459.jpg,Lyle_Vanclief
7460.jpg,Selma_Phoenix
7461.jpg,Cate_Blanchett
7462.jpg,Colin_Powell
7463.jpg,Barbara_Brezigar
7464.jpg,Lionel_Richie
7465.jpg,Vincent_Spadea
7466.jpg,Tom_Ridge
7467.jpg,Hans_Leistritz
7468.jpg,013_frontal
7469.jpg,Kristanna_Loken
7470.jpg,Jeong_Se-hyun
7471.jpg,Pedro_Solbes
7472.jpg,Maritza_Macias_Furano
7473.jpg,Colin_Powell
7474.jpg,Lucy_Liu
7475.jpg,Chin-Feng_Chen
7476.jpg,Allen_Iverson
7477.jpg,Jacky_Cheung
7478.jpg,Harvey_Fierstein
7479.jpg,Colin_Powell
7480.jpg,Colin_Powell
7481.jpg,Paul_Bremer
7482.jpg,Patrick_Stewart
7483.jpg,Christian_Longo
7484.jpg,Peter_Harvey
7485.jpg,Bob_Stoops
7486.jpg,Candice_Bergen
7487.jpg,Sophia_Loren
7488.jpg,John_Edwards
7489.jpg,Cate_Blanchett
7490.jpg,Colin_Powell
7491.jpg,Greg_Hennigar
7492.jpg,Francisco_Flores
7493.jpg,Patricia_Johnson
7494.jpg,Tom_Rouen
7495.jpg,Salma_Hayek
7496.jpg,Warren_Beatty
7497.jpg,Hun_Sen
7498.jpg,119_frontal
7499.jpg,Martin_Brodeur
7500.jpg,Malik_Mahmud
7501.jpg,Hun_Sen
7502.jpg,Aishwarya_Rai
7503.jpg,Stuart_Whitman
7504.jpg,Colin_Powell
7505.jpg,Mario_Lemieux
7506.jpg,009_frontal
7507.jpg,Roberto_Carlos
7508.jpg,Isabelle_Huppert
7509.jpg,Colin_Powell
7510.jpg,Bing_Crosby
7511.jpg,Bob_Stoops
7512.jpg,Hamid_Karzai
7513.jpg,Marcos_Daniel_Jimenez
7514.jpg,120_frontal
7515.jpg,Isabella_Rossellini
7516.jpg,Michael_Leavitt
7517.jpg,Colin_Powell
7518.jpg,Jean-Pierre_Raffarin
7519.jpg,Robert_Beck
7520.jpg,Ray_Allen
7521.jpg,Laura_Elena_Harring
7522.jpg,Aline_Chretien
7523.jpg,Claudia_Cardinale
7524.jpg,Nancy_Sinatra
7525.jpg,Hamid_Karzai
7526.jpg,Craig_David
7527.jpg,Dean_Jacek
7528.jpg,Hushiar_Zebari
7529.jpg,Samuel_Waksal
7530.jpg,Hugo_Chavez
7531.jpg,Russell_Crowe
7532.jpg,Kaio_Almeida
7533.jpg,Colin_Powell
7534.jpg,Lucy_Liu
7535.jpg,Kevin_Spacey
7536.jpg,Colin_Powell
7537.jpg,Colin_Powell
7538.jpg,Juan_Carlos_Ortega
7539.jpg,Steve_Cox
7540.jpg,TA_McLendon
7541.jpg,Valentino_Rossi
7542.jpg,Jeong_Se-hyun
7543.jpg,Suzanne_Mubarak
7544.jpg,Habib_Rizieq
7545.jpg,Hung_Wan-ting
7546.jpg,Lindsay_Benko
7547.jpg,Colin_Powell
7548.jpg,Aleksander_Kwasniewski
7549.jpg,Aretha_Franklin
7550.jpg,Mario_Alfaro-Lopez
7551.jpg,Elizabeth_Hurley
7552.jpg,Natalie_Juniardi
7553.jpg,Jon_Constance
7554.jpg,James_Blake
7555.jpg,Clemente_de_la_Vega
7556.jpg,Strom_Thurmond
7557.jpg,Caroline_Kennedy
7558.jpg,Christine_Gregoire
7559.jpg,Franco_Cangele
7560.jpg,Pete_Sampras
7561.jpg,Tiger_Woods
7562.jpg,Bulent_Ecevit
7563.jpg,Tom_Hanks
7564.jpg,Queen_Beatrix
7565.jpg,Din_Samsudin
7566.jpg,Mukesh_Ambani
7567.jpg,Paul_Bremer
7568.jpg,David_Hannay
7569.jpg,Jim_Sterk
7570.jpg,S_Jayakumar
7571.jpg,Alejandro_Atchugarry
7572.jpg,Wen_Jiabao
7573.jpg,Jennifer_Connelly
7574.jpg,Ron_Dittemore
7575.jpg,Kofi_Annan
7576.jpg,Gary_Gitnick
7577.jpg,Chris_Rock
7578.jpg,John_Kerry
7579.jpg,055_frontal
7580.jpg,Aaron_Pena
7581.jpg,Mariah_Carey
7582.jpg,070_frontal
7583.jpg,Joe_Calzaghe
7584.jpg,086_frontal
7585.jpg,Colin_Powell
7586.jpg,Paul_Burrell
7587.jpg,Naomi_Watts
7588.jpg,Shoshannah_Stern
7589.jpg,Jennifer_Renee_Short
7590.jpg,John_Bolton
7591.jpg,Sean_Patrick_OMalley
7592.jpg,Antonio_Palocci
7593.jpg,Martin_Cauchon
7594.jpg,Colin_Powell
7595.jpg,JP_Suarez
7596.jpg,044_frontal
7597.jpg,Janette_Husarova
7598.jpg,Cate_Blanchett
7599.jpg,018_frontal
7600.jpg,Colin_Powell
7601.jpg,Colin_Powell
7602.jpg,Habib_Rizieq
7603.jpg,Pernilla_Bjorn
7604.jpg,Bulent_Ecevit
7605.jpg,Ana_Palacio
7606.jpg,Natalie_Juniardi
7607.jpg,Stipe_Mesic
7608.jpg,Tom_Ridge
7609.jpg,Hugo_Chavez
7610.jpg,Jose_Lopez_Beltran
7611.jpg,Nancy_Sinatra
7612.jpg,John_Mayer
7613.jpg,Stuart_Whitman
7614.jpg,John_Nash
7615.jpg,Derek_Jeter
7616.jpg,Jodie_Henry
7617.jpg,Tom_Ridge
7618.jpg,Enrique_Bolanos
7619.jpg,Ed_Book
7620.jpg,Guillaume_Soro
7621.jpg,Diana_Renee_Valdivieso_Dubon
7622.jpg,LK_Advani
7623.jpg,093_frontal
7624.jpg,Colin_Powell
7625.jpg,James_Blake
7626.jpg,Colin_Powell
7627.jpg,Matthew_Broderick
7628.jpg,001_frontal
7629.jpg,Alan_Ball
7630.jpg,Wayne_Ferreira
7631.jpg,Michel_Temer
7632.jpg,Colin_Powell
7633.jpg,Todd_Petit
7634.jpg,Valentino_Rossi
7635.jpg,037_frontal
7636.jpg,Cameron_Diaz
7637.jpg,Silvie_Cabero
7638.jpg,Monique_Gagnon-Tremblay
7639.jpg,Colin_Powell
7640.jpg,Annette_Bening
7641.jpg,Alan_Ball
7642.jpg,Colin_Powell
7643.jpg,Shane_Mosley
7644.jpg,Naomi_Watts
7645.jpg,Michael_Chang
7646.jpg,Ray_Allen
7647.jpg,Colin_Powell
7648.jpg,Wen_Jiabao
7649.jpg,Ryan_Nyquist
7650.jpg,John_Kerry
7651.jpg,Colin_Powell
7652.jpg,Kate_Hudson
7653.jpg,Joe_Plumeri
7654.jpg,Rita_Moreno
7655.jpg,Pedro_Malan
7656.jpg,Klaus_Zwickel
7657.jpg,Ralph_Klein
7658.jpg,Paul_Bremer
7659.jpg,Luis_Gonzalez_Macchi
7660.jpg,George_Lopez
7661.jpg,Cho_Myung-kyun
7662.jpg,Colin_Powell
7663.jpg,Jean-Pierre_Raffarin
7664.jpg,Phil_McGraw
7665.jpg,Tiger_Woods
7666.jpg,Milo_Maestrecampo
7667.jpg,Ruben_Studdard
7668.jpg,Colin_Powell
7669.jpg,Yogi_Berra
7670.jpg,Charles_Schumer
7671.jpg,Ed_Book
7672.jpg,Harrison_Ford
7673.jpg,Claudia_Coslovich
7674.jpg,David_Hanson
7675.jpg,Wan_Yanhai
7676.jpg,Peter_Bacanovic
7677.jpg,Hamid_Karzai
7678.jpg,Kurt_Hellstrom
7679.jpg,086_frontal
7680.jpg,092_frontal
7681.jpg,Michael_Sullivan
7682.jpg,Marian_Dolan
7683.jpg,Fazal-ur-Rehman
7684.jpg,David_Collenette
7685.jpg,Tom_Ridge
7686.jpg,Askar_Akayev
7687.jpg,Colin_Powell
7688.jpg,Isabella_Rossellini
7689.jpg,Martha_Bowen
7690.jpg,Greg_Rusedski
7691.jpg,Valentino_Rossi
7692.jpg,John_Bolton
7693.jpg,John_Kerry
7694.jpg,Mukesh_Ambani
7695.jpg,Tom_Ridge
7696.jpg,Gael_Garcia_Bermal
7697.jpg,Tom_Ridge
7698.jpg,Colin_Powell
7699.jpg,Jolanta_Kwasniewski
7700.jpg,Sophia_Loren
7701.jpg,Roberto_Carlos
7702.jpg,Salma_Hayek
7703.jpg,Hugo_Chavez
7704.jpg,Paul_Bremer
7705.jpg,Tom_Hanks
7706.jpg,Salma_Hayek
7707.jpg,Keith_Tyson
7708.jpg,Naomi_Watts
7709.jpg,Harvey_Fierstein
7710.jpg,John_Bolton
7711.jpg,Sheila_Taormina
7712.jpg,Enrique_Bolanos
7713.jpg,Colin_Powell
7714.jpg,Lynne_Thigpen
7715.jpg,Chang_Jae_On
7716.jpg,Gregg_Popovich
7717.jpg,Annette_Lu
7718.jpg,Tom_Ridge
7719.jpg,Hugo_Chavez
7720.jpg,Kate_Hudson
7721.jpg,Aline_Chretien
7722.jpg,Oswaldo_Paya
7723.jpg,Stephen_Glassroth
7724.jpg,Anthony_Hopkins
7725.jpg,103_frontal
7726.jpg,Adriana_Perez_Navarro
7727.jpg,Scott_Weiland
7728.jpg,Thaksin_Shinawatra
7729.jpg,Dave_Lewis
7730.jpg,Jim_Ahern
7731.jpg,Matt_Braker
7732.jpg,Tom_Ridge
7733.jpg,108_frontal
7734.jpg,Donna_Morrissey
7735.jpg,Jason_Gardner
7736.jpg,Aaron_Patterson
7737.jpg,Colin_Powell
7738.jpg,Li_Zhaoxing
7739.jpg,Colin_Powell
7740.jpg,Sean_Patrick_OMalley
7741.jpg,Heidi_Fleiss
7742.jpg,Jason_Priestley
7743.jpg,Naomi_Watts
7744.jpg,Carolyn_Dawn_Johnson
7745.jpg,Annette_Lu
7746.jpg,John_Edwards
7747.jpg,John_Mayer
7748.jpg,Antonio_Elias_Saca
7749.jpg,Paul_Bremer
7750.jpg,Jennifer_Keller
7751.jpg,Norodom_Sihanouk
7752.jpg,Nancy_Sinatra
7753.jpg,Colin_Powell
7754.jpg,Colin_Powell
7755.jpg,Cabas
7756.jpg,Kofi_Annan
7757.jpg,Tammy_Helm
7758.jpg,William_Genego
7759.jpg,Paul_Bremer
7760.jpg,Jerry_Regier
7761.jpg,Hwang_Doo-yun
7762.jpg,Frederique_van_der_Wal
7763.jpg,Colin_Powell
7764.jpg,Steve_Zahn
7765.jpg,Candice_Bergen
7766.jpg,Li_Zhaoxing
7767.jpg,George_Lopez
7768.jpg,Gary_Barnett
7769.jpg,Wan_Yanhai
7770.jpg,Hugo_Chavez
7771.jpg,James_Hoffa
7772.jpg,Aaron_Peirsol
7773.jpg,John_Kerry
7774.jpg,Cathryn_Crawford
7775.jpg,Gerard_de_Cortanze
7776.jpg,Colin_Powell
7777.jpg,Myung_Yang
7778.jpg,Mario_Puzo
7779.jpg,Tom_Koenigs
7780.jpg,Kristanna_Loken
7781.jpg,Lea_Fastow
7782.jpg,Ray_Allen
7783.jpg,Colin_Powell
7784.jpg,Colin_Powell
7785.jpg,Tom_Ridge
7786.jpg,Miranda_Gaddis
7787.jpg,Janette_Husarova
7788.jpg,Valentino_Rossi
7789.jpg,Lionel_Richie
7790.jpg,John_Abizaid
7791.jpg,Hugo_Chavez
7792.jpg,Matthew_Broderick
7793.jpg,Kate_Lee
7794.jpg,Colin_Powell
7795.jpg,Moshe_Katsav
7796.jpg,Marian_Dolan
7797.jpg,Hideki_Sato
7798.jpg,John_Bolton
7799.jpg,Lucy_Liu
7800.jpg,Compay_Segundo
7801.jpg,Bob_Bowlsby
7802.jpg,Roger_Mahony
7803.jpg,Colin_Powell
7804.jpg,Garry_McCoy
7805.jpg,Ana_Palacio
7806.jpg,Carl_Levin
7807.jpg,Salman_Rushdie
7808.jpg,Paul_Bremer
7809.jpg,Jean-Pierre_Raffarin
7810.jpg,Larry_Brown
7811.jpg,Naomi_Watts
7812.jpg,Kristanna_Loken
7813.jpg,Peter_Greenaway
7814.jpg,Paul_Bremer
7815.jpg,Mike_Helton
7816.jpg,Candice_Bergen
7817.jpg,069_frontal
7818.jpg,Ralf_Schumacher
7819.jpg,Alan_Ball
7820.jpg,Jay_Garner
7821.jpg,John_Bolton
7822.jpg,Strom_Thurmond
7823.jpg,Hun_Sen
7824.jpg,Queen_Beatrix
7825.jpg,Rogerio_Romero
7826.jpg,Colin_Powell
7827.jpg,Tiger_Woods
7828.jpg,Paul_Bremer
7829.jpg,Kate_Hudson
7830.jpg,Rick_Romley
7831.jpg,Elizabeth_Taylor
7832.jpg,Derek_Jeter
7833.jpg,Ralf_Schumacher
7834.jpg,Naomi_Watts
7835.jpg,Tiger_Woods
7836.jpg,Patricia_Johnson
7837.jpg,Colin_Powell
7838.jpg,Matt_Siebrandt
7839.jpg,Jennifer_Keller
7840.jpg,Enrique_Bolanos
7841.jpg,Bill_Kollar
7842.jpg,Leandrinho_Barbosa
7843.jpg,Elizabeth_Shue
7844.jpg,Peter_Mugyeni
7845.jpg,Colin_Powell
7846.jpg,Gregg_Popovich
7847.jpg,S_Jayakumar
7848.jpg,Corinna_Harfouch
7849.jpg,Hugo_Chavez
7850.jpg,Kevin_Spacey
7851.jpg,Michael_Chang
7852.jpg,Wen_Jiabao
7853.jpg,Colin_Powell
7854.jpg,Kevin_Spacey
7855.jpg,John_Franco
7856.jpg,Hamid_Karzai
7857.jpg,Juan_Carlos_Ortega
7858.jpg,Suzie_McConnell_Serio
7859.jpg,Hugo_Chavez
7860.jpg,Colin_Powell
7861.jpg,Jane_Leeves
7862.jpg,James_Lockhart
7863.jpg,Hun_Sen
7864.jpg,Valery_Giscard_dEstaing
7865.jpg,Anna_Chicherova
7866.jpg,Donald_Trump
7867.jpg,Nate_Hybl
7868.jpg,Chris_Dodd
7869.jpg,Shane_Mosley
7870.jpg,Isabella_Rossellini
7871.jpg,Sophie
7872.jpg,Juan_Francisco_Palencia
7873.jpg,Ricardo_Lopez_Murphy
7874.jpg,Tom_Ridge
7875.jpg,Milo_Maestrecampo
7876.jpg,Samuel_Waksal
7877.jpg,Thomas_OBrien
7878.jpg,Diana_Renee_Valdivieso_Dubon
7879.jpg,Paul_Li_Calsi
7880.jpg,Lucy_Liu
7881.jpg,Thomas_Fargo
7882.jpg,Elgin_Baylor
7883.jpg,Kurt_Warner
7884.jpg,Colin_Powell
7885.jpg,Harrison_Ford
7886.jpg,Denzel_Washington
7887.jpg,Isabelle_Huppert
7888.jpg,Matt_Damon
7889.jpg,Ralph_Sampson
7890.jpg,Hans_Eichel
7891.jpg,Matt_Siebrandt
7892.jpg,Vanessa_Williams
7893.jpg,Aleksander_Kwasniewski
7894.jpg,Justine_Pasek
7895.jpg,Colin_Powell
7896.jpg,Stanley_McChrystal
7897.jpg,Paul_William_Hurley
7898.jpg,Eli_Broad
7899.jpg,Colin_Powell
7900.jpg,Colin_Powell
7901.jpg,Kofi_Annan
7902.jpg,Irfan_Ahmed
7903.jpg,Peter_Hillary
7904.jpg,Jerry_Pauley
7905.jpg,Martin_Brodeur
7906.jpg,Jim_Carrey
7907.jpg,Jesse_James_Leija
7908.jpg,Hugo_Chavez
7909.jpg,Alberto_Fujimori
7910.jpg,John_Kerry
7911.jpg,Colin_Powell
7912.jpg,Tom_Cruise
7913.jpg,John_Bond
7914.jpg,Colin_Powell
7915.jpg,Hugo_Chavez
7916.jpg,Robert_Duvall
7917.jpg,Oscar_De_La_Hoya
7918.jpg,Francois_Pienaar
7919.jpg,Irfan_Ahmed
7920.jpg,Milton_Berle
7921.jpg,052_frontal
7922.jpg,046_frontal
7923.jpg,Colin_Powell
7924.jpg,Gary_Gitnick
7925.jpg,Tony_Stewart
7926.jpg,Kelli_White
7927.jpg,Moshe_Katsav
7928.jpg,Hugo_Chavez
7929.jpg,Fred_Funk
7930.jpg,119_frontal
7931.jpg,Peter_Harvey
7932.jpg,Flor_Montulo
7933.jpg,005_frontal
7934.jpg,110_frontal
7935.jpg,Tom_Ridge
7936.jpg,Colin_Powell
7937.jpg,Chuck_Eidson
7938.jpg,Harrison_Ford
7939.jpg,Colin_Powell
7940.jpg,Ralf_Schumacher
7941.jpg,Colin_Powell
7942.jpg,Ahmad_Masood
7943.jpg,Jeff_George
7944.jpg,036_frontal
7945.jpg,Elizabeth_Hill
7946.jpg,Kate_Hudson
7947.jpg,Brandon_Knight
7948.jpg,Gael_Garcia_Bermal
7949.jpg,Jennifer_Connelly
7950.jpg,Jeong_Se-hyun
7951.jpg,Bob_Melvin
7952.jpg,Kate_Hudson
7953.jpg,John_Abizaid
7954.jpg,Deece_Eckstein
7955.jpg,Yoelbi_Quesada
7956.jpg,Wayne_Ferreira
7957.jpg,Ralf_Schumacher
7958.jpg,John_Nash
7959.jpg,Kevin_Gil
7960.jpg,Mariano_Zabaleta
7961.jpg,Charlton_Heston
7962.jpg,Wang_Hailan
7963.jpg,Jack_Welch
7964.jpg,Thomas_OBrien
7965.jpg,Colin_Powell
7966.jpg,Dario_Franchitti
7967.jpg,Denzel_Washington
7968.jpg,Tony_Curtis
7969.jpg,Alexandra_Spann
7970.jpg,James_Blake
7971.jpg,Pete_Sampras
7972.jpg,Jose_Manuel_Durao_Barroso
7973.jpg,Candice_Bergen
7974.jpg,Hugo_Chavez
7975.jpg,Monica_Seles
7976.jpg,Elinor_Caplan
7977.jpg,Hugo_Chavez
7978.jpg,Raymond_Arthurs
7979.jpg,Matthew_Broderick
7980.jpg,Lyle_Vanclief
7981.jpg,Juanes
7982.jpg,John_Bolton
7983.jpg,Gwendal_Peizerat
7984.jpg,Kofi_Annan
7985.jpg,Dan_Wheldon
7986.jpg,Dorthy_Moxley
7987.jpg,Naomi_Watts
7988.jpg,Harrison_Ford
7989.jpg,Princess_Anne
7990.jpg,Robert_Duvall
7991.jpg,Mariah_Carey
7992.jpg,Paul_Bremer
7993.jpg,Colin_Powell
7994.jpg,Monica_Seles
7995.jpg,Eric_Ryan_Donnelly
7996.jpg,Kofi_Annan
7997.jpg,Tim_Duncan
7998.jpg,Sandra_Milo
7999.jpg,Tiger_Woods
8000.jpg,Millicent_Martin
8001.jpg,Valentino_Rossi
8002.jpg,Steven_Hatfill
8003.jpg,Ren_Qingjin
8004.jpg,Gary_Gitnick
8005.jpg,Wen_Jiabao
8006.jpg,Reese_Witherspoon
8007.jpg,Debra_Rose
8008.jpg,Laurence_Fishburne
8009.jpg,Jim_Leach
8010.jpg,Brian_Henson
8011.jpg,Colin_Powell
8012.jpg,Warren_Beatty
8013.jpg,Hamid_Karzai
8014.jpg,Oswaldo_Paya
8015.jpg,Maria_Shriver
8016.jpg,Sergei_Alexandrovitch_Ordzhonikidze
8017.jpg,Thaksin_Shinawatra
8018.jpg,Jaromir_Jagr
8019.jpg,John_Bolton
8020.jpg,Kate_Hudson
8021.jpg,Scott_McNealy
8022.jpg,Lea_Fastow
8023.jpg,Ralph_Klein
8024.jpg,Steve_Austin
8025.jpg,Jeri_Ryan
8026.jpg,Samantha_Daniels
8027.jpg,Colin_Powell
8028.jpg,John_Abizaid
8029.jpg,Colin_Powell
8030.jpg,Annette_Bening
8031.jpg,Billy_Beane
8032.jpg,Colin_Powell
8033.jpg,088_frontal
8034.jpg,Colin_Powell
8035.jpg,Padraig_Harrington
8036.jpg,Anne_ONeil
8037.jpg,Scott_McNealy
8038.jpg,Din_Samsudin
8039.jpg,Valentino_Rossi
8040.jpg,James_Blake
8041.jpg,Ray_Allen
8042.jpg,Roberto_Carlos
8043.jpg,Chris_Moore
8044.jpg,James_Sensenbrenner
8045.jpg,063_frontal
8046.jpg,Colin_Powell
8047.jpg,Gene_Autry
8048.jpg,Cesar_Maia
8049.jpg,Jim_Paxson
8050.jpg,Hugo_Chavez
8051.jpg,Kofi_Annan
8052.jpg,Pete_Sampras
8053.jpg,LK_Advani
8054.jpg,Angie_Martinez
8055.jpg,Tony_Stewart
8056.jpg,Mario_Lemieux
8057.jpg,Mikulas_Dzurinda
8058.jpg,Dean_Barkley
8059.jpg,Jean-Pierre_Raffarin
8060.jpg,Debra_Brown
8061.jpg,Colin_Powell
8062.jpg,108_frontal
8063.jpg,Patrice_Chereau
8064.jpg,Tom_Ridge
8065.jpg,Michael_Chang
8066.jpg,Padraig_Harrington
8067.jpg,Tom_Ridge
8068.jpg,Jay_Garner
8069.jpg,Charlie_Hunnam
8070.jpg,Penelope_Ann_Miller
8071.jpg,Aaron_Peirsol
8072.jpg,Milo_Maestrecampo
8073.jpg,Matt_Roney
8074.jpg,Li_Zhaoxing
8075.jpg,Nathalie_Baye
8076.jpg,Colin_Powell
8077.jpg,Jose_Cevallos
8078.jpg,Bulent_Ecevit
8079.jpg,079_frontal
8080.jpg,059_frontal
8081.jpg,Chris_Rock
8082.jpg,Tom_Ridge
8083.jpg,Elias_Attallah
8084.jpg,Sergio_Vieira_De_Mello
8085.jpg,Doug_Moe
8086.jpg,Colin_Powell
8087.jpg,043_frontal
8088.jpg,Kofi_Annan
8089.jpg,Jeong_Se-hyun
8090.jpg,Guillaume_Depardieu
8091.jpg,Thomas_Fargo
8092.jpg,Derek_Jeter
8093.jpg,Colin_Powell
8094.jpg,Carlos_Lordkipanitse
8095.jpg,Colin_Powell
8096.jpg,Aiysha_Smith
8097.jpg,Clemente_de_la_Vega
8098.jpg,John_Kerry
8099.jpg,Robert_Duvall
8100.jpg,Colin_Powell
8101.jpg,Caroline_Kennedy
8102.jpg,Thaksin_Shinawatra
8103.jpg,LK_Advani
8104.jpg,Daja_Bedanova
8105.jpg,Tim_Howard
8106.jpg,Daniel_Radcliffe
8107.jpg,Colin_Powell
8108.jpg,Paul_Bremer
8109.jpg,Hugo_Chavez
8110.jpg,Colin_Powell
8111.jpg,Douglas_Faneuil
8112.jpg,Matthew_Ouimet
8113.jpg,Jose_Carreras
8114.jpg,Charles_Cope
8115.jpg,Rina_Lazo
8116.jpg,Steve_Blake
8117.jpg,Charlotte_Church
8118.jpg,Nick_Nolte
8119.jpg,Lennart_Johansson
8120.jpg,Malcolm_Glazer
8121.jpg,Mariah_Carey
8122.jpg,Gregorio_Honasan
8123.jpg,David_Przybyszewski
8124.jpg,Tom_Hanks
8125.jpg,Georgina_Papin
8126.jpg,Hugo_Chavez
8127.jpg,Colin_Powell
8128.jpg,Michael_Chang
8129.jpg,Brad_Gushue
8130.jpg,Ron_Dittemore
8131.jpg,Nathalie_Baye
8132.jpg,Paul_Burrell
8133.jpg,Hugo_Chavez
8134.jpg,Pedro_Malan
8135.jpg,Thomas_Fargo
8136.jpg,Hugo_Chavez
8137.jpg,Kate_Hudson
8138.jpg,Sophia_Loren
8139.jpg,Hugo_Chavez
8140.jpg,Ignatius_Wang
8141.jpg,Michael_Chang
8142.jpg,Larry_Brown
8143.jpg,Diane_Lane
8144.jpg,Bob_Stoops
8145.jpg,Tiger_Woods
8146.jpg,Colin_Powell
8147.jpg,Larry_Brown
8148.jpg,Ralph_Firman
8149.jpg,Jay_Garner
8150.jpg,Tom_Cruise
8151.jpg,Cole_Chapman
8152.jpg,Paul_Burrell
8153.jpg,Mark_Warner
8154.jpg,Habib_Rizieq
8155.jpg,Al_Gore
8156.jpg,John_Kerry
8157.jpg,Colin_Powell
8158.jpg,Aiysha_Smith
8159.jpg,Narendra_Modi
8160.jpg,Hugo_Chavez
8161.jpg,Jimmy_Jimenez
8162.jpg,008_frontal
8163.jpg,Hamid_Karzai
8164.jpg,John_Abizaid
8165.jpg,Colin_Powell
8166.jpg,Queen_Beatrix
8167.jpg,Ana_Claudia_Talancon
8168.jpg,Silvie_Cabero
8169.jpg,Tom_Ridge
8170.jpg,Leslie_Wiser_Jr
8171.jpg,083_frontal
8172.jpg,Hugo_Chavez
8173.jpg,Colin_Powell
8174.jpg,John_Edwards
8175.jpg,John_Abizaid
8176.jpg,Juan_Carlos_Ortega
8177.jpg,Colin_Powell
8178.jpg,Mickey_Gilley
8179.jpg,Paris_Hilton
8180.jpg,Sean_Astin
8181.jpg,Kofi_Annan
8182.jpg,John_Kerry
8183.jpg,Hugo_Chavez
8184.jpg,Kristanna_Loken
8185.jpg,Michael_Chang
8186.jpg,Ana_Palacio
8187.jpg,Colin_Powell
8188.jpg,099_frontal
8189.jpg,Mario_Alfaro-Lopez
8190.jpg,Naomi_Watts
8191.jpg,Peter_Bacanovic
8192.jpg,Viara_Vike-Freiberga
8193.jpg,Thaksin_Shinawatra
8194.jpg,Stellan_Skarsgard
8195.jpg,Colin_Powell
8196.jpg,Justine_Pasek
8197.jpg,Ai_Sugiyama
8198.jpg,Jerry_Regier
8199.jpg,Guillaume_Soro
8200.jpg,Pete_Sampras
8201.jpg,Ben_Glisan
8202.jpg,Colin_Powell
8203.jpg,Charlton_Heston
8204.jpg,Robin_McGraw
8205.jpg,Al_Gore
8206.jpg,Maria_Shriver
8207.jpg,John_Kerry
8208.jpg,Kofi_Annan
8209.jpg,019_frontal
8210.jpg,Chris_Rock
8211.jpg,Oswaldo_Paya
8212.jpg,Kurt_Hellstrom
8213.jpg,Matt_Siebrandt
8214.jpg,Tom_Ridge
8215.jpg,Colin_Powell
8216.jpg,Hugo_Chavez
8217.jpg,Jose_Manuel_Durao_Barroso
8218.jpg,093_frontal
8219.jpg,Li_Peng
8220.jpg,Ralf_Schumacher
8221.jpg,James_Butts
8222.jpg,Kofi_Annan
8223.jpg,Omar_el-Heib
8224.jpg,Robin_McGraw
8225.jpg,Hans_Leistritz
8226.jpg,Ralf_Schumacher
8227.jpg,007_frontal
8228.jpg,John_McCallum
8229.jpg,Ruben_Studdard
8230.jpg,Karen_Sharpe_Kramer
8231.jpg,Sean_Astin
8232.jpg,Colin_Powell
8233.jpg,Padraig_Harrington
8234.jpg,Garry_Kasparov
8235.jpg,Robert_Duvall
8236.jpg,Tiger_Woods
8237.jpg,Danny_Ainge
8238.jpg,Paul_Burrell
8239.jpg,Flor_Montulo
8240.jpg,Garry_Kasparov
8241.jpg,Sean_Townsend
8242.jpg,Joe_Mantello
8243.jpg,Pete_Sampras
8244.jpg,Colin_Powell
8245.jpg,Tina_Brown
8246.jpg,Karen_Sharpe_Kramer
8247.jpg,Elinor_Caplan
8248.jpg,Robert_Douglas
8249.jpg,002_frontal
8250.jpg,Colin_Powell
8251.jpg,Leander_Paes
8252.jpg,Rosemarie_Stack
8253.jpg,Kate_Hudson
8254.jpg,Efrain_Rios_Montt
8255.jpg,Tiger_Woods
8256.jpg,Thomas_OBrien
8257.jpg,Monica_Seles
8258.jpg,Sheila_Fraser
8259.jpg,Scott_Wallach
8260.jpg,Vincent_Sombrotto
8261.jpg,Hugo_Chavez
8262.jpg,049_frontal
8263.jpg,Cate_Blanchett
8264.jpg,Matt_Damon
8265.jpg,Hugo_Chavez
8266.jpg,Hugo_Chavez
8267.jpg,Charles_Schumer
8268.jpg,Colin_Powell
8269.jpg,Wayne_Ferreira
8270.jpg,Hamid_Karzai
8271.jpg,Paul_Burrell
8272.jpg,Red_Auerbach
8273.jpg,Dean_Jacek
8274.jpg,Tiger_Woods
8275.jpg,Tiger_Woods
8276.jpg,Slobodan_Milosevic
8277.jpg,Elinor_Caplan
8278.jpg,Matt_Braker
8279.jpg,Benjamin_Netanyahu
8280.jpg,Elizabeth_Hill
8281.jpg,Kofi_Annan
8282.jpg,Kevin_Gil
8283.jpg,Jesper_Parnevik
8284.jpg,Franz_Gsell
8285.jpg,025_frontal
8286.jpg,Ralf_Schumacher
8287.jpg,Jeremy_Fogel
8288.jpg,Emanuel_Ginobili
8289.jpg,Colin_Powell
8290.jpg,Tiger_Woods
8291.jpg,Stuart_Whitman
8292.jpg,Pete_Sampras
8293.jpg,124_frontal
8294.jpg,Roger_Mahony
8295.jpg,John_Gruden
8296.jpg,Thaksin_Shinawatra
8297.jpg,Pete_Sampras
8298.jpg,Jeffrey_Ashby
8299.jpg,Colin_Powell
8300.jpg,Ron_Dittemore
8301.jpg,Jim_Leach
8302.jpg,Patrick_Stewart
8303.jpg,Kofi_Annan
8304.jpg,Bill_Butler
8305.jpg,Larry_Brown
8306.jpg,Ozzy_Osbourne
8307.jpg,Hamid_Karzai
8308.jpg,Colin_Powell
8309.jpg,Isabella_Rossellini
8310.jpg,Valery_Giscard_dEstaing
8311.jpg,Mikulas_Dzurinda
8312.jpg,Pat_Burns
8313.jpg,Robert_Duvall
8314.jpg,Cristina_Torrens_Valero
8315.jpg,Kevin_Garnett
8316.jpg,Hugo_Chavez
8317.jpg,Angel_Lockward
8318.jpg,Conchita_Martinez
8319.jpg,Colin_Powell
8320.jpg,Stellan_Skarsgard
8321.jpg,Dick_Latessa
8322.jpg,Todd_Petit
8323.jpg,Mehmet_Ali_Sahin
8324.jpg,Derek_Jeter
8325.jpg,Rita_Moreno
8326.jpg,Wan_Yanhai
8327.jpg,Colin_Powell
8328.jpg,Reese_Witherspoon
8329.jpg,Ozzy_Osbourne
8330.jpg,Mikulas_Dzurinda
8331.jpg,Gwendal_Peizerat
8332.jpg,Colin_Powell
8333.jpg,Thomas_OBrien
8334.jpg,Celso_Lafer
8335.jpg,Richard_Jewell
8336.jpg,Donald_Pettit
8337.jpg,Hamid_Karzai
8338.jpg,Ali_Khamenei
8339.jpg,Fazal-ur-Rehman
8340.jpg,Paul_Bremer
8341.jpg,Nick_Nolte
8342.jpg,007_frontal
8343.jpg,Naomi_Watts
8344.jpg,Cameron_Diaz
8345.jpg,Li_Peng
8346.jpg,Steven_Hatfill
8347.jpg,Alejandro_Atchugarry
8348.jpg,Hugo_Chavez
8349.jpg,Ralf_Schumacher
8350.jpg,Tom_Cruise
8351.jpg,Douglas_Faneuil
8352.jpg,Luther_Htu
8353.jpg,Juergen_Peters
8354.jpg,Marwan_Barghouthi
8355.jpg,Colin_Powell
8356.jpg,Colin_Powell
8357.jpg,Oscar_Elias_Biscet
8358.jpg,Phillip_Fulmer
8359.jpg,Colin_Powell
8360.jpg,Ana_Claudia_Talancon
8361.jpg,Sheila_Taormina
8362.jpg,Colin_Powell
8363.jpg,Momir_Nikolic
8364.jpg,John_Kerry
8365.jpg,Ben_Glisan
8366.jpg,Thomas_OBrien
8367.jpg,Kofi_Annan
8368.jpg,096_frontal
8369.jpg,Tony_Curtis
8370.jpg,Paul_Burrell
8371.jpg,Mukesh_Ambani
8372.jpg,Mirela_Manjani
8373.jpg,Colin_Powell
8374.jpg,Monica_Seles
8375.jpg,Chante_Jawan_Mallard
8376.jpg,Joan_Dangerfield
8377.jpg,Colin_Powell
8378.jpg,Colin_Powell
8379.jpg,Jay_Garner
8380.jpg,Hugo_Chavez
8381.jpg,Vicente_Fox_de_la_Concha
8382.jpg,Jason_Gardner
8383.jpg,Christina_Sawaya
8384.jpg,Al_Leiter
8385.jpg,Hamad_Bin_Jassim
8386.jpg,Salma_Hayek
8387.jpg,Colin_Powell
8388.jpg,Efrain_Rios_Montt
8389.jpg,Naomi_Watts
8390.jpg,Sergio_Vieira_De_Mello
8391.jpg,Bob_Stoops
8392.jpg,Tom_Cruise
8393.jpg,Dick_Posthumus
8394.jpg,Brandon_Boyd
8395.jpg,Ahmad_Masood
8396.jpg,Raoul_Ruiz
8397.jpg,Red_Auerbach
8398.jpg,Paul_Burrell
8399.jpg,Maria_Wetterstrand
8400.jpg,Gene_Sauers
8401.jpg,Tim_Curry
8402.jpg,Daja_Bedanova
8403.jpg,Eli_Broad
8404.jpg,065_frontal
8405.jpg,Bob_Stoops
8406.jpg,Jay_Garner
8407.jpg,003_frontal
8408.jpg,Alejandro_Atchugarry
8409.jpg,124_frontal
8410.jpg,Ciro_Gomes
8411.jpg,Tom_Ridge
8412.jpg,Ron_Dittemore
8413.jpg,Miguel_Jimenez
8414.jpg,016_frontal
8415.jpg,Vanessa_Williams
8416.jpg,Win_Aung
8417.jpg,Tiger_Woods
8418.jpg,Naomi_Watts
8419.jpg,Colin_Powell
8420.jpg,Kurt_Warner
8421.jpg,Patricia_Heaton
8422.jpg,Colin_Powell
8423.jpg,114_frontal
8424.jpg,Mariangel_Ruiz_Torrealba
8425.jpg,Marilyn_Monroe
8426.jpg,Marco_Irizarry
8427.jpg,Elias_Attallah
8428.jpg,Jerry_Regier
8429.jpg,Tom_Ridge
8430.jpg,Angie_Martinez
8431.jpg,Hugo_Chavez
8432.jpg,Caroline_Kennedy
8433.jpg,Marcelo_Ebrard
8434.jpg,Ron_Dittemore
8435.jpg,Paul_Bremer
8436.jpg,Queen_Noor
8437.jpg,Cameron_Diaz
8438.jpg,John_Bolton
8439.jpg,Rob_Moore
8440.jpg,Roger_Staubach
8441.jpg,Lea_Fastow
8442.jpg,Marina_Anissina
8443.jpg,046_frontal
8444.jpg,Salman_Rushdie
8445.jpg,Annette_Bening
8446.jpg,Milo_Maestrecampo
8447.jpg,Alex_King
8448.jpg,Colin_Powell
8449.jpg,Steve_Mariucci
8450.jpg,Naomi_Watts
8451.jpg,Charles_Richardson
8452.jpg,Oswaldo_Paya
8453.jpg,Catherine_Deneuve
8454.jpg,Jon_Gruden
8455.jpg,Monica_Seles
8456.jpg,Mariah_Carey
8457.jpg,Linus_Roache
8458.jpg,John_Kerry
8459.jpg,Tony_Stewart
8460.jpg,023_frontal
8461.jpg,Chip_Ganassi
8462.jpg,114_frontal
8463.jpg,John_Abizaid
8464.jpg,Orlando_Bloom
8465.jpg,Salma_Hayek
8466.jpg,063_frontal
8467.jpg,Thaksin_Shinawatra
8468.jpg,Hans_Eichel
8469.jpg,Enrique_Bolanos
8470.jpg,Mary_Sue_Coleman
8471.jpg,Lloyd_Mudiwa
8472.jpg,Colin_Powell
8473.jpg,Pete_Sampras
8474.jpg,Habib_Rizieq
8475.jpg,Colin_Powell
8476.jpg,Seymour_Cassell
8477.jpg,Jean-Pierre_Raffarin
8478.jpg,Ted_Christopher
8479.jpg,John_McCallum
8480.jpg,Naomi_Watts
8481.jpg,Wen_Jiabao
8482.jpg,Marina_Anissina
8483.jpg,John_Kerry
8484.jpg,Derek_Jeter
8485.jpg,Dave_Robertson
8486.jpg,Gary_Gitnick
8487.jpg,Colin_Powell
8488.jpg,Bob_Stoops
8489.jpg,Mariah_Carey
8490.jpg,Colin_Powell
8491.jpg,Hugo_Chavez
8492.jpg,Colin_Powell
8493.jpg,021_frontal
8494.jpg,Roberto_Guaterroma
8495.jpg,David_Obey
8496.jpg,Colin_Powell
8497.jpg,Matthew_Ouimet
8498.jpg,Ralph_Firman
8499.jpg,Jeong_Se-hyun
8500.jpg,Rick_Santorum
8501.jpg,Mukesh_Ambani
8502.jpg,Eric_Hinske
8503.jpg,Pedro_Malan
8504.jpg,032_frontal
8505.jpg,Johnny_Depp
8506.jpg,Luis_Gonzalez_Macchi
8507.jpg,Oscar_De_La_Hoya
8508.jpg,Habib_Rizieq
8509.jpg,Hugo_Chavez
8510.jpg,Kofi_Annan
8511.jpg,Hugo_Chavez
8512.jpg,Oscar_De_La_Hoya
8513.jpg,Daniel_Chin
8514.jpg,Juergen_Peters
8515.jpg,Colin_Powell
8516.jpg,Colin_Powell
8517.jpg,Naomi_Watts
8518.jpg,Mariah_Carey
8519.jpg,064_frontal
8520.jpg,Maria_Shriver
8521.jpg,Ana_Palacio
8522.jpg,Shannyn_Sossamon
8523.jpg,Selma_Phoenix
8524.jpg,Matt_Damon
8525.jpg,Maha_Habib
8526.jpg,Oswaldo_Paya
8527.jpg,Georgina_Papin
8528.jpg,Carlos_Ortega
8529.jpg,Colin_Powell
8530.jpg,Hamid_Karzai
8531.jpg,Simona_Hradil
8532.jpg,Jim_Ahern
8533.jpg,Chang_Jae_On
8534.jpg,Kate_Hudson
8535.jpg,Salma_Hayek
8536.jpg,Gwendal_Peizerat
8537.jpg,Hanan_Ashrawi
8538.jpg,Jay_Garner
8539.jpg,Richard_Naughton
8540.jpg,Jose_Manuel_Durao_Barroso
8541.jpg,Erwin_Mapasseng
8542.jpg,Alanis_Morissette
8543.jpg,Michael_Moore
8544.jpg,Jennifer_Connelly
8545.jpg,Colin_Powell
8546.jpg,Trisha_Meili
8547.jpg,Colin_Powell
8548.jpg,Ron_Dittemore
8549.jpg,John_Banko
8550.jpg,122_frontal
8551.jpg,Dario_Franchitti
8552.jpg,Jean-Luc_Bideau
8553.jpg,Fran_Drescher
8554.jpg,Queen_Beatrix
8555.jpg,Ana_Palacio
8556.jpg,Al_Gore
8557.jpg,010_frontal
8558.jpg,Elizabeth_Shue
8559.jpg,James_Blake
8560.jpg,Hamid_Karzai
8561.jpg,Li_Peng
8562.jpg,Rogerio_Romero
8563.jpg,James_Blake
8564.jpg,Ian_Wilmut
8565.jpg,Paul_Newman
8566.jpg,Hugo_Chavez
8567.jpg,Norodom_Sihanouk
8568.jpg,Tim_Curry
8569.jpg,Hugo_Chavez
8570.jpg,Hugo_Chavez
8571.jpg,Colin_Powell
8572.jpg,Eric_Vigouroux
8573.jpg,Colin_Powell
8574.jpg,Jeong_Se-hyun
8575.jpg,Roger_Cook
8576.jpg,Hwang_Doo-yun
8577.jpg,Colin_Powell
8578.jpg,Jorge_Moreno
8579.jpg,Kenneth_Branagh
8580.jpg,Aaron_Peirsol
8581.jpg,Wen_Jiabao
8582.jpg,Robert_Bullock
8583.jpg,Mary_Jo_Myers
8584.jpg,Alex_King
8585.jpg,Brock_Berlin
8586.jpg,Colin_Powell
8587.jpg,Colin_Powell
8588.jpg,Harrison_Ford
8589.jpg,David_McCallum
8590.jpg,Eli_Rosenbaum
8591.jpg,Kai-Uwe_Ricke
8592.jpg,Bruce_Weber
8593.jpg,Hamid_Karzai
8594.jpg,Monica_Seles
8595.jpg,Paul_Burrell
8596.jpg,Bill_Pryor
8597.jpg,Colin_Powell
8598.jpg,Stanley_McChrystal
8599.jpg,Al_Gore
8600.jpg,Martin_Torrijos
8601.jpg,Harrison_Ford
8602.jpg,Tom_Welch
8603.jpg,William_Burns
8604.jpg,Mike_Holmgren
8605.jpg,Colin_Powell
8606.jpg,Colin_Powell
8607.jpg,Hugo_Chavez
8608.jpg,Valery_Giscard_dEstaing
8609.jpg,Cate_Blanchett
8610.jpg,Harrison_Ford
8611.jpg,036_frontal
8612.jpg,Tino_Martinez
8613.jpg,Thomas_OBrien
8614.jpg,Mariah_Carey
8615.jpg,John_Bolton
8616.jpg,Naomi_Watts
8617.jpg,Lindsay_Benko
8618.jpg,Barry_Nakell
8619.jpg,Mohammad_Al-Sharief
8620.jpg,Jose_Manuel_Durao_Barroso
8621.jpg,Tiger_Woods
8622.jpg,Matt_Doherty
8623.jpg,Beyonce_Knowles
8624.jpg,Justin_Wilson
8625.jpg,Colin_Powell
8626.jpg,Aleksander_Kwasniewski
8627.jpg,Janet_Napolitano
8628.jpg,Hugo_Chavez
8629.jpg,Colin_Powell
8630.jpg,Joe_Dicaro
8631.jpg,Peter_Rasch
8632.jpg,Salma_Hayek
8633.jpg,Hamid_Karzai
8634.jpg,Connie_Chung
8635.jpg,LK_Advani
8636.jpg,Leander_Paes
8637.jpg,Tom_Welch
8638.jpg,Colin_Powell
8639.jpg,Conchita_Martinez
8640.jpg,Colin_Powell
8641.jpg,Mariah_Carey
8642.jpg,011_frontal
8643.jpg,Tom_Ridge
8644.jpg,Kofi_Annan
8645.jpg,Monica_Seles
8646.jpg,Tom_Ridge
8647.jpg,Robert_Duvall
8648.jpg,Naomi_Watts
8649.jpg,Tiger_Woods
8650.jpg,Yogi_Berra
8651.jpg,Colin_Powell
8652.jpg,Peter_Hillary
8653.jpg,Jeannette_Biedermann
8654.jpg,115_frontal
8655.jpg,Robin_McGraw
8656.jpg,Danny_Ainge
8657.jpg,Hamid_Karzai
8658.jpg,Cassandra_Heise
8659.jpg,Mukesh_Ambani
8660.jpg,Salma_Hayek
8661.jpg,Cameron_Diaz
8662.jpg,Valery_Giscard_dEstaing
8663.jpg,John_Bolton
8664.jpg,Brendan_Hansen
8665.jpg,Drew_Barrymore
8666.jpg,033_frontal
8667.jpg,018_frontal
8668.jpg,Larry_Brown
8669.jpg,Win_Aung
8670.jpg,Reese_Witherspoon
8671.jpg,Colin_Powell
8672.jpg,Dean_Barkley
8673.jpg,Kurt_Warner
8674.jpg,Colin_Powell
8675.jpg,Jon_Gruden
8676.jpg,Shannon_OBrien
8677.jpg,Steve_Mariucci
8678.jpg,Paul_William_Hurley
8679.jpg,Wen_Jiabao
8680.jpg,Tom_Ridge
8681.jpg,Salma_Hayek
8682.jpg,003_frontal
8683.jpg,Ryan_Goodman
8684.jpg,Andy_Garcia
8685.jpg,Maria_Shriver
8686.jpg,Colin_Powell
8687.jpg,John_Bolton
8688.jpg,Ana_Palacio
8689.jpg,Michael_Kirby
8690.jpg,Hun_Sen
8691.jpg,Robert_Douglas
8692.jpg,Leo_Ramirez
8693.jpg,124_frontal
8694.jpg,Tommy_Tubberville
8695.jpg,Tom_Ridge
8696.jpg,Wen_Jiabao
8697.jpg,123_frontal
8698.jpg,Jim_Ahern
8699.jpg,Dolly_Parton
8700.jpg,Narendra_Modi
8701.jpg,Corinna_Harfouch
8702.jpg,Colin_Powell
8703.jpg,Takenori_Kanzaki
8704.jpg,Hermando_Harton
8705.jpg,Bak_Chang-Ryun
8706.jpg,079_frontal
8707.jpg,John_Philip_Elkann
8708.jpg,Jeanne_Moreau
8709.jpg,Christine_Gregoire
8710.jpg,Ai_Sugiyama
8711.jpg,Leslie_Wiser_Jr
8712.jpg,Hanan_Ashrawi
8713.jpg,Enrique_Iglesias
8714.jpg,George_Blaney
8715.jpg,John_Eder
8716.jpg,Sasha_Alexander
8717.jpg,Hans_Peter_Briegel
8718.jpg,George_Lopez
8719.jpg,Tom_Ridge
8720.jpg,Colin_Powell
8721.jpg,Troy_Aikman
8722.jpg,Hugo_Chavez
8723.jpg,Atiabet_Ijan_Amabel
8724.jpg,Donald_Keck
8725.jpg,Colin_Powell
8726.jpg,Valentino_Rossi
8727.jpg,Shane_Mosley
8728.jpg,William_Genego
8729.jpg,Derek_Jeter
8730.jpg,Colin_Powell
8731.jpg,Colin_Powell
8732.jpg,Colin_Powell
8733.jpg,Princess_Victoria
8734.jpg,Pete_Sampras
8735.jpg,Ben_Glisan
8736.jpg,Salma_Hayek
8737.jpg,Jason_Biggs
8738.jpg,Kristanna_Loken
8739.jpg,Kofi_Annan
8740.jpg,Brian_Scalabrine
8741.jpg,Jon_Constance
8742.jpg,Kate_Hudson
8743.jpg,Colin_Powell
8744.jpg,Kurt_Warner
8745.jpg,Jose_Lina
8746.jpg,Colin_Powell
8747.jpg,Enrique_Bolanos
8748.jpg,Paula_Abdul
8749.jpg,Larry_Coker
8750.jpg,Colin_Powell
8751.jpg,Maria_Wetterstrand
8752.jpg,Ron_Dittemore
8753.jpg,Hamid_Karzai
8754.jpg,David_Kelly
8755.jpg,Ted_Williams
8756.jpg,Tom_Ridge
8757.jpg,Carson_Palmer
8758.jpg,Thomas_OBrien
8759.jpg,Pete_Sampras
8760.jpg,Marina_Anissina
8761.jpg,Brigitte_Boisselier
8762.jpg,Lea_Fastow
8763.jpg,Colin_Powell
8764.jpg,Mary_Matalin
8765.jpg,Lynne_Thigpen
8766.jpg,069_frontal
8767.jpg,Billy_Tibbets
8768.jpg,Tom_Hanks
8769.jpg,Bulent_Ecevit
8770.jpg,Robert_Duvall
8771.jpg,Rita_Moreno
8772.jpg,Michele_Placido
8773.jpg,Gene_Autry
8774.jpg,Duane_Lee_Chapman
8775.jpg,Colin_Powell
8776.jpg,Colin_Powell
8777.jpg,Miguel_Jimenez
8778.jpg,Hugo_Chavez
8779.jpg,Colin_Powell
8780.jpg,Samuel_Waksal
8781.jpg,Suzie_McConnell_Serio
8782.jpg,Pete_Sampras
8783.jpg,Chang_Jae_On
8784.jpg,Colin_Powell
8785.jpg,Bill_Kollar
8786.jpg,Tom_Ridge
8787.jpg,Bryan_Adams
8788.jpg,Jay_Garner
8789.jpg,Elgin_Baylor
8790.jpg,William_Webster
8791.jpg,Tom_Hanks
8792.jpg,Karin_Pilsaeter
8793.jpg,Aleksander_Kwasniewski
8794.jpg,Colin_Powell
8795.jpg,Salma_Hayek
8796.jpg,Michele_Placido
8797.jpg,027_frontal
8798.jpg,110_frontal
8799.jpg,Caroline_Kennedy
8800.jpg,Colin_Powell
8801.jpg,Colin_Powell
8802.jpg,Larry_Ralston
8803.jpg,Sureyya_Ayhan
8804.jpg,Gary_Locke
8805.jpg,Frank_Schmoekel
8806.jpg,Colin_Powell
8807.jpg,Martin_Brodeur
8808.jpg,Jim_Carrey
8809.jpg,Deniz_Baykal
8810.jpg,Scott_McNealy
8811.jpg,Donald_Keck
8812.jpg,Isabella_Rossellini
8813.jpg,Benjamin_Netanyahu
8814.jpg,Colin_Powell
8815.jpg,Paulina_Rodriguez_Davila
8816.jpg,Norodom_Sihanouk
8817.jpg,Colin_Powell
8818.jpg,Greg_Ostertag
8819.jpg,Pete_Sampras
8820.jpg,055_frontal
8821.jpg,Moshe_Katsav
8822.jpg,Stanley_McChrystal
8823.jpg,Oscar_Elias_Biscet
8824.jpg,Hugo_Chavez
8825.jpg,John_Bond
8826.jpg,Jeong_Se-hyun
8827.jpg,Elvis_Costello
8828.jpg,Hugo_Chavez
8829.jpg,Johnny_Depp
8830.jpg,Alonzo_Mourning
8831.jpg,Jon_Gruden
8832.jpg,Harrison_Ford
8833.jpg,Kofi_Annan
8834.jpg,Simona_Hradil
8835.jpg,Win_Aung
8836.jpg,Tom_Ridge
8837.jpg,Antonio_Palocci
8838.jpg,Denise_Johnson
8839.jpg,Tom_Ridge
8840.jpg,Matt_Doherty
8841.jpg,Colin_Powell
8842.jpg,Nestor_Gonzalez
8843.jpg,Colin_Powell
8844.jpg,Charlotte_Church
8845.jpg,Steve_Blake
8846.jpg,Thaksin_Shinawatra
8847.jpg,Rodney_Dangerfield
8848.jpg,Ty_Votaw
8849.jpg,Colin_Powell
8850.jpg,John_Bolton
8851.jpg,Bob_Geldof
8852.jpg,Paul_Burrell
8853.jpg,Guillaume_Soro
8854.jpg,Hugo_Chavez
8855.jpg,John_Abizaid
8856.jpg,Kim_Gandy
8857.jpg,John_Paul_DeJoria
8858.jpg,Colin_Powell
8859.jpg,John_Kerry
8860.jpg,Dorthy_Moxley
8861.jpg,Salma_Hayek
8862.jpg,Daniel_Chin
8863.jpg,Tom_Hanks
8864.jpg,Christine_Arron
8865.jpg,Tom_Cruise
8866.jpg,Bill_Lerach
8867.jpg,Bob_Geldof
8868.jpg,Cate_Blanchett
8869.jpg,Woodrow_Stanley
8870.jpg,Pedro_Solbes
8871.jpg,Jake_Gyllenhaal
8872.jpg,Jose_Manuel_Durao_Barroso
8873.jpg,085_frontal
8874.jpg,John_Connolly
8875.jpg,Alberto_Ruiz_Gallardon
8876.jpg,Hung_Wan-ting
8877.jpg,Chris_Cirino
8878.jpg,Matt_Damon
8879.jpg,Antonio_Palocci
8880.jpg,Albert_Brooks
8881.jpg,Monica_Serra
8882.jpg,Enrique_Bolanos
8883.jpg,Antonio_Palocci
8884.jpg,092_frontal
8885.jpg,Derrick_Rodgers
8886.jpg,Sergio_Vieira_De_Mello
8887.jpg,Kofi_Annan
8888.jpg,Colin_Powell
8889.jpg,Rob_Moore
8890.jpg,Daryl_Hannah
8891.jpg,Wu_Yi
8892.jpg,Hamid_Karzai
8893.jpg,Naomi_Watts
8894.jpg,Christine_Gregoire
8895.jpg,Tim_Howard
8896.jpg,Martin_Luther_King_III
8897.jpg,Oprah_Winfrey
8898.jpg,Troy_Hudson
8899.jpg,Gustavo_Kuerten
8900.jpg,John_Mayer
8901.jpg,Win_Aung
8902.jpg,Pete_Sampras
8903.jpg,Adrian_Fernandez
8904.jpg,Malak_Habbak
8905.jpg,Kurt_Budke
8906.jpg,Robby_Ginepri
8907.jpg,Mary_Descenza
8908.jpg,Red_Auerbach
8909.jpg,Pete_Sampras
8910.jpg,Kofi_Annan
8911.jpg,Elizabeth_Hill
8912.jpg,Leonard_Glick
8913.jpg,Jeong_Se-hyun
8914.jpg,Colin_Powell
8915.jpg,Elizabeth_Taylor
8916.jpg,Jennifer_Connelly
8917.jpg,Jennifer_Keller
8918.jpg,Kristanna_Loken
8919.jpg,Eva_Herzigova
8920.jpg,Billy_Sollie
8921.jpg,Wu_Yi
8922.jpg,Janet_Napolitano
8923.jpg,Troy_Jenkins
8924.jpg,Sue_Wicks
8925.jpg,Harrison_Ford
8926.jpg,Jeri_Ryan
8927.jpg,Aaron_Peirsol
8928.jpg,Hugo_Chavez
8929.jpg,Robert_Duvall
8930.jpg,Abdul_Majeed_Shobokshi
8931.jpg,Chris_Rock
8932.jpg,Gary_Locke
8933.jpg,Celso_Lafer
8934.jpg,Colin_Powell
8935.jpg,Wen_Jiabao
8936.jpg,Emanuel_Ginobili
8937.jpg,Flor_Montulo
8938.jpg,Matt_Damon
8939.jpg,Tom_Ridge
8940.jpg,Colin_Powell
8941.jpg,Colin_Powell
8942.jpg,Tom_Ridge
8943.jpg,Shannon_OBrien
8944.jpg,Boutros_Boutros_Ghali
8945.jpg,Maureen_Fanning
8946.jpg,Joe_Dicaro
8947.jpg,Tiger_Woods
8948.jpg,John_Bolton
8949.jpg,Win_Aung
8950.jpg,Colin_Powell
8951.jpg,Gong_Ruina
8952.jpg,Colin_Powell
8953.jpg,Ciro_Gomes
8954.jpg,Matt_Damon
8955.jpg,Naomi_Watts
8956.jpg,Matt_Damon
8957.jpg,Evan_Marriott
8958.jpg,Cemil_Cicek
8959.jpg,George_Blaney
8960.jpg,Colin_Powell
8961.jpg,Fazal-ur-Rehman
8962.jpg,Gary_Locke
8963.jpg,Oscar_De_La_Hoya
8964.jpg,Johnny_Depp
8965.jpg,Nick_Nolte
8966.jpg,Miyako_Miyazaki
8967.jpg,Teresa_Williams
8968.jpg,Sophia_Loren
8969.jpg,Juergen_Peters
8970.jpg,Jolanta_Kwasniewski
8971.jpg,Colin_Powell
8972.jpg,Slobodan_Milosevic
8973.jpg,027_frontal
8974.jpg,Charles_Lebois
8975.jpg,039_frontal
8976.jpg,Samuel_Waksal
8977.jpg,Hamad_Bin_Jassim
8978.jpg,Rogerio_Romero
8979.jpg,Pete_Sampras
8980.jpg,Wen_Jiabao
8981.jpg,035_frontal
8982.jpg,Nathalie_Baye
8983.jpg,Hugo_Chavez
8984.jpg,Harvey_Fierstein
8985.jpg,Jeanne_Moreau
8986.jpg,Queen_Beatrix
8987.jpg,Larry_Brown
8988.jpg,Sean_Patrick_OMalley
8989.jpg,Al_Gore
8990.jpg,Hugo_Chavez
8991.jpg,James_Mathis
8992.jpg,Tom_Ridge
8993.jpg,Barbara_Boxer
8994.jpg,Emanuel_Ginobili
8995.jpg,Ted_Williams
8996.jpg,Orlando_Bloom
8997.jpg,Boutros_Boutros_Ghali
8998.jpg,Katalin_Kollat
8999.jpg,Evie_Lazarou
9000.jpg,Pete_Sampras
9001.jpg,Rosario_Dawson
9002.jpg,Al_Gore
9003.jpg,Steve_Avery
9004.jpg,Maria_Shriver
9005.jpg,S_Jayakumar
9006.jpg,064_frontal
9007.jpg,Elizabeth_Hurley
9008.jpg,Tom_Miller
9009.jpg,Aaron_Guiel
9010.jpg,Jacqueline_Obradors
9011.jpg,Kelli_White
9012.jpg,Juergen_Braehmer
9013.jpg,Hugo_Chavez
9014.jpg,Nick_Nolte
9015.jpg,Salma_Hayek
9016.jpg,Marilyn_Monroe
9017.jpg,James_Blake
9018.jpg,Peter_Harvey
9019.jpg,Gustavo_Kuerten
9020.jpg,118_frontal
9021.jpg,Ron_Dittemore
9022.jpg,Oliver_Stone
9023.jpg,Jose_Manuel_Durao_Barroso
9024.jpg,Bill_Byrne
9025.jpg,John_Bolton
9026.jpg,Catherine_Deneuve
9027.jpg,John_Edwards
9028.jpg,Jose_Theodore
9029.jpg,Candice_Bergen
9030.jpg,Tiger_Woods
9031.jpg,Colin_Powell
9032.jpg,Sasha_Alexander
9033.jpg,092_frontal
9034.jpg,Robert_Duvall
9035.jpg,Colin_Powell
9036.jpg,Sergio_Vieira_De_Mello
9037.jpg,Robert_Douglas
9038.jpg,Roberto_Carlos
9039.jpg,Harrison_Ford
9040.jpg,Al_Gore
9041.jpg,Pete_Sampras
9042.jpg,Hugo_Chavez
9043.jpg,Marina_Anissina
9044.jpg,Teresa_Williams
9045.jpg,Bulent_Ecevit
9046.jpg,Tom_Hanks
9047.jpg,Phillip_Fulmer
9048.jpg,Emanuel_Ginobili
9049.jpg,Antonio_Palocci
9050.jpg,Patrick_Stewart
9051.jpg,LK_Advani
9052.jpg,Naomi_Watts
9053.jpg,Colin_Powell
9054.jpg,Chung_Mong-hun
9055.jpg,Jim_Carrey
9056.jpg,Colin_Powell
9057.jpg,Gary_Barnett
9058.jpg,Franco_Cangele
9059.jpg,Luis_Gonzalez_Macchi
9060.jpg,Wu_Yi
9061.jpg,Tommy_Shane_Steiner
9062.jpg,Betty_Garrison
9063.jpg,Tomoko_Hagiwara
9064.jpg,Salma_Hayek
9065.jpg,Eric_Christian_Olsen
9066.jpg,Colin_Powell
9067.jpg,Gustavo_Kuerten
9068.jpg,Hugo_Chavez
9069.jpg,Naomi_Watts
9070.jpg,Bob_Stoops
9071.jpg,Robert_Duvall
9072.jpg,Kate_Hudson
9073.jpg,Gore_Vidal
9074.jpg,Vinnie_Jones
9075.jpg,Mariangel_Ruiz_Torrealba
9076.jpg,Bob_Geldof
9077.jpg,Luis_Gonzalez_Macchi
9078.jpg,Charlotte_Church
9079.jpg,Colin_Powell
9080.jpg,Dolly_Parton
9081.jpg,Kofi_Annan
9082.jpg,Colin_Powell
9083.jpg,Ray_Allen
9084.jpg,David_Obey
9085.jpg,Mark_Warner
9086.jpg,Chuck_Eidson
9087.jpg,071_frontal
9088.jpg,Lyle_Vanclief
9089.jpg,Kofi_Annan
9090.jpg,Jeremy_Shockey
9091.jpg,Tom_Cruise
9092.jpg,012_frontal
9093.jpg,Colin_Powell
9094.jpg,Alastair_Johnston
9095.jpg,Kofi_Annan
9096.jpg,Colin_Powell
9097.jpg,Chris_Kolanas
9098.jpg,Efrain_Rios_Montt
9099.jpg,Lin_Yung_Hsi
9100.jpg,Ciro_Gomes
9101.jpg,Salman_Rushdie
9102.jpg,Rick_Romley
9103.jpg,Angie_Martinez
9104.jpg,Colin_Powell
9105.jpg,Darin_Erstad
9106.jpg,Aleksander_Kwasniewski
9107.jpg,Cameron_Diaz
9108.jpg,Hun_Sen
9109.jpg,Colin_Powell
9110.jpg,Li_Peng
9111.jpg,Tom_Hanks
9112.jpg,Michael_Chang
9113.jpg,Pascal_Rheaume
9114.jpg,David_Modell
9115.jpg,039_frontal
9116.jpg,James_Ballenger
9117.jpg,Princess_Anne
9118.jpg,Raaf_Schefter
9119.jpg,121_frontal
9120.jpg,Colin_Powell
9121.jpg,118_frontal
9122.jpg,Tony_Stewart
9123.jpg,Kurt_Warner
9124.jpg,Deece_Eckstein
9125.jpg,Colin_Powell
9126.jpg,Colin_Powell
9127.jpg,004_frontal
9128.jpg,Colin_Powell
9129.jpg,Parris_Glendening
9130.jpg,Colin_Powell
9131.jpg,Gabi_Zimmer
9132.jpg,Jake_Gyllenhaal
9133.jpg,Colin_Powell
9134.jpg,Uzi_Even
9135.jpg,Gregg_Popovich
9136.jpg,Martha_Bowen
9137.jpg,Nathalie_Baye
9138.jpg,James_Ballenger
9139.jpg,Kurt_Hellstrom
9140.jpg,Federico_Trillo
9141.jpg,Guy_Ritchie
9142.jpg,Ricardo_Lopez_Murphy
9143.jpg,Colin_Powell
9144.jpg,Kofi_Annan
9145.jpg,Wen_Jiabao
9146.jpg,Adrian_Nastase
9147.jpg,Manfred_Stolpe
9148.jpg,Amanda_Beard
9149.jpg,Milan_Kucan
9150.jpg,Hamad_Bin_Jassim
9151.jpg,Viara_Vike-Freiberga
9152.jpg,Amy_Pascal
9153.jpg,Karin_Pilsaeter
9154.jpg,Dean_Barkley
9155.jpg,Colin_Powell
9156.jpg,Dave_Lewis
9157.jpg,Colin_Powell
9158.jpg,Jake_Gyllenhaal
9159.jpg,Abdul_Majeed_Shobokshi
9160.jpg,Conchita_Martinez
9161.jpg,Emanuel_Ginobili
9162.jpg,Frank_Schmoekel
9163.jpg,Tony_Stewart
9164.jpg,Gus_Van_Sant
9165.jpg,Colin_Powell
9166.jpg,Paul_Bremer
9167.jpg,Betty_Garrison
9168.jpg,123_frontal
9169.jpg,Carlos_Ortega
9170.jpg,James_Blake
9171.jpg,Hun_Sen
9172.jpg,Al_Gore
9173.jpg,Brigitte_Boisselier
9174.jpg,Sean_Patrick_OMalley
9175.jpg,Hugo_Chavez
9176.jpg,027_frontal
9177.jpg,Stephen_Daldry
9178.jpg,Maria_Shriver
9179.jpg,Sue_Grafton
9180.jpg,Colin_Powell
9181.jpg,Nathalie_Baye
9182.jpg,Yogi_Berra
9183.jpg,Cole_Chapman
9184.jpg,Lionel_Richie
9185.jpg,John_Mayer
9186.jpg,Oscar_De_La_Hoya
9187.jpg,Ascencion_Barajas
9188.jpg,Teresa_Heinz_Kerry
9189.jpg,Eli_Rosenbaum
9190.jpg,Emyr_Jones_Parry
9191.jpg,Mariah_Carey
9192.jpg,Steve_Zahn
9193.jpg,Stellan_Skarsgard
9194.jpg,Habib_Rizieq
9195.jpg,Colin_Powell
9196.jpg,John_Kerry
9197.jpg,James_Blake
9198.jpg,Angie_Martinez
9199.jpg,Alberto_Ruiz_Gallardon
9200.jpg,Carol_Burnett
9201.jpg,Abraham_Foxman
9202.jpg,Colin_Powell
9203.jpg,David_Kelly
9204.jpg,Valery_Giscard_dEstaing
9205.jpg,099_frontal
9206.jpg,Karin_Pilsaeter
9207.jpg,Colin_Powell
9208.jpg,Hugo_Chavez
9209.jpg,Colin_Powell
9210.jpg,Luis_Gonzalez_Macchi
9211.jpg,Hans_Eichel
9212.jpg,Lucy_Liu
9213.jpg,Ascencion_Barajas
9214.jpg,Ciro_Gomes
9215.jpg,Charles_Schumer
9216.jpg,Colin_Powell
9217.jpg,Roger_Staubach
9218.jpg,Ralf_Schumacher
9219.jpg,Afton_Smith
9220.jpg,Colin_Powell
9221.jpg,Juanes
9222.jpg,Kevin_Spacey
9223.jpg,Charles_Lebois
9224.jpg,Hamid_Karzai
9225.jpg,Juan_Francisco_Palencia
9226.jpg,Catherine_Deneuve
9227.jpg,083_frontal
9228.jpg,Colin_Powell
9229.jpg,James_Brown
9230.jpg,Aaron_Peirsol
9231.jpg,Johnny_Depp
9232.jpg,Sue_Wicks
9233.jpg,004_frontal
9234.jpg,065_frontal
9235.jpg,John_Mayer
9236.jpg,Milo_Maestrecampo
9237.jpg,Samuel_Waksal
9238.jpg,George_Lopez
9239.jpg,Joe_Cocker
9240.jpg,Narendra_Modi
9241.jpg,Hans_Eichel
9242.jpg,Alan_Ball
9243.jpg,Angie_Martinez
9244.jpg,Colin_Powell
9245.jpg,Colin_Powell
9246.jpg,061_frontal
9247.jpg,Tom_Ridge
9248.jpg,Mukesh_Ambani
9249.jpg,Colin_Powell
9250.jpg,James_Butts
9251.jpg,Pete_Sampras
9252.jpg,Bob_Melvin
9253.jpg,Teri_Files
9254.jpg,Debra_Brown
9255.jpg,Daniel_Darnell
9256.jpg,Hussam_Mohammed_Amin
9257.jpg,Larry_Ellison
9258.jpg,Harvey_Fierstein
9259.jpg,Karl-Heinz_Rummenigge
9260.jpg,Pedro_Solbes
9261.jpg,Vincent_Sombrotto
9262.jpg,Carson_Palmer
9263.jpg,Ana_Palacio
9264.jpg,Cameron_Diaz
9265.jpg,122_frontal
9266.jpg,Colin_Powell
9267.jpg,Oscar_Elias_Biscet
9268.jpg,Steve_Mariucci
9269.jpg,Robby_Ginepri
9270.jpg,Ilan_Ramon
9271.jpg,Al_Gore
9272.jpg,Colin_Powell
9273.jpg,Patrice_Chereau
9274.jpg,Colin_Powell
9275.jpg,Alejandro_Atchugarry
9276.jpg,Colin_Powell
9277.jpg,Raoul_Ruiz
9278.jpg,Natalia_Verbeke
9279.jpg,Peter_Hillary
9280.jpg,Hugo_Chavez
9281.jpg,Hugo_Chavez
9282.jpg,Tom_Ridge
9283.jpg,Pedro_Malan
9284.jpg,Colin_Powell
9285.jpg,119_frontal
9286.jpg,Gregg_Popovich
9287.jpg,Monica_Seles
9288.jpg,Tiger_Woods
9289.jpg,John_Paul_DeJoria
9290.jpg,038_frontal
9291.jpg,Colin_Powell
9292.jpg,John_Edwards
9293.jpg,Tom_Ridge
9294.jpg,Alonzo_Mourning
9295.jpg,Ruben_Studdard
9296.jpg,Larry_Coker
9297.jpg,Daniel_Radcliffe
9298.jpg,David_Collenette
9299.jpg,Hugo_Chavez
9300.jpg,Hugo_Chavez
9301.jpg,Zarai_Toledo
9302.jpg,Leander_Paes
9303.jpg,Kofi_Annan
9304.jpg,Wen_Jiabao
9305.jpg,Babe_Ruth
9306.jpg,Oscar_De_La_Hoya
9307.jpg,Jay_Garner
9308.jpg,Annie_Machon
9309.jpg,Thomas_OBrien
9310.jpg,Al_Gore
9311.jpg,Lynne_Thigpen
9312.jpg,Valentino_Rossi
9313.jpg,Hideki_Sato
9314.jpg,Kofi_Annan
9315.jpg,Janet_Napolitano
9316.jpg,Emanuel_Ginobili
9317.jpg,Pat_Burns
9318.jpg,Mike_Holmgren
9319.jpg,Denzel_Washington
9320.jpg,James_Blake
9321.jpg,Brittany_Snow
9322.jpg,Mike_Holmgren
9323.jpg,108_frontal
9324.jpg,David_Collenette
9325.jpg,John_Kerry
9326.jpg,Milo_Maestrecampo
9327.jpg,Thomas_OBrien
9328.jpg,Milan_Kucan
9329.jpg,Ryan_Nyquist
9330.jpg,Naomi_Watts
9331.jpg,Anthony_Hopkins
9332.jpg,Ivan_Helguera
9333.jpg,Fran_Drescher
9334.jpg,Ahmad_Masood
9335.jpg,064_frontal
9336.jpg,Bob_Guccione
9337.jpg,Maria_Shriver
9338.jpg,Colin_Powell
9339.jpg,Colin_Powell
9340.jpg,Jerry_Pauley
9341.jpg,Sean_Astin
9342.jpg,Samuel_Waksal
9343.jpg,Hugo_Chavez
9344.jpg,Elin_Nordegren
9345.jpg,034_frontal
9346.jpg,Denise_Johnson
9347.jpg,Mark_Andrew
9348.jpg,057_frontal
9349.jpg,087_frontal
9350.jpg,Colin_Powell
9351.jpg,Michael_Chang
9352.jpg,Thomas_OBrien
9353.jpg,Tom_Cruise
9354.jpg,Michael_Chang
9355.jpg,Brandon_Knight
9356.jpg,Charlton_Heston
9357.jpg,Ali_Khamenei
9358.jpg,Colin_Powell
9359.jpg,Sergio_Vieira_De_Mello
9360.jpg,Tiger_Woods
9361.jpg,Melinda_Czink
9362.jpg,Michele_Placido
9363.jpg,Colin_Powell
9364.jpg,Bill_Butler
9365.jpg,Matt_Doherty
9366.jpg,Kofi_Annan
9367.jpg,Colin_Powell
9368.jpg,Tom_Welch
9369.jpg,Matt_Damon
9370.jpg,Matt_Damon
9371.jpg,Bob_Guccione
9372.jpg,Benicio_Del_Toro
9373.jpg,Lisa_Stone
9374.jpg,Valery_Giscard_dEstaing
9375.jpg,Matt_Damon
9376.jpg,Annette_Lu
9377.jpg,Chip_Ganassi
9378.jpg,Pete_Sampras
9379.jpg,Teresa_Heinz_Kerry
9380.jpg,Tom_Cruise
9381.jpg,Angel_Lockward
9382.jpg,Hugo_Chavez
9383.jpg,Afton_Smith
9384.jpg,Ralph_Sampson
9385.jpg,Colin_Powell
9386.jpg,Tom_Ridge
9387.jpg,Melinda_Czink
9388.jpg,Mariangel_Ruiz_Torrealba
9389.jpg,Tiger_Woods
9390.jpg,020_frontal
9391.jpg,Prince_Claus
9392.jpg,Atiabet_Ijan_Amabel
9393.jpg,Prince_Claus
9394.jpg,Erwin_Mapasseng
9395.jpg,James_Blake
9396.jpg,Tiger_Woods
9397.jpg,Ai_Sugiyama
9398.jpg,Reese_Witherspoon
9399.jpg,Samuel_Waksal
9400.jpg,Nathalie_Baye
9401.jpg,Nida_Blanca
9402.jpg,Gong_Li
9403.jpg,Juergen_Braehmer
9404.jpg,Tom_Ridge
9405.jpg,Leander_Paes
9406.jpg,Franco_Cangele
9407.jpg,James_Blake
9408.jpg,Gustavo_Kuerten
9409.jpg,Chante_Jawan_Mallard
9410.jpg,Naomi_Watts
9411.jpg,Wen_Jiabao
9412.jpg,Jim_Harrick
9413.jpg,Li_Zhaoxing
9414.jpg,015_frontal
9415.jpg,Wan_Yanhai
9416.jpg,Ren_Qingjin
9417.jpg,Parris_Glendening
9418.jpg,Ronde_Barber
9419.jpg,Janine_Pietsch
9420.jpg,Bob_Melvin
9421.jpg,Pedro_Solbes
9422.jpg,Hanan_Ashrawi
9423.jpg,Colin_Powell
9424.jpg,Brian_Wells
9425.jpg,Ai_Sugiyama
9426.jpg,Colin_Powell
9427.jpg,Mariah_Carey
9428.jpg,Janine_Pietsch
9429.jpg,Colin_Powell
9430.jpg,Larry_Ellison
9431.jpg,Strom_Thurmond
9432.jpg,John_Bolton
9433.jpg,Gary_Bald
9434.jpg,Colin_Powell
9435.jpg,Hugo_Chavez
9436.jpg,Tim_Curry
9437.jpg,039_frontal
9438.jpg,Colin_Powell
9439.jpg,Steven_Curtis_Chapman
9440.jpg,Michelle_Hofland
9441.jpg,Hugo_Chavez
9442.jpg,Oprah_Winfrey
9443.jpg,Li_Peng
9444.jpg,Bernard_Kerik
9445.jpg,Samuel_Waksal
9446.jpg,Colin_Powell
9447.jpg,Elaine_Chao
9448.jpg,John_Kerry
9449.jpg,Michel_Temer
9450.jpg,Jeremy_Shockey
9451.jpg,Mukesh_Ambani
9452.jpg,Paula_Prentiss
9453.jpg,Martin_Boryczewski
9454.jpg,Mia_Mottley
9455.jpg,Pedro_Solbes
9456.jpg,Colin_Powell
9457.jpg,Antonio_Palocci
9458.jpg,Li_Zhaoxing
9459.jpg,Janet_Napolitano
9460.jpg,Marcelo_Ebrard
9461.jpg,John_Bolton
9462.jpg,Graeme_Smith
9463.jpg,Eric_Hinske
9464.jpg,Pete_Sampras
9465.jpg,Michael_Sullivan
9466.jpg,Kenneth_Branagh
9467.jpg,Kevin_Spacey
9468.jpg,047_frontal
9469.jpg,Michael_Kahn
9470.jpg,Roberto_Carlos
9471.jpg,Gary_Locke
9472.jpg,Raoul_Ruiz
9473.jpg,Jay_Garner
9474.jpg,Steven_Curtis_Chapman
9475.jpg,Ralph_Sampson
9476.jpg,Al_Gore
9477.jpg,Pedro_Malan
9478.jpg,Fran_Drescher
9479.jpg,Hugo_Chavez
9480.jpg,Ignatius_Wang
9481.jpg,James_Carville
9482.jpg,Kofi_Annan
9483.jpg,Mirela_Manjani
9484.jpg,Colin_Powell
9485.jpg,Roger_King
9486.jpg,Ralph_Firman
9487.jpg,Colin_Powell
9488.jpg,Colin_Powell
9489.jpg,081_frontal
9490.jpg,Ray_Allen
9491.jpg,Mohammed_Ashraf_Hafiz
9492.jpg,Jeanne_Moreau
9493.jpg,Charlton_Heston
9494.jpg,Jamie_Villafane
9495.jpg,Colin_Powell
9496.jpg,Craig_David
9497.jpg,Carson_Palmer
9498.jpg,Rick_Romley
9499.jpg,Elizabeth_Hurley
9500.jpg,Billy_Tibbets
9501.jpg,Charlton_Heston
9502.jpg,Jean-Pierre_Raffarin
9503.jpg,John_Edwards
9504.jpg,Colin_Powell
9505.jpg,Ralph_Klein
9506.jpg,Clive_Woodward
9507.jpg,Chris_Moore
9508.jpg,Colin_Powell
9509.jpg,Antonio_Palocci
9510.jpg,Li_Zhaoxing
9511.jpg,Jason_Priestley
9512.jpg,Tom_Ridge
9513.jpg,Colin_Powell
9514.jpg,Harvey_Fierstein
9515.jpg,Sergio_Vieira_De_Mello
9516.jpg,Tom_Lantos
9517.jpg,Justine_Pasek
9518.jpg,Paul_Bremer
9519.jpg,Donald_Trump
9520.jpg,Vanessa_Williams
9521.jpg,Li_Peng
9522.jpg,Emanuel_Ginobili
9523.jpg,Shannon_OBrien
9524.jpg,Hugo_Chavez
9525.jpg,Colin_Powell
9526.jpg,Eliza_Manningham-Buller
9527.jpg,Oscar_De_La_Hoya
9528.jpg,Daryl_Hannah
9529.jpg,Elizabeth_Taylor
9530.jpg,Hamid_Karzai
9531.jpg,Colin_Powell
9532.jpg,Tiger_Woods
9533.jpg,Eli_Broad
9534.jpg,Denzel_Washington
9535.jpg,Jay_Garner
9536.jpg,Pete_Sampras
9537.jpg,Milo_Maestrecampo
9538.jpg,Troy_Aikman
9539.jpg,Salma_Hayek
9540.jpg,Alexandra_Spann
9541.jpg,Isabelle_Huppert
9542.jpg,Nathalie_Baye
9543.jpg,Kofi_Annan
9544.jpg,Peter_Shaw
9545.jpg,037_frontal
9546.jpg,John_Kerry
9547.jpg,Margie_Puente
9548.jpg,Aaron_Peirsol
9549.jpg,Elizabeth_Taylor
9550.jpg,Reese_Witherspoon
9551.jpg,Colin_Powell
9552.jpg,Wen_Jiabao
9553.jpg,Antonio_Palocci
9554.jpg,Graeme_Smith
9555.jpg,Dorthy_Moxley
9556.jpg,Lucy_Liu
9557.jpg,Colin_Powell
9558.jpg,Chandrika_Kumaratunga
9559.jpg,Kate_Hudson
9560.jpg,Orlando_Bloom
9561.jpg,Enrique_Bolanos
9562.jpg,095_frontal
9563.jpg,123_frontal
9564.jpg,Ana_Palacio
9565.jpg,029_frontal
9566.jpg,Elizabeth_Hurley
9567.jpg,Colin_Powell
9568.jpg,Dave_Odom
9569.jpg,Colin_Powell
9570.jpg,Melissa_Manchester
9571.jpg,Harrison_Ford
9572.jpg,John_Abizaid
9573.jpg,Robert_Duvall
9574.jpg,Isidro_Pastor
9575.jpg,Justine_Pasek
9576.jpg,Colin_Powell
9577.jpg,Juanes
9578.jpg,Pedro_Solbes
9579.jpg,Roger_Clemens
9580.jpg,Naomi_Watts
9581.jpg,Steve_Blake
9582.jpg,Shireen_Amir_Begum
9583.jpg,Tiger_Woods
9584.jpg,Alexandra_Jackson
9585.jpg,Abdullatif_Sener
9586.jpg,Salman_Rushdie
9587.jpg,Jacqueline_Obradors
9588.jpg,Jim_Leach
9589.jpg,Kenneth_Evans
9590.jpg,Daniel_Radcliffe
9591.jpg,Maria_Shriver
9592.jpg,Faisal_Saleh_Hayat
9593.jpg,Justine_Pasek
9594.jpg,Sue_Grafton
9595.jpg,052_frontal
9596.jpg,Luis_Gonzalez_Macchi
9597.jpg,Vanessa_Williams
9598.jpg,Colin_Powell
9599.jpg,Charles_Richardson
9600.jpg,David_Przybyszewski
9601.jpg,Pete_Sampras
9602.jpg,Pedro_Malan
9603.jpg,Hugo_Chavez
9604.jpg,Troy_Hudson
9605.jpg,Vanessa_Williams
9606.jpg,Colin_Powell
9607.jpg,Salma_Hayek
9608.jpg,Gustavo_Kuerten
9609.jpg,Mariah_Carey
9610.jpg,Klaus_Zwickel
9611.jpg,Brittany_Snow
9612.jpg,Catherine_Deneuve
9613.jpg,Kofi_Annan
9614.jpg,Lord_Hutton
9615.jpg,Juan_Ignacio_Chela
9616.jpg,Isaiah_Washington
9617.jpg,Peter_Greenaway
9618.jpg,Martha_Bowen
9619.jpg,Paul_Bremer
9620.jpg,Samuel_Waksal
9621.jpg,Benjamin_Netanyahu
9622.jpg,Patrick_Stewart
9623.jpg,John_Edwards
9624.jpg,Hugo_Chavez
9625.jpg,Colin_Powell
9626.jpg,Ilan_Ramon
9627.jpg,Pete_Sampras
9628.jpg,John_Edwards
9629.jpg,Colin_Powell
9630.jpg,Gary_Williams
9631.jpg,Colin_Powell
9632.jpg,056_frontal
9633.jpg,Irfan_Ahmed
9634.jpg,113_frontal
9635.jpg,Paul_Newman
9636.jpg,David_Modell
9637.jpg,Sureyya_Ayhan
9638.jpg,Jody_Richards
9639.jpg,Francisco_Flores
9640.jpg,Fernando_Leon_de_Aranoa
9641.jpg,Wolfgang_Schwarz
9642.jpg,Colin_Powell
9643.jpg,Billy_Beane
9644.jpg,Naomi_Watts
9645.jpg,085_frontal
9646.jpg,Paul_Bremer
9647.jpg,Paul_Bremer
9648.jpg,Colin_Powell
9649.jpg,Dave_Lewis
9650.jpg,091_frontal
9651.jpg,Parris_Glendening
9652.jpg,071_frontal
9653.jpg,Peter_Fisher
9654.jpg,Ralf_Schumacher
9655.jpg,Hamid_Karzai
9656.jpg,Benjamin_Netanyahu
9657.jpg,Juergen_Peters
9658.jpg,Tuncay_Sanli
9659.jpg,Justine_Pasek
9660.jpg,Matt_Damon
9661.jpg,Marina_Anissina
9662.jpg,Marilyn_Monroe
9663.jpg,Colin_Powell
9664.jpg,Antonio_Palocci
9665.jpg,Janette_Husarova
9666.jpg,Askar_Akayev
9667.jpg,022_frontal
9668.jpg,Ralph_Firman
9669.jpg,Douglas_Paal
9670.jpg,Eric_Vigouroux
9671.jpg,Guillaume_Soro
9672.jpg,Orlando_Bloom
9673.jpg,Emmanuel_Milingo
9674.jpg,Jeong_Se-hyun
9675.jpg,Uzi_Even
9676.jpg,Kwon_Young-gil
9677.jpg,Katie_Couric
9678.jpg,Ralf_Schumacher
9679.jpg,Bob_Stoops
9680.jpg,Tim_Curry
9681.jpg,025_frontal
9682.jpg,Tiger_Woods
9683.jpg,Aretha_Franklin
9684.jpg,Ray_Allen
9685.jpg,Colin_Powell
9686.jpg,Katalin_Kollat
9687.jpg,Justin_Wilson
9688.jpg,Tom_Lantos
9689.jpg,Hugo_Chavez
9690.jpg,Billy_Tibbets
9691.jpg,John_Edwards
9692.jpg,Dennis_Powell
9693.jpg,Colin_Powell
9694.jpg,Gong_Li
9695.jpg,Kofi_Annan
9696.jpg,Ralf_Schumacher
9697.jpg,Emyr_Jones_Parry
9698.jpg,Hugo_Chavez
9699.jpg,Billy_Beane
9700.jpg,Mohammed_Abu_Sharia
9701.jpg,Mario_Puzo
9702.jpg,LK_Advani
9703.jpg,Thomas_Fargo
9704.jpg,Colin_Powell
9705.jpg,Raaf_Schefter
9706.jpg,Rick_Bragg
9707.jpg,Carlos_Savedra
9708.jpg,076_frontal
9709.jpg,Charlotte_Church
9710.jpg,Colin_Powell
9711.jpg,Barry_Nakell
9712.jpg,Roger_Mahony
9713.jpg,Roger_Mahony
9714.jpg,106_frontal
9715.jpg,Thomas_OBrien
9716.jpg,Brandon_Knight
9717.jpg,Begum_Khaleda_Zia
9718.jpg,Sergio_Vieira_De_Mello
9719.jpg,001_frontal
9720.jpg,Hugo_Chavez
9721.jpg,003_frontal
9722.jpg,Enrique_Bolanos
9723.jpg,Harrison_Ford
9724.jpg,Pete_Sampras
9725.jpg,084_frontal
9726.jpg,Kiki_Vandeweghe
9727.jpg,Brendan_Hansen
9728.jpg,Marwan_Barghouthi
9729.jpg,Colin_Powell
9730.jpg,James_Blake
9731.jpg,Christian_Longo
9732.jpg,Teri_Files
9733.jpg,Colin_Powell
9734.jpg,Hugo_Chavez
9735.jpg,Colin_Powell
9736.jpg,Greg_Rusedski
9737.jpg,Andrea_Yates
9738.jpg,Colin_Powell
9739.jpg,Paula_Abdul
9740.jpg,Phil_McGraw
9741.jpg,Colleen_Jones
9742.jpg,Lela_Rochon
9743.jpg,Colin_Powell
9744.jpg,Gael_Garcia_Bermal
9745.jpg,Laurence_Fishburne
9746.jpg,James_Butts
9747.jpg,Sue_Wicks
9748.jpg,John_Kerry
9749.jpg,Gregg_Popovich
9750.jpg,Colin_Powell
9751.jpg,Alastair_Johnston
9752.jpg,Dusty_Baker
9753.jpg,Yuri_Luzhkov
9754.jpg,Salma_Hayek
9755.jpg,Jon_Gruden
9756.jpg,Bryan_Chui
9757.jpg,Douglas_Gansler
9758.jpg,James_Brown
9759.jpg,Jeong_Se-hyun
9760.jpg,Pio_Laghi
9761.jpg,Wen_Jiabao
9762.jpg,Colin_Powell
9763.jpg,Brian_Wells
9764.jpg,Colin_Powell
9765.jpg,Shireen_Amir_Begum
9766.jpg,Maria_Shriver
9767.jpg,Tiger_Woods
9768.jpg,Sean_Townsend
9769.jpg,Eric_Christian_Olsen
9770.jpg,Svend_Aage_Jensby
9771.jpg,Carson_Palmer
9772.jpg,Roy_Blunt
9773.jpg,Jen_Schefft
9774.jpg,Sean_Astin
9775.jpg,Colin_Powell
9776.jpg,Queen_Noor
9777.jpg,Tom_Ridge
9778.jpg,Cameron_Diaz
9779.jpg,Evan_Marriott
9780.jpg,Monica_Seles
9781.jpg,Ciro_Gomes
9782.jpg,John_Nash
9783.jpg,Alanis_Morissette
9784.jpg,Brad_Gushue
9785.jpg,John_Kerry
9786.jpg,Jeong_Se-hyun
9787.jpg,Li_Peng
9788.jpg,115_frontal
9789.jpg,Jose_Theodore
9790.jpg,Wen_Jiabao
9791.jpg,Michael_Chang
9792.jpg,Shannyn_Sossamon
9793.jpg,Hamid_Karzai
9794.jpg,Pete_Sampras
9795.jpg,Joe_Mantello
9796.jpg,Brendan_Hansen
9797.jpg,Colin_Powell
9798.jpg,Candice_Bergen
9799.jpg,Max_von_Sydow
9800.jpg,Maria_Shriver
9801.jpg,George_Lopez
9802.jpg,Paul_Bremer
9803.jpg,Emily_Mason
9804.jpg,Ozzy_Osbourne
9805.jpg,Kofi_Annan
9806.jpg,Geovani_Lapentti
9807.jpg,050_frontal
9808.jpg,Oscar_De_La_Hoya
9809.jpg,Tiger_Woods
9810.jpg,Tim_Duncan
9811.jpg,Hugo_Chavez
9812.jpg,Chante_Jawan_Mallard
9813.jpg,Robert_Duvall
9814.jpg,Rick_Bland
9815.jpg,Elizabeth_Hurley
9816.jpg,John_Kerry
9817.jpg,Ciro_Gomes
9818.jpg,Colin_Powell
9819.jpg,Kofi_Annan
9820.jpg,Wen_Jiabao
9821.jpg,Diana_Renee_Valdivieso_Dubon
9822.jpg,Michael_Moore
9823.jpg,Gregg_Popovich
9824.jpg,066_frontal
9825.jpg,Juanes
9826.jpg,072_frontal
9827.jpg,Kristanna_Loken
9828.jpg,Martha_Burk
9829.jpg,Sarah_Weddington
9830.jpg,John_Mayer
9831.jpg,015_frontal
9832.jpg,Pete_Sampras
9833.jpg,Colin_Powell
9834.jpg,Pete_Sampras
9835.jpg,Derek_Jeter
9836.jpg,Bill_Belichick
9837.jpg,Jules_Asner
9838.jpg,Colin_Powell
9839.jpg,Sheila_Fraser
9840.jpg,Begum_Khaleda_Zia
9841.jpg,Efrain_Rios_Montt
9842.jpg,Alfredo_Pena
9843.jpg,Hugo_Chavez
9844.jpg,Greg_Rusedski
9845.jpg,Dennis_Powell
9846.jpg,Jennifer_Renee_Short
9847.jpg,Eric_Christian_Olsen
9848.jpg,Isabella_Rossellini
9849.jpg,004_frontal
9850.jpg,John_Kerry
9851.jpg,Michael_Leavitt
9852.jpg,Tom_Ridge
9853.jpg,Peter_Bacanovic
9854.jpg,Michael_Leavitt
9855.jpg,Paul_Burrell
9856.jpg,Ralph_Klein
9857.jpg,Milan_Kucan
9858.jpg,Jean-Pierre_Raffarin
9859.jpg,Ana_Palacio
9860.jpg,Colin_Powell
9861.jpg,082_frontal
9862.jpg,Jake_Gyllenhaal
9863.jpg,David_Collenette
9864.jpg,Jerry_Regier
9865.jpg,Salma_Hayek
9866.jpg,Flor_Montulo
9867.jpg,Thomas_OBrien
9868.jpg,Thomas_Fargo
9869.jpg,Irwan_Fadzi_Idris
9870.jpg,Gus_Van_Sant
9871.jpg,Charles_Mathews
9872.jpg,Larry_Brown
9873.jpg,Roger_Mahony
9874.jpg,Jerry_Sexton
9875.jpg,Tomoko_Hagiwara
9876.jpg,Tom_Hanks
9877.jpg,Tom_Ridge
9878.jpg,Elvis_Costello
9879.jpg,Oprah_Winfrey
9880.jpg,005_frontal
9881.jpg,Paula_Abdul
9882.jpg,113_frontal
9883.jpg,Martin_Landau
9884.jpg,Colin_Powell
9885.jpg,John_Edwards
9886.jpg,Phillip_Fulmer
9887.jpg,Magda_Kertasz
9888.jpg,Shannon_OBrien
9889.jpg,James_Blake
9890.jpg,Hugo_Chavez
9891.jpg,Christina_Sawaya
9892.jpg,Derek_Jeter
9893.jpg,045_frontal
9894.jpg,Hung_Wan-ting
9895.jpg,Colin_Powell
9896.jpg,Bill_Readdy
9897.jpg,James_Blake
9898.jpg,Colin_Powell
9899.jpg,Gary_Williams
9900.jpg,Tom_Ridge
9901.jpg,Rodrigo_de_la_Cerna
9902.jpg,Warren_Beatty
9903.jpg,Kofi_Annan
9904.jpg,051_frontal
9905.jpg,Hugo_Chavez
9906.jpg,Steve_Mariucci
9907.jpg,Moshe_Katsav
9908.jpg,Paul_Bremer
9909.jpg,John_Edwards
9910.jpg,Li_Zhaoxing
9911.jpg,Steve_Zahn
9912.jpg,Alanis_Morissette
9913.jpg,Scott_Wallach
9914.jpg,Jay_Garner
9915.jpg,Rick_Santorum
9916.jpg,034_frontal
9917.jpg,Pete_Sampras
9918.jpg,Jennifer_Keller
9919.jpg,Jacqueline_Gold
9920.jpg,Li_Peng
9921.jpg,Marcelo_Ebrard
9922.jpg,Eva_Herzigova
9923.jpg,Elizabeth_Taylor
9924.jpg,Annette_Lu
9925.jpg,069_frontal
9926.jpg,Colin_Powell
9927.jpg,Kofi_Annan
9928.jpg,Karen_Sharpe_Kramer
9929.jpg,Sean_Astin
9930.jpg,Jennifer_Keller
9931.jpg,Kate_Starbird
9932.jpg,Gene_Autry
9933.jpg,105_frontal
9934.jpg,Kofi_Annan
9935.jpg,Mark_Warner
9936.jpg,117_frontal
9937.jpg,James_Meredeth
9938.jpg,Andy_North
9939.jpg,Kofi_Annan
9940.jpg,Michael_Taylor
9941.jpg,Colin_Powell
9942.jpg,Moshe_Katsav
9943.jpg,Danny_Ainge
9944.jpg,Kelli_White
9945.jpg,Roberto_Laratro
9946.jpg,Jimmy_Jimenez
9947.jpg,Edward_Belvin
9948.jpg,Jesse_James_Leija
9949.jpg,Ari_Bousbib
9950.jpg,Thomas_Manger
9951.jpg,Jake_Gyllenhaal
9952.jpg,Matthew_Ouimet
9953.jpg,Andrea_Yates
9954.jpg,Carlos_Ortega
9955.jpg,Robert_Bullock
9956.jpg,David_Hannay
9957.jpg,Pete_Sampras
9958.jpg,John_Kerry
9959.jpg,Colin_Powell
9960.jpg,Caroline_Kennedy
9961.jpg,Wang_Hailan
9962.jpg,Nebojsa_Pavkovic
9963.jpg,Colin_Powell
9964.jpg,Daniel_Radcliffe
9965.jpg,Elin_Nordegren
9966.jpg,Robert_Bullock
9967.jpg,Colin_Powell
9968.jpg,John_Edwards
9969.jpg,Gwendal_Peizerat
9970.jpg,Aiysha_Smith
9971.jpg,Tim_Curry
9972.jpg,Tom_Ridge
9973.jpg,055_frontal
9974.jpg,Samuel_Waksal
9975.jpg,Kofi_Annan
9976.jpg,Nick_Nolte
9977.jpg,Hugo_Chavez
9978.jpg,Colin_Powell
9979.jpg,Jay_Garner
9980.jpg,Francois_Pienaar
9981.jpg,Colleen_Jones
9982.jpg,Wu_Yi
9983.jpg,Colin_Powell
9984.jpg,008_frontal
9985.jpg,Colin_Powell
9986.jpg,Johnny_Unitas
9987.jpg,Marilyn_Monroe
9988.jpg,090_frontal
9989.jpg,Reese_Witherspoon
9990.jpg,Jules_Asner
9991.jpg,Tony_Curtis
9992.jpg,Valentino_Rossi
9993.jpg,Mary_Jo_Myers
9994.jpg,Nebojsa_Pavkovic
9995.jpg,Bulent_Ecevit
9996.jpg,John_Abizaid
9997.jpg,Samuel_Waksal
9998.jpg,Joseph_LePore
9999.jpg,Charles_Mathews
10000.jpg,Colin_Powell
10001.jpg,Colin_Powell
10002.jpg,James_Butts
10003.jpg,Ted_Williams
10004.jpg,Cynthia_Rowley
10005.jpg,Pete_Sampras
10006.jpg,Colin_Powell
10007.jpg,Andrea_Kiser
10008.jpg,Kristin_Davis
10009.jpg,Bob_Bowlsby
10010.jpg,Thierry_Mariani
10011.jpg,Padraig_Harrington
10012.jpg,Thomas_Manger
10013.jpg,Alfred_Ford
10014.jpg,Suzanne_Mubarak
10015.jpg,Wen_Jiabao
10016.jpg,Donna_Morrissey
10017.jpg,Frank_Lautenberg
10018.jpg,Candice_Bergen
10019.jpg,Shannyn_Sossamon
10020.jpg,Hugo_Chavez
10021.jpg,Dany_Heatley
10022.jpg,Salman_Rushdie
10023.jpg,David_Obey
10024.jpg,Li_Zhaoxing
10025.jpg,Al_Gore
10026.jpg,Cabas
10027.jpg,James_Butts
10028.jpg,Colin_Powell
10029.jpg,Mirela_Manjani
10030.jpg,Klaus_Zwickel
10031.jpg,Tiger_Woods
10032.jpg,Michael_Taylor
10033.jpg,Lisa_Stone
10034.jpg,Wayne_Ferreira
10035.jpg,Paul_Bremer
10036.jpg,Jennifer_Connelly
10037.jpg,Raoul_Ruiz
10038.jpg,Mona_Ayoub
10039.jpg,Christina_Sawaya
10040.jpg,Tommy_Shane_Steiner
10041.jpg,Kristin_Scott
10042.jpg,Marian_Dolan
10043.jpg,Tom_Glavine
10044.jpg,Bill_Fennelly
10045.jpg,Richard_Naughton
10046.jpg,Mark_Gangloff
10047.jpg,Colin_Powell
10048.jpg,075_frontal
10049.jpg,Antonio_Palocci
10050.jpg,Tim_Duncan
10051.jpg,034_frontal
10052.jpg,Michael_Chang
10053.jpg,Jules_Asner
10054.jpg,Wen_Jiabao
10055.jpg,Garry_McCoy
10056.jpg,Jose_Carreras
10057.jpg,Hamid_Karzai
10058.jpg,Greg_Ostertag
10059.jpg,Colin_Powell
10060.jpg,Din_Samsudin
10061.jpg,Alicia_Molik
10062.jpg,Jeong_Se-hyun
10063.jpg,Colin_Powell
10064.jpg,Thomas_OBrien
10065.jpg,Joerg_Haider
10066.jpg,Dorthy_Moxley
10067.jpg,Joe_Plumeri
10068.jpg,Ralf_Schumacher
10069.jpg,Tony_Stewart
10070.jpg,Floyd_Mayweather
10071.jpg,Tom_Ridge
10072.jpg,Luther_Htu
10073.jpg,Jeong_Se-hyun
10074.jpg,Colin_Powell
10075.jpg,Jesper_Parnevik
10076.jpg,Daryl_Smith
10077.jpg,Colin_Powell
10078.jpg,Annette_Lu
10079.jpg,Barbara_Becker
10080.jpg,Milo_Maestrecampo
10081.jpg,Robby_Ginepri
10082.jpg,Efrain_Rios_Montt
10083.jpg,Miyako_Miyazaki
10084.jpg,Hugo_Chavez
10085.jpg,Sue_Wicks
10086.jpg,Tony_Curtis
10087.jpg,Colin_Powell
10088.jpg,Colin_Powell
10089.jpg,Linus_Roache
10090.jpg,Robin_McGraw
10091.jpg,Albert_Brooks
10092.jpg,Li_Peng
10093.jpg,Mike_Helton
10094.jpg,Tiger_Woods
10095.jpg,Carl_Levin
10096.jpg,Donald_Trump
10097.jpg,Kate_Lee
10098.jpg,Naomi_Watts
10099.jpg,Colin_Powell
10100.jpg,Hanan_Ashrawi
10101.jpg,Jody_Richards
10102.jpg,Suzanne_Haik_Terrell
10103.jpg,Brandon_Robinson
10104.jpg,Pernilla_Bjorn
10105.jpg,Chante_Jawan_Mallard
10106.jpg,Alberto_Fujimori
10107.jpg,Colin_Powell
10108.jpg,110_frontal
10109.jpg,Carla_Gay_Balingit
10110.jpg,Alejandro_Atchugarry
10111.jpg,Patricia_Heaton
10112.jpg,Jerry_Sexton
10113.jpg,Klaus_Zwickel
10114.jpg,Margie_Puente
10115.jpg,Desmon_Farmer
10116.jpg,Carla_Gay_Balingit
10117.jpg,Kristin_Davis
10118.jpg,Gary_Williams
10119.jpg,Brian_Schneider
10120.jpg,Marilyn_Monroe
10121.jpg,Pete_Sampras
10122.jpg,Chance_Mock
10123.jpg,Jeremy_Shockey
10124.jpg,Francisco_Flores
10125.jpg,Tom_Ridge
10126.jpg,Serge_Klarsfeld
10127.jpg,Jeong_Se-hyun
10128.jpg,Colin_Powell
10129.jpg,John_Bond
10130.jpg,Naomi_Watts
10131.jpg,Hugo_Chavez
10132.jpg,Oswaldo_Paya
10133.jpg,Nick_Nolte
10134.jpg,Kofi_Annan
10135.jpg,Oswaldo_Paya
10136.jpg,Peter_Mackay
10137.jpg,Enrique_Iglesias
10138.jpg,123_frontal
10139.jpg,Paul_Burrell
10140.jpg,Sanjay_Chawla
10141.jpg,Rosario_Dawson
10142.jpg,Deena_Burnett
10143.jpg,Sarah_Weddington
10144.jpg,Paul_Bremer
10145.jpg,128_frontal
10146.jpg,Roberto_Carlos
10147.jpg,Colin_Powell
10148.jpg,Martin_Boryczewski
10149.jpg,Colin_Powell
10150.jpg,Robert_Duvall
10151.jpg,Ralph_Klein
10152.jpg,022_frontal
10153.jpg,Marcelo_Ebrard
10154.jpg,Maria_Shriver
10155.jpg,Kaio_Almeida
10156.jpg,Carson_Palmer
10157.jpg,Jon_Gruden
10158.jpg,Stipe_Mesic
10159.jpg,Derek_Jeter
10160.jpg,Alexandra_Jackson
10161.jpg,Gregg_Popovich
10162.jpg,Mariah_Carey
10163.jpg,Marc_Anthony
10164.jpg,Dean_Barkley
10165.jpg,Orlando_Bloom
10166.jpg,John_Kerry
10167.jpg,Kofi_Annan
10168.jpg,Colin_Powell
10169.jpg,Stanley_McChrystal
10170.jpg,Douglas_Paal
10171.jpg,Daniel_Darnell
10172.jpg,Douglas_Gansler
10173.jpg,002_frontal
10174.jpg,Jeong_Se-hyun
10175.jpg,John_Mayer
10176.jpg,Li_Zhaoxing
10177.jpg,Sergio_Vieira_De_Mello
10178.jpg,Jody_Richards
10179.jpg,Karen_Allen
10180.jpg,Enrique_Bolanos
10181.jpg,Li_Zhaoxing
10182.jpg,Kevin_Spacey
10183.jpg,Alan_Tang_Kwong-wing
10184.jpg,002_frontal
10185.jpg,Colin_Powell
10186.jpg,Charlton_Heston
10187.jpg,Maria_Shriver
10188.jpg,Maritza_Macias_Furano
10189.jpg,Gregorio_Rosal
10190.jpg,038_frontal
10191.jpg,Colin_Powell
10192.jpg,Carol_Burnett
10193.jpg,Wayne_Ferreira
10194.jpg,Atiabet_Ijan_Amabel
10195.jpg,Garry_McCoy
10196.jpg,John_Edwards
10197.jpg,Cate_Blanchett
10198.jpg,Adrian_Nastase
10199.jpg,Annette_Bening
10200.jpg,Klaus_Zwickel
10201.jpg,Paul_Bremer
10202.jpg,Charles_Cope
10203.jpg,Naomi_Watts
10204.jpg,028_frontal
10205.jpg,Rodrigo_de_la_Cerna
10206.jpg,024_frontal
10207.jpg,Colin_Powell
10208.jpg,Linda_Amicangioli
10209.jpg,069_frontal
10210.jpg,Colin_Powell
10211.jpg,Kieran_Culkin
10212.jpg,Joe_Dicaro
10213.jpg,Mary_Descenza
10214.jpg,Colin_Powell
10215.jpg,Jake_Gyllenhaal
10216.jpg,Gore_Vidal
10217.jpg,027_frontal
10218.jpg,Monique_Gagnon-Tremblay
10219.jpg,129_frontal
10220.jpg,048_frontal
10221.jpg,Stephen_Daldry
10222.jpg,Aaron_Patterson
10223.jpg,Bernard_Kerik
10224.jpg,Scott_McNealy
10225.jpg,Tom_Coughlin
10226.jpg,Anne_ONeil
10227.jpg,Francisco_Flores
10228.jpg,Marc_Anthony
10229.jpg,George_Lopez
10230.jpg,Bernard_Kerik
10231.jpg,Hugo_Chavez
10232.jpg,Colin_Powell
10233.jpg,Francisco_Flores
10234.jpg,Colin_Powell
10235.jpg,Colin_Powell
10236.jpg,Helio_Castroneves
10237.jpg,Johnny_Depp
10238.jpg,121_frontal
10239.jpg,Michael_Chang
10240.jpg,Fernando_Leon_de_Aranoa
10241.jpg,Myung_Yang
10242.jpg,Tiger_Woods
10243.jpg,Gianni_Agnelli
10244.jpg,Guillaume_Soro
10245.jpg,Stuart_Whitman
10246.jpg,Jim_Leach
10247.jpg,Emily_Mason
10248.jpg,Annette_Lu
10249.jpg,Peter_Shaw
10250.jpg,Richard_Tubb
10251.jpg,Colin_Powell
10252.jpg,Mark_Warner
10253.jpg,Win_Aung
10254.jpg,013_frontal
10255.jpg,Leandrinho_Barbosa
10256.jpg,Tom_Glavine
10257.jpg,Norodom_Sihanouk
10258.jpg,Derek_Jeter
10259.jpg,Colin_Powell
10260.jpg,Enrique_Bolanos
10261.jpg,Larry_Brown
10262.jpg,Peter_Hillary
10263.jpg,Emyr_Jones_Parry
10264.jpg,Angel_Lockward
10265.jpg,Gus_Van_Sant
10266.jpg,Sasha_Alexander
10267.jpg,Johnny_Unitas
10268.jpg,Colin_Powell
10269.jpg,Carol_Burnett
10270.jpg,John_Abizaid
10271.jpg,082_frontal
10272.jpg,Bob_Stoops
10273.jpg,Ali_Khamenei
10274.jpg,John_Kerry
10275.jpg,Karin_Stoiber
10276.jpg,Colin_Powell
10277.jpg,Jon_Gruden
10278.jpg,John_Kerry
10279.jpg,Colin_Powell
10280.jpg,Steve_Phillips
10281.jpg,Colin_Powell
10282.jpg,Antonio_Palocci
10283.jpg,Larry_Coker
10284.jpg,Gael_Garcia_Bermal
10285.jpg,Georgina_Papin
10286.jpg,Colin_Powell
10287.jpg,Colin_Powell
10288.jpg,Michael_Moore
10289.jpg,Agnelo_Queiroz
10290.jpg,Sophie
10291.jpg,Tina_Brown
10292.jpg,Jeong_Se-hyun
10293.jpg,Tiger_Woods
10294.jpg,Padraig_Harrington
10295.jpg,Joe_Mantello
10296.jpg,Ciro_Gomes
10297.jpg,Colin_Powell
10298.jpg,Sandra_Milo
10299.jpg,Hans_Peter_Briegel
10300.jpg,Steve_Austin
10301.jpg,Hugo_Chavez
10302.jpg,Slobodan_Milosevic
10303.jpg,Colin_Powell
10304.jpg,Giulietta_Masina
10305.jpg,Yogi_Berra
10306.jpg,Martha_Burk
10307.jpg,Hun_Sen
10308.jpg,Federico_Trillo
10309.jpg,Hun_Sen
10310.jpg,John_Kerry
10311.jpg,Jay_Garner
10312.jpg,012_frontal
10313.jpg,Jean-Pierre_Raffarin
10314.jpg,Natalie_Juniardi
10315.jpg,Hugo_Chavez
10316.jpg,Thaksin_Shinawatra
10317.jpg,Chris_Kolanas
10318.jpg,Carson_Palmer
10319.jpg,Michael_Guiler
10320.jpg,William_Webster
10321.jpg,Hugo_Chavez
10322.jpg,Colin_Powell
10323.jpg,Martin_Torrijos
10324.jpg,Hugo_Chavez
10325.jpg,Hugo_Chavez
10326.jpg,Hugo_Chavez
10327.jpg,Chung_Mong-hun
10328.jpg,Nadia_Forte
10329.jpg,Colin_Powell
10330.jpg,Charles_Mathews
10331.jpg,William_Genego
10332.jpg,Jennifer_Connelly
10333.jpg,Keith_Tyson
10334.jpg,Rosemarie_Stack
10335.jpg,Oprah_Winfrey
10336.jpg,Tim_Duncan
10337.jpg,Gregg_Popovich
10338.jpg,Kiki_Vandeweghe
10339.jpg,Colin_Powell
10340.jpg,Larry_Ellison
10341.jpg,Joerg_Haider
10342.jpg,Mickey_Gilley
10343.jpg,Hugo_Chavez
10344.jpg,Wen_Jiabao
10345.jpg,Sarah_Price
10346.jpg,Bill_Lerach
10347.jpg,087_frontal
10348.jpg,Denzel_Washington
10349.jpg,Tiger_Woods
10350.jpg,Colin_Powell
10351.jpg,Thomas_OBrien
10352.jpg,Compay_Segundo
10353.jpg,Bob_Melvin
10354.jpg,Kwon_Young-gil
10355.jpg,Kevin_Spacey
10356.jpg,Colin_Powell
10357.jpg,Kevin_Spacey
10358.jpg,Ciro_Gomes
10359.jpg,Oprah_Winfrey
10360.jpg,Colin_Powell
10361.jpg,John_Kerr
10362.jpg,Peter_Mackay
10363.jpg,Mary_Sue_Coleman
10364.jpg,Sarah_Wynter
10365.jpg,Begum_Khaleda_Zia
10366.jpg,David_Modell
10367.jpg,121_frontal
10368.jpg,Valentino_Rossi
10369.jpg,Gabriel_Hughes
10370.jpg,Sergio_Vieira_De_Mello
10371.jpg,Ted_Williams
10372.jpg,Steve_Cox
10373.jpg,Hugo_Chavez
10374.jpg,Lea_Fastow
10375.jpg,Tim_Curry
10376.jpg,Tom_Ridge
10377.jpg,115_frontal
10378.jpg,Tim_Norbeck
10379.jpg,051_frontal
10380.jpg,Robert_Duvall
10381.jpg,Colin_Powell
10382.jpg,Colin_Powell
10383.jpg,Wolfgang_Schwarz
10384.jpg,Rick_Bland
10385.jpg,Tiger_Woods
10386.jpg,Rogerio_Romero
10387.jpg,Jake_Gyllenhaal
10388.jpg,Michael_Chang
10389.jpg,Colin_Powell
10390.jpg,Hugo_Chavez
10391.jpg,125_frontal
10392.jpg,Carlos_Ortega
10393.jpg,016_frontal
10394.jpg,Wang_Nan
10395.jpg,Klaus_Zwickel
10396.jpg,Colin_Powell
10397.jpg,Hugo_Chavez
10398.jpg,Paul_Bremer
10399.jpg,Dick_Latessa
10400.jpg,Colin_Powell
10401.jpg,095_frontal
10402.jpg,Annie_Machon
10403.jpg,Paul_William_Hurley
10404.jpg,Anna_Chicherova
10405.jpg,Patrick_Stewart
10406.jpg,118_frontal
10407.jpg,Bulent_Ecevit
10408.jpg,Naomi_Watts
10409.jpg,Sean_Astin
10410.jpg,013_frontal
10411.jpg,Michael_Guiler
10412.jpg,Ricardo_Lopez_Murphy
10413.jpg,Daryl_Hannah
10414.jpg,Hugo_Chavez
10415.jpg,Colin_Powell
10416.jpg,Max_von_Sydow
10417.jpg,Patrice_Chereau
10418.jpg,Kofi_Annan
10419.jpg,Brigitte_Boisselier
10420.jpg,Matt_Damon
10421.jpg,Hamid_Karzai
10422.jpg,Conchita_Martinez
10423.jpg,Shawn_Bradley
10424.jpg,Ruben_Studdard
10425.jpg,Tim_Duncan
10426.jpg,Wen_Jiabao
10427.jpg,Catherine_Deneuve
10428.jpg,Gregg_Popovich
10429.jpg,Win_Aung
10430.jpg,084_frontal
10431.jpg,Tony_Stewart
10432.jpg,James_Blake
10433.jpg,Ismail_Cem
10434.jpg,Pete_Sampras
10435.jpg,Brittany_Snow
10436.jpg,Pete_Sampras
10437.jpg,Colin_Powell
10438.jpg,Matthew_Broderick
10439.jpg,Jose_Lopez_Beltran
10440.jpg,Matthew_Broderick
10441.jpg,Pascal_Rheaume
10442.jpg,Paul_Bremer
10443.jpg,Jeong_Se-hyun
10444.jpg,Colin_Powell
10445.jpg,Leonard_Glick
10446.jpg,John_Banko
10447.jpg,Thomas_Fargo
10448.jpg,Ralph_Firman
10449.jpg,Douglas_Gansler
10450.jpg,Colin_Powell
10451.jpg,Princess_Anne
10452.jpg,Diana_Renee_Valdivieso_Dubon
10453.jpg,Kofi_Annan
10454.jpg,Barbara_Brezigar
10455.jpg,Ed_Case
10456.jpg,John_Abizaid
10457.jpg,Linus_Roache
10458.jpg,Hun_Sen
10459.jpg,James_Butts
10460.jpg,Colin_Powell
10461.jpg,Kofi_Annan
10462.jpg,Charlton_Heston
10463.jpg,Martin_Brodeur
10464.jpg,Li_Peng
10465.jpg,Melana_Scantlin
10466.jpg,Isabella_Rossellini
10467.jpg,Leander_Paes
10468.jpg,Tony_Stewart
10469.jpg,Colin_Powell
10470.jpg,Pedro_Malan
10471.jpg,Colin_Powell
10472.jpg,Hamid_Karzai
10473.jpg,099_frontal
10474.jpg,Malik_Mahmud
10475.jpg,Kate_Hudson
10476.jpg,Donna_Walker
10477.jpg,John_Abizaid
10478.jpg,Rick_Romley
10479.jpg,Paul_Bremer
10480.jpg,Denzel_Washington
10481.jpg,Ron_Dittemore
10482.jpg,George_Lopez
10483.jpg,Gus_Van_Sant
10484.jpg,Princess_Victoria
10485.jpg,Colin_Powell
10486.jpg,Alex_Gonzalez
10487.jpg,Hans_Eichel
10488.jpg,Roberto_Guaterroma
10489.jpg,Mikulas_Dzurinda
10490.jpg,Nora_Bendijo
10491.jpg,Christine_Arron
10492.jpg,Wen_Jiabao
10493.jpg,Gianni_Agnelli
10494.jpg,Paul_Bremer
10495.jpg,Kate_Hudson
10496.jpg,Naomi_Watts
10497.jpg,Tim_Duncan
10498.jpg,Mariah_Carey
10499.jpg,Michael_Chang
10500.jpg,Habib_Rizieq
10501.jpg,Pernilla_Bjorn
10502.jpg,Lennart_Johansson
10503.jpg,Harrison_Ford
10504.jpg,Denzel_Washington
10505.jpg,Michael_Sullivan
10506.jpg,Habib_Rizieq
10507.jpg,Naomi_Watts
10508.jpg,Natalia_Vodonova
10509.jpg,Carlos_Ortega
10510.jpg,John_Mayer
10511.jpg,Naomi_Watts
10512.jpg,Mona_Ayoub
10513.jpg,Moshe_Katsav
10514.jpg,Hugo_Chavez
10515.jpg,Harvey_Fierstein
10516.jpg,David_McCallum
10517.jpg,Matt_Doherty
10518.jpg,James_Blake
10519.jpg,Naomi_Watts
10520.jpg,Colin_Powell
10521.jpg,Mark_Andrew
10522.jpg,Charlotte_Church
10523.jpg,Adrian_Nastase
10524.jpg,Denzel_Washington
10525.jpg,Aiysha_Smith
10526.jpg,Tom_Ridge
10527.jpg,Colin_Powell
10528.jpg,Tom_Ridge
10529.jpg,Colin_Powell
10530.jpg,Colin_Powell
10531.jpg,092_frontal
10532.jpg,Colin_Powell
10533.jpg,Magda_Kertasz
10534.jpg,David_Przybyszewski
10535.jpg,023_frontal
10536.jpg,Robert_Pollack
10537.jpg,Colin_Powell
10538.jpg,Matthew_Ouimet
10539.jpg,Elias_Attallah
10540.jpg,Hamid_Karzai
10541.jpg,Mariah_Carey
10542.jpg,Rick_Romley
10543.jpg,Colin_Powell
10544.jpg,Guillaume_Soro
10545.jpg,Kofi_Annan
10546.jpg,Mariangel_Ruiz_Torrealba
10547.jpg,Dario_Franchitti
10548.jpg,Stanley_McChrystal
10549.jpg,Karin_Stoiber
10550.jpg,Nick_Nolte
10551.jpg,Matt_Braker
10552.jpg,John_Banko
10553.jpg,Kristanna_Loken
10554.jpg,Klaus_Schwab
10555.jpg,Colin_Powell
10556.jpg,096_frontal
10557.jpg,Al_Gore
10558.jpg,009_frontal
10559.jpg,Aaron_Peirsol
10560.jpg,Herb_Brooks
10561.jpg,Tom_Hanks
10562.jpg,Colin_Powell
10563.jpg,Dave_Lewis
10564.jpg,Silvie_Cabero
10565.jpg,Peter_Hillary
10566.jpg,Paul_Bremer
10567.jpg,Tiger_Woods
10568.jpg,023_frontal
10569.jpg,Al_Gore
10570.jpg,Mary_Descenza
10571.jpg,Mukesh_Ambani
10572.jpg,Mary_Jo_Myers
10573.jpg,Denzel_Washington
10574.jpg,Rick_Bland
10575.jpg,Harrison_Ford
10576.jpg,Li_Peng
10577.jpg,046_frontal
10578.jpg,Parris_Glendening
10579.jpg,Mark_Martin
10580.jpg,Carlos_Ortega
10581.jpg,Gregg_Popovich
10582.jpg,Moby
10583.jpg,John_Mayer
10584.jpg,Nebojsa_Pavkovic
10585.jpg,Jesse_Helms
10586.jpg,Hugo_Chavez
10587.jpg,Colin_Powell
10588.jpg,Annette_Lu
10589.jpg,Tom_Hanks
10590.jpg,Li_Peng
10591.jpg,Wu_Yi
10592.jpg,Hugo_Chavez
10593.jpg,Chung_Mong-hun
10594.jpg,Eric_Ryan_Donnelly
10595.jpg,Colin_Powell
10596.jpg,Paulina_Rodriguez_Davila
10597.jpg,Thomas_OBrien
10598.jpg,Tiger_Woods
10599.jpg,Ralf_Schumacher
10600.jpg,Josh_Kronfeld
10601.jpg,Javier_Saviola
10602.jpg,Colin_Powell
10603.jpg,Tom_Hanks
10604.jpg,Larry_Brown
10605.jpg,Cameron_Diaz
10606.jpg,Colin_Powell
10607.jpg,Katalin_Kollat
10608.jpg,Denzel_Washington
10609.jpg,Dave_Odom
10610.jpg,Naomi_Watts
10611.jpg,Paula_Prentiss
10612.jpg,Oscar_De_La_Hoya
10613.jpg,Erwin_Mapasseng
10614.jpg,Malik_Mahmud
10615.jpg,Sue_Wicks
10616.jpg,Naomi_Watts
10617.jpg,Tom_Ridge
10618.jpg,Ilan_Ramon
10619.jpg,Naomi_Watts
10620.jpg,Kathryn_Morris
10621.jpg,Jerry_Regier
10622.jpg,John_Bolton
10623.jpg,Colin_Powell
10624.jpg,Chris_Rock
10625.jpg,011_frontal
10626.jpg,Bulent_Ecevit
10627.jpg,Graeme_Smith
10628.jpg,Ralph_Firman
10629.jpg,Pete_Sampras
10630.jpg,John_Abizaid
10631.jpg,Lea_Fastow
10632.jpg,Matt_Damon
10633.jpg,James_Ballenger
10634.jpg,008_frontal
10635.jpg,Jennifer_Connelly
10636.jpg,Tom_Ridge
10637.jpg,Johnny_Benson
10638.jpg,Jean-Pierre_Raffarin
10639.jpg,Chance_Mock
10640.jpg,Bill_Byrne
10641.jpg,Ozzy_Osbourne
10642.jpg,Robert_Pollack
10643.jpg,Hugo_Chavez
10644.jpg,Monica_Seles
10645.jpg,032_frontal
10646.jpg,Brigitte_Boisselier
10647.jpg,Naomi_Watts
10648.jpg,Robert_Pollack
10649.jpg,Daniel_Darnell
10650.jpg,Alicia_Molik
10651.jpg,Matthew_Ouimet
10652.jpg,Valentino_Rossi
10653.jpg,Brian_Wells
10654.jpg,Angel_Lockward
10655.jpg,Jay_Garner
10656.jpg,Antonio_Palocci
10657.jpg,089_frontal
10658.jpg,John_Edwards
10659.jpg,Askar_Akayev
10660.jpg,Moshe_Katsav
10661.jpg,Lord_Hutton
10662.jpg,Ai_Sugiyama
10663.jpg,Monica_Seles
10664.jpg,Jose_Lopez_Beltran
10665.jpg,Kofi_Annan
10666.jpg,Hamid_Karzai
10667.jpg,Colin_Powell
10668.jpg,Orlando_Bloom
10669.jpg,Gus_Van_Sant
10670.jpg,Kurt_Warner
10671.jpg,Valery_Giscard_dEstaing
10672.jpg,Abdul_Majeed_Shobokshi
10673.jpg,Tim_Matheson
10674.jpg,Pedro_Solbes
10675.jpg,Amy_Pascal
10676.jpg,Oscar_De_La_Hoya
10677.jpg,Colin_Powell
10678.jpg,Salman_Rushdie
10679.jpg,Mary_Descenza
10680.jpg,Slobodan_Milosevic
10681.jpg,Colin_Powell
10682.jpg,Jennifer_Keller
10683.jpg,Kenneth_Branagh
10684.jpg,Carolyn_Dawn_Johnson
10685.jpg,Iran_Brown
10686.jpg,Tim_Matheson
10687.jpg,Diane_Lane
10688.jpg,Mike_Sweeney
10689.jpg,Jeannette_Biedermann
10690.jpg,Karin_Stoiber
10691.jpg,Hamid_Karzai
10692.jpg,Giulietta_Masina
10693.jpg,Juergen_Braehmer
10694.jpg,Tom_Ridge
10695.jpg,Federico_Trillo
10696.jpg,Jerry_Regier
10697.jpg,Colin_Powell
10698.jpg,Colin_Powell
10699.jpg,Kristanna_Loken
10700.jpg,Marc_Bulger
10701.jpg,Ai_Sugiyama
10702.jpg,Colin_Powell
10703.jpg,082_frontal
10704.jpg,Thomas_OBrien
10705.jpg,Tom_Ridge
10706.jpg,Marcelo_Ebrard
10707.jpg,Robin_McGraw
10708.jpg,Kofi_Annan
10709.jpg,Tom_Ridge
10710.jpg,112_frontal
10711.jpg,Peter_Bacanovic
10712.jpg,Stanley_McChrystal
10713.jpg,Tom_Hanks
10714.jpg,Hugo_Chavez
10715.jpg,Colin_Powell
10716.jpg,James_Mathis
10717.jpg,016_frontal
10718.jpg,Larry_Coker
10719.jpg,Jose_Manuel_Durao_Barroso
10720.jpg,081_frontal
10721.jpg,Jean-Luc_Bideau
10722.jpg,Colin_Powell
10723.jpg,Daniel_Radcliffe
10724.jpg,Colin_Powell
10725.jpg,Emmanuel_Milingo
10726.jpg,Hans_Peter_Briegel
10727.jpg,Carlos_Ortega
10728.jpg,Michael_Moore
10729.jpg,Askar_Akayev
10730.jpg,Moby
10731.jpg,Matt_Roney
10732.jpg,Harrison_Ford
10733.jpg,Jennifer_Keller
10734.jpg,Jim_Carrey
10735.jpg,Kofi_Annan
10736.jpg,Gary_Locke
10737.jpg,Gianni_Agnelli
10738.jpg,Paris_Hilton
10739.jpg,Denzel_Washington
10740.jpg,Wen_Jiabao
10741.jpg,Colin_Powell
10742.jpg,Paul_Bremer
10743.jpg,Tom_Miller
10744.jpg,Tiger_Woods
10745.jpg,Hugo_Chavez
10746.jpg,109_frontal
10747.jpg,Ted_Christopher
10748.jpg,Duane_Lee_Chapman
10749.jpg,Jon_Gruden
10750.jpg,Hushiar_Zebari
10751.jpg,George_Lopez
10752.jpg,Wu_Yi
10753.jpg,053_frontal
10754.jpg,Ilan_Ramon
10755.jpg,Ai_Sugiyama
10756.jpg,Hugo_Chavez
10757.jpg,Roman_Tam
10758.jpg,Francois_Pienaar
10759.jpg,Eva_Herzigova
10760.jpg,Monica_Seles
10761.jpg,John_Bolton
10762.jpg,Prince_Claus
10763.jpg,Colin_Powell
10764.jpg,Tom_Ridge
10765.jpg,Paul_Bremer
10766.jpg,Win_Aung
10767.jpg,Sergio_Vieira_De_Mello
10768.jpg,Tom_Ridge
10769.jpg,014_frontal
10770.jpg,Miguel_Jimenez
10771.jpg,Carl_Levin
10772.jpg,Colin_Powell
10773.jpg,Christine_Gregoire
10774.jpg,John_Paul_DeJoria
10775.jpg,Charlton_Heston
10776.jpg,Jim_Leach
10777.jpg,Mohammad_Aktar
10778.jpg,Katrin_Susi
10779.jpg,Lawrence_Di_Rita
10780.jpg,Wen_Jiabao
10781.jpg,Valery_Giscard_dEstaing
10782.jpg,Donna_Walker
10783.jpg,Vinnie_Jones
10784.jpg,Mike_Smith
10785.jpg,Jennifer_Connelly
10786.jpg,Tiger_Woods
10787.jpg,Momir_Nikolic
10788.jpg,056_frontal
10789.jpg,013_frontal
10790.jpg,Isabelle_Huppert
10791.jpg,Tom_Miller
10792.jpg,Colin_Powell
10793.jpg,Juan_Ignacio_Chela
10794.jpg,Ana_Palacio
10795.jpg,012_frontal
10796.jpg,Kofi_Annan
10797.jpg,John_Bolton
10798.jpg,Enrique_Bolanos
10799.jpg,Jesse_James_Leija
10800.jpg,Harrison_Ford
10801.jpg,Thaksin_Shinawatra
10802.jpg,Colin_Powell
10803.jpg,Raoul_Ruiz
10804.jpg,Paul_Bremer
10805.jpg,Wen_Jiabao
10806.jpg,129_frontal
10807.jpg,Colin_Powell
10808.jpg,Colin_Powell
10809.jpg,Pete_Sampras
10810.jpg,John_Kerry
10811.jpg,060_frontal
10812.jpg,James_Butts
10813.jpg,Al_Gore
10814.jpg,Ai_Sugiyama
10815.jpg,Eva_Herzigova
10816.jpg,Colin_Powell
10817.jpg,Milan_Kucan
10818.jpg,Colin_Powell
10819.jpg,Isabelle_Huppert
10820.jpg,Li_Zhaoxing
10821.jpg,Florencia_Macri
10822.jpg,Linda_Dano
10823.jpg,Hugo_Chavez
10824.jpg,Naomi_Watts
10825.jpg,Jon_Gruden
10826.jpg,125_frontal
10827.jpg,Linda_Dano
10828.jpg,Heidi_Fleiss
10829.jpg,Geovani_Lapentti
10830.jpg,Sophia_Loren
10831.jpg,Denzel_Washington
10832.jpg,Abdullatif_Sener
10833.jpg,Cristian_Barros
10834.jpg,Naomi_Watts
10835.jpg,062_frontal
10836.jpg,Mikulas_Dzurinda
10837.jpg,Tom_Ridge
10838.jpg,Lionel_Chalmers
10839.jpg,Colin_Powell
10840.jpg,Bruce_Weber
10841.jpg,056_frontal
10842.jpg,Ray_Allen
10843.jpg,Jean-Pierre_Raffarin
10844.jpg,Sophia_Loren
10845.jpg,Colin_Powell
10846.jpg,Ana_Palacio
10847.jpg,Omar_el-Heib
10848.jpg,Catherine_Deneuve
10849.jpg,Valerie_Harper
10850.jpg,Jesse_Helms
10851.jpg,John_Abizaid
10852.jpg,Deena_Burnett
10853.jpg,Greg_Rusedski
10854.jpg,Raoul_Ruiz
10855.jpg,Jerry_Regier
10856.jpg,Brian_Schneider
10857.jpg,Nadine_Vinzens
10858.jpg,Jon_Gruden
10859.jpg,Denise_Johnson
10860.jpg,Sergio_Vieira_De_Mello
10861.jpg,021_frontal
10862.jpg,Mohammad_Aktar
10863.jpg,Maria_Shriver
10864.jpg,059_frontal
10865.jpg,Colin_Powell
10866.jpg,Rosario_Dawson
10867.jpg,Tom_Hanks
10868.jpg,Pedro_Solbes
10869.jpg,061_frontal
10870.jpg,Cesar_Maia
10871.jpg,David_Tornberg
10872.jpg,Kevin_Garnett
10873.jpg,Jake_Gyllenhaal
10874.jpg,Justine_Pasek
10875.jpg,Tony_Curtis
10876.jpg,Diane_Lane
10877.jpg,Gustavo_Kuerten
10878.jpg,Jerry_Pauley
10879.jpg,Raymond_Arthurs
10880.jpg,Alicia_Molik
10881.jpg,Carolyn_Dawn_Johnson
10882.jpg,Kofi_Annan
10883.jpg,Dany_Heatley
10884.jpg,Tom_Ridge
10885.jpg,Jim_Carrey
10886.jpg,Colin_Powell
10887.jpg,John_Banko
10888.jpg,Queen_Beatrix
10889.jpg,Diane_Ladd
10890.jpg,Brian_Scalabrine
10891.jpg,John_Banko
10892.jpg,John_Bolton
10893.jpg,Tom_Ridge
10894.jpg,Aaron_Pena
10895.jpg,Raoul_Ruiz
10896.jpg,Joe_Cocker
10897.jpg,049_frontal
10898.jpg,Maria_Wetterstrand
10899.jpg,Jerry_Regier
10900.jpg,Billy_Gilman
10901.jpg,John_Kerr
10902.jpg,Tono_Suratman
10903.jpg,Dion_Glover
10904.jpg,Kate_Hudson
10905.jpg,Clemente_de_la_Vega
10906.jpg,Kofi_Annan
10907.jpg,Tony_Stewart
10908.jpg,Li_Peng
10909.jpg,Gregg_Popovich
10910.jpg,Kofi_Annan
10911.jpg,Elin_Nordegren
10912.jpg,Kofi_Annan
10913.jpg,Fred_Funk
10914.jpg,Omar_el-Heib
10915.jpg,Queen_Noor
10916.jpg,Lucy_Liu
10917.jpg,Frank_Lautenberg
10918.jpg,Luis_Gonzalez_Macchi
10919.jpg,Gregg_Popovich
10920.jpg,Oscar_De_La_Hoya
10921.jpg,Colin_Powell
10922.jpg,Jean-Luc_Bideau
10923.jpg,Pedro_Solbes
10924.jpg,Lili_Marinho
10925.jpg,Colin_Powell
10926.jpg,Dean_Barkley
10927.jpg,Anthony_Pisciotti
10928.jpg,004_frontal
10929.jpg,Colin_Powell
10930.jpg,Robert_Duvall
10931.jpg,Simona_Hradil
10932.jpg,Norodom_Sihanouk
10933.jpg,Colin_Powell
10934.jpg,Mukesh_Ambani
10935.jpg,Colin_Powell
10936.jpg,Maria_Shriver
10937.jpg,Colin_Powell
10938.jpg,Ralf_Schumacher
10939.jpg,Edgar_Savisaar
10940.jpg,Colin_Powell
10941.jpg,Colin_Powell
10942.jpg,Cabas
10943.jpg,Tony_Curtis
10944.jpg,Abdullatif_Sener
10945.jpg,Bob_Guccione
10946.jpg,Antonio_Palocci
10947.jpg,Noer_Moeis
10948.jpg,Ali_Khamenei
10949.jpg,Joe_Mantello
10950.jpg,Colin_Powell
10951.jpg,Tiger_Woods
10952.jpg,027_frontal
10953.jpg,Andy_North
10954.jpg,Enrique_Iglesias
10955.jpg,Colin_Powell
10956.jpg,Colin_Powell
10957.jpg,Christian_Longo
10958.jpg,Ralf_Schumacher
10959.jpg,Oswaldo_Paya
10960.jpg,Bill_Butler
10961.jpg,Phil_McGraw
10962.jpg,Sergio_Vieira_De_Mello
10963.jpg,Douglas_Faneuil
10964.jpg,Colin_Powell
10965.jpg,Slobodan_Milosevic
10966.jpg,Thaksin_Shinawatra
10967.jpg,Carl_Levin
10968.jpg,Kristanna_Loken
10969.jpg,Robert_Duvall
10970.jpg,Colin_Powell
10971.jpg,024_frontal
10972.jpg,Valentino_Rossi
10973.jpg,James_Parker
10974.jpg,Florencia_Macri
10975.jpg,LK_Advani
10976.jpg,Jim_Carrey
10977.jpg,Ana_Palacio
10978.jpg,Yoon_Young-kwan
10979.jpg,Sean_Patrick_OMalley
10980.jpg,Martin_Cauchon
10981.jpg,Stephen_Daldry
10982.jpg,Colin_Powell
10983.jpg,Jules_Asner
10984.jpg,Chandrika_Kumaratunga
10985.jpg,Leo_Ramirez
10986.jpg,Dick_Latessa
10987.jpg,Tom_Ridge
10988.jpg,Colin_Powell
10989.jpg,Aleksander_Kwasniewski
10990.jpg,Gregg_Popovich
10991.jpg,Martin_Brodeur
10992.jpg,Roberto_Carlos
10993.jpg,Andy_Garcia
10994.jpg,Benjamin_Netanyahu
10995.jpg,Tom_Ridge
10996.jpg,Colin_Powell
10997.jpg,Hugo_Chavez
10998.jpg,Linda_Dano
10999.jpg,032_frontal
11000.jpg,Hugh_Campbell
11001.jpg,Stephen_Thompson
11002.jpg,Paul_Burrell
11003.jpg,Paul_Li_Calsi
11004.jpg,Miyako_Miyazaki
11005.jpg,Martha_Burk
11006.jpg,Brendan_Hansen
11007.jpg,Jennifer_Furminger
11008.jpg,Tiger_Woods
11009.jpg,Cameron_Diaz
11010.jpg,Martin_Torrijos
11011.jpg,Ana_Palacio
11012.jpg,Jerry_Regier
11013.jpg,Aleksander_Kwasniewski
11014.jpg,Hugo_Chavez
11015.jpg,027_frontal
11016.jpg,Robby_Ginepri
11017.jpg,Jim_Carrey
11018.jpg,Li_Peng
11019.jpg,Sarah_Wynter
11020.jpg,Jacqueline_Gold
11021.jpg,005_frontal
11022.jpg,Al_Gore
11023.jpg,Hugo_Chavez
11024.jpg,Raoul_Ruiz
11025.jpg,Tom_Cruise
11026.jpg,Matthew_Broderick
11027.jpg,Katie_Couric
11028.jpg,Bob_Stoops
11029.jpg,Colin_Powell
11030.jpg,Elin_Nordegren
11031.jpg,Colin_Powell
11032.jpg,John_Edwards
11033.jpg,Colin_Powell
11034.jpg,Tom_Hanks
11035.jpg,Oliver_Stone
11036.jpg,103_frontal
11037.jpg,Colin_Powell
11038.jpg,Martin_Bandier
11039.jpg,James_Blake
11040.jpg,Li_Peng
11041.jpg,Robert_Pollack
11042.jpg,Kenneth_Branagh
11043.jpg,Paul_Burrell
11044.jpg,039_frontal
11045.jpg,008_frontal
11046.jpg,Martha_Bowen
11047.jpg,Wayne_Ferreira
11048.jpg,Colin_Powell
11049.jpg,Paul_Burrell
11050.jpg,Colin_Powell
11051.jpg,Colin_Powell
11052.jpg,Penelope_Ann_Miller
11053.jpg,Greg_Rusedski
11054.jpg,Momir_Nikolic
11055.jpg,Tim_Duncan
11056.jpg,Penelope_Ann_Miller
11057.jpg,Aleksander_Kwasniewski
11058.jpg,Marcelo_Ebrard
11059.jpg,Evan_Marriott
11060.jpg,Alonzo_Mourning
11061.jpg,Steve_Mariucci
11062.jpg,Atiabet_Ijan_Amabel
11063.jpg,Francisco_Flores
11064.jpg,Colin_Powell
11065.jpg,Donald_Pettit
11066.jpg,Moshe_Katsav
11067.jpg,Marc_Bulger
11068.jpg,005_frontal
11069.jpg,Colin_Powell
11070.jpg,LK_Advani
11071.jpg,Nora_Bendijo
11072.jpg,Paul_Bremer
11073.jpg,Cameron_Diaz
11074.jpg,Hamid_Karzai
11075.jpg,Hamid_Karzai
11076.jpg,Colin_Powell
11077.jpg,Mikulas_Dzurinda
11078.jpg,026_frontal
11079.jpg,Gennifer_Flowers
11080.jpg,Dick_Latessa
11081.jpg,Paul_Burrell
11082.jpg,Paul_Bremer
11083.jpg,Kristanna_Loken
11084.jpg,Mike_Sweeney
11085.jpg,Samuel_Waksal
11086.jpg,Kate_Hudson
11087.jpg,Geovani_Lapentti
11088.jpg,Tim_Howard
11089.jpg,Pedro_Solbes
11090.jpg,Lindsay_Benko
11091.jpg,Kurt_Budke
11092.jpg,Marcelo_Ebrard
11093.jpg,Tiger_Woods
11094.jpg,Kim_Gandy
11095.jpg,Mitchell_Swartz
11096.jpg,Oscar_De_La_Hoya
11097.jpg,Colin_Powell
11098.jpg,Elizabeth_Hill
11099.jpg,Al_Gore
11100.jpg,Alberto_Fujimori
11101.jpg,Dan_Wheldon
11102.jpg,Daniel_Radcliffe
11103.jpg,Eric_Hinske
11104.jpg,Colin_Powell
11105.jpg,Desmon_Farmer
11106.jpg,Oswaldo_Paya
11107.jpg,Colin_Powell
11108.jpg,Otto_Schily
11109.jpg,Ron_Dittemore
11110.jpg,Brian_Wells
11111.jpg,Tim_Duncan
11112.jpg,Sean_Townsend
11113.jpg,Hrithik_Roshan
11114.jpg,Isidro_Pastor
11115.jpg,Colin_Powell
11116.jpg,Mikulas_Dzurinda
11117.jpg,Colin_Powell
11118.jpg,100_frontal
11119.jpg,Annette_Bening
11120.jpg,John_Bolton
11121.jpg,Oscar_De_La_Hoya
11122.jpg,Colin_Powell
11123.jpg,Colin_Powell
11124.jpg,Cate_Blanchett
11125.jpg,Millicent_Martin
11126.jpg,Win_Aung
11127.jpg,Colin_Powell
11128.jpg,Atsushi_Sato
11129.jpg,Cameron_Diaz
11130.jpg,Mariano_Zabaleta
11131.jpg,Naomi_Watts
11132.jpg,Jose_Manuel_Durao_Barroso
11133.jpg,Kofi_Annan
11134.jpg,Abdullatif_Sener
11135.jpg,Irwan_Fadzi_Idris
11136.jpg,Zarai_Toledo
11137.jpg,Colin_Powell
11138.jpg,Paul_Bremer
11139.jpg,Natalia_Verbeke
11140.jpg,Deena_Burnett
11141.jpg,Ralph_Firman
11142.jpg,Jose_Manuel_Durao_Barroso
11143.jpg,Lucy_Liu
11144.jpg,Salma_Hayek
11145.jpg,Takenori_Kanzaki
11146.jpg,John_McCallum
11147.jpg,Jeremy_Shockey
11148.jpg,Thomas_OBrien
11149.jpg,Nick_Nolte
11150.jpg,Maureen_Fanning
11151.jpg,Colin_Powell
11152.jpg,Jerry_Regier
11153.jpg,Colin_Powell
11154.jpg,Mukesh_Ambani
11155.jpg,Li_Peng
11156.jpg,Slobodan_Milosevic
11157.jpg,Hung_Wan-ting
11158.jpg,Naomi_Watts
11159.jpg,Jerry_Pauley
11160.jpg,Pedro_Malan
11161.jpg,Naomi_Watts
11162.jpg,Dusty_Baker
11163.jpg,Franz_Gsell
11164.jpg,James_Blake
11165.jpg,Kiki_Vandeweghe
11166.jpg,Tim_Norbeck
11167.jpg,Colin_Powell
11168.jpg,Benjamin_Netanyahu
11169.jpg,Hamid_Karzai
11170.jpg,Reese_Witherspoon
11171.jpg,Bob_Stoops
11172.jpg,Brian_Wells
11173.jpg,Harrison_Ford
11174.jpg,Colin_Powell
11175.jpg,Colin_Powell
11176.jpg,Catherine_Deneuve
11177.jpg,Melissa_Manchester
11178.jpg,Deniz_Baykal
11179.jpg,Jose_Manuel_Durao_Barroso
11180.jpg,Maritza_Macias_Furano
11181.jpg,Jon_Gruden
11182.jpg,Bryan_Chui
11183.jpg,Bulent_Ecevit
11184.jpg,Al_Gore
11185.jpg,Cristina_Torrens_Valero
11186.jpg,Peter_Bacanovic
11187.jpg,Kofi_Annan
11188.jpg,Benjamin_Netanyahu
11189.jpg,022_frontal
11190.jpg,Thomas_OBrien
11191.jpg,Miyako_Miyazaki
11192.jpg,Jose_Theodore
11193.jpg,Manfred_Stolpe
11194.jpg,Roger_Staubach
11195.jpg,Charles_Schumer
11196.jpg,Bob_Stoops
11197.jpg,Wally_Szczerbiak
11198.jpg,Mariano_Zabaleta
11199.jpg,072_frontal
11200.jpg,Paul_Bremer
11201.jpg,Alastair_Johnston
11202.jpg,Colin_Powell
11203.jpg,Robby_Ginepri
11204.jpg,Colin_Powell
11205.jpg,Colin_Powell
11206.jpg,Gustavo_Kuerten
11207.jpg,Martha_Bowen
11208.jpg,Garry_McCoy
11209.jpg,Jason_Gardner
11210.jpg,Colin_Powell
11211.jpg,Matt_Siebrandt
11212.jpg,Giulietta_Masina
11213.jpg,George_Lopez
11214.jpg,Gabriel_Farhi
11215.jpg,Win_Aung
11216.jpg,Win_Aung
11217.jpg,Joe_Mantello
11218.jpg,Clive_Lloyd
11219.jpg,Colin_Powell
11220.jpg,Ilan_Ramon
11221.jpg,Jeong_Se-hyun
11222.jpg,Dolly_Parton
11223.jpg,Bob_Stoops
11224.jpg,Kalid_Kaid
11225.jpg,Larry_Coker
11226.jpg,Colin_Powell
11227.jpg,Colin_Powell
11228.jpg,Gabi_Zimmer
11229.jpg,Kurt_Warner
11230.jpg,Ozzy_Osbourne
11231.jpg,Jeremy_Fogel
11232.jpg,Faye_Wong
11233.jpg,Rina_Lazo
11234.jpg,Colin_Powell
11235.jpg,Red_Auerbach
11236.jpg,Jacky_Cheung
11237.jpg,080_frontal
11238.jpg,Garry_McCoy
11239.jpg,Cynthia_Rowley
11240.jpg,Edina_Batar
11241.jpg,Hugo_Chavez
11242.jpg,Robert_Ehrlich
11243.jpg,Shawn_Bradley
11244.jpg,Kate_Hudson
11245.jpg,Hugo_Chavez
11246.jpg,Ozzy_Osbourne
11247.jpg,Gary_Williams
11248.jpg,Gregorio_Rosal
11249.jpg,Tom_Cruise
11250.jpg,Orlando_Bloom
11251.jpg,Hermando_Harton
11252.jpg,Federico_Trillo
11253.jpg,Kevin_James
11254.jpg,Charlton_Heston
11255.jpg,Sophia_Loren
11256.jpg,Barbara_Brezigar
11257.jpg,John_Bond
11258.jpg,Kevin_Spacey
11259.jpg,Dave_Lewis
11260.jpg,Rosario_Dawson
11261.jpg,Larry_Coker
11262.jpg,James_Blake
11263.jpg,Colin_Powell
11264.jpg,Ron_Dittemore
11265.jpg,Carson_Palmer
11266.jpg,Dave_Williams
11267.jpg,Peter_Shaw
11268.jpg,Daryl_Hannah
11269.jpg,Cristina_Torrens_Valero
11270.jpg,Colin_Powell
11271.jpg,Douglas_Faneuil
11272.jpg,Justin_Wilson
11273.jpg,Jeong_Se-hyun
11274.jpg,Tom_Ridge
11275.jpg,042_frontal
11276.jpg,Donna_Morrissey
11277.jpg,Aparna_Pillai
11278.jpg,Paola_Espinoza
11279.jpg,Bob_Melvin
11280.jpg,John_Edwards
11281.jpg,Hamid_Karzai
11282.jpg,Colin_Powell
11283.jpg,Adrian_Fernandez
11284.jpg,Pete_Sampras
11285.jpg,Jennifer_Connelly
11286.jpg,045_frontal
11287.jpg,Pete_Sampras
11288.jpg,William_Burns
11289.jpg,017_frontal
11290.jpg,Reginald_Hudlin
11291.jpg,Laura_Marlow
11292.jpg,Mike_Helton
11293.jpg,Larry_Brown
11294.jpg,Enrique_Bolanos
11295.jpg,Wally_Szczerbiak
11296.jpg,043_frontal
11297.jpg,Steve_Phillips
11298.jpg,Ryan_Nyquist
11299.jpg,Pedro_Solbes
11300.jpg,Derek_Jeter
11301.jpg,Gregg_Popovich
11302.jpg,117_frontal
11303.jpg,Orlando_Bloom
11304.jpg,Aleksander_Kwasniewski
11305.jpg,Salma_Hayek
11306.jpg,115_frontal
11307.jpg,Melissa_Manchester
11308.jpg,Anthony_Hopkins
11309.jpg,046_frontal
11310.jpg,Alastair_Johnston
11311.jpg,Robert_Duvall
11312.jpg,Michael_Kahn
11313.jpg,054_frontal
11314.jpg,George_Lopez
11315.jpg,Naomi_Watts
11316.jpg,Cameron_Diaz
11317.jpg,Charlton_Heston
11318.jpg,Pete_Sampras
11319.jpg,Matt_Damon
11320.jpg,030_frontal
11321.jpg,Ali_Fallahian
11322.jpg,Daniel_Barenboim
11323.jpg,Colin_Powell
11324.jpg,William_Burns
11325.jpg,022_frontal
11326.jpg,Gennifer_Flowers
11327.jpg,Sergio_Vieira_De_Mello
11328.jpg,Colin_Powell
11329.jpg,Ana_Palacio
11330.jpg,020_frontal
11331.jpg,Sergio_Vieira_De_Mello
11332.jpg,Colin_Powell
11333.jpg,Christian_Longo
11334.jpg,Carson_Palmer
11335.jpg,Thomas_Fargo
11336.jpg,Mariangel_Ruiz_Torrealba
11337.jpg,Annette_Lu
11338.jpg,Leslie_Wiser_Jr
11339.jpg,Nancy_Sinatra
11340.jpg,Thomas_OBrien
11341.jpg,Alberto_Fujimori
11342.jpg,Naomi_Watts
11343.jpg,Lela_Rochon
11344.jpg,Lawrence_Di_Rita
11345.jpg,041_frontal
11346.jpg,Larry_Coker
11347.jpg,Mariangel_Ruiz_Torrealba
11348.jpg,021_frontal
11349.jpg,Denise_Johnson
11350.jpg,001_frontal
11351.jpg,Gael_Garcia_Bermal
11352.jpg,Kenneth_Branagh
11353.jpg,Antonio_Palocci
11354.jpg,Afton_Smith
11355.jpg,Bill_Fennelly
11356.jpg,Amr_Moussa
11357.jpg,Vincent_Spadea
11358.jpg,042_frontal
11359.jpg,James_Blake
11360.jpg,James_Meredeth
11361.jpg,Salma_Hayek
11362.jpg,086_frontal
11363.jpg,Alan_Tang_Kwong-wing
11364.jpg,Padraig_Harrington
11365.jpg,Colin_Powell
11366.jpg,Troy_Hudson
11367.jpg,Thomas_Fargo
11368.jpg,Paul_Bremer
11369.jpg,Paul_Bremer
11370.jpg,Tom_Hanks
11371.jpg,Tom_Ridge
11372.jpg,Julian_Battle
11373.jpg,Leslie_Wiser_Jr
11374.jpg,Sergio_Vieira_De_Mello
11375.jpg,002_frontal
11376.jpg,Colin_Powell
11377.jpg,Colin_Powell
11378.jpg,Naomi_Watts
11379.jpg,Bulent_Ecevit
11380.jpg,Emanuel_Ginobili
11381.jpg,Jaromir_Jagr
11382.jpg,Louis_Van_Gaal
11383.jpg,Ed_Book
11384.jpg,Colin_Powell
11385.jpg,089_frontal
11386.jpg,Allen_Iverson
11387.jpg,Nathalie_Baye
11388.jpg,Colin_Powell
11389.jpg,Michael_Chang
11390.jpg,Steve_Avery
11391.jpg,Kate_Hudson
11392.jpg,Javier_Saviola
11393.jpg,Carlos_Ortega
11394.jpg,Martha_Burk
11395.jpg,Chris_Kolanas
11396.jpg,Jean-Pierre_Raffarin
11397.jpg,Reese_Witherspoon
11398.jpg,Aaron_Peirsol
11399.jpg,Joe_Calzaghe
11400.jpg,Daniel_Radcliffe
11401.jpg,Tiger_Woods
11402.jpg,Colin_Powell
11403.jpg,Ronde_Barber
11404.jpg,Jane_Leeves
11405.jpg,Tom_Ridge
11406.jpg,Hugo_Chavez
11407.jpg,Rohinton_Mistry
11408.jpg,Jean-Pierre_Raffarin
11409.jpg,Buddy_Ryan
11410.jpg,Cameron_Diaz
11411.jpg,Alicia_Molik
11412.jpg,Lea_Fastow
11413.jpg,Shannon_OBrien
11414.jpg,Naomi_Watts
11415.jpg,Ana_Palacio
11416.jpg,Alan_Ball
11417.jpg,Kate_Hudson
11418.jpg,Cate_Blanchett
11419.jpg,Jules_Asner
11420.jpg,Donna_Morrissey
11421.jpg,Antonio_Elias_Saca
11422.jpg,Naomi_Watts
11423.jpg,Eric_Ryan_Donnelly
11424.jpg,Arnold_Scott
11425.jpg,Milton_Berle
11426.jpg,Lyle_Vanclief
11427.jpg,Charlie_Hunnam
11428.jpg,Vanessa_Williams
11429.jpg,Robert_Duvall
11430.jpg,Ed_Sullivan
11431.jpg,Stanley_McChrystal
11432.jpg,Naomi_Watts
11433.jpg,Derrick_Battie
11434.jpg,024_frontal
11435.jpg,William_Morrow
11436.jpg,Ron_Dittemore
11437.jpg,Thomas_OBrien
11438.jpg,Reese_Witherspoon
11439.jpg,Bob_Stoops
11440.jpg,Nora_Bendijo
11441.jpg,Gene_Sauers
11442.jpg,Colin_Powell
11443.jpg,Kurt_Warner
11444.jpg,Thomas_Manger
11445.jpg,Isaiah_Washington
11446.jpg,Brian_Scalabrine
11447.jpg,Colin_Powell
11448.jpg,Pete_Sampras
11449.jpg,Tom_Hanks
11450.jpg,007_frontal
11451.jpg,Martha_Bowen
11452.jpg,Rogerio_Romero
11453.jpg,Thaksin_Shinawatra
11454.jpg,Jake_Gyllenhaal
11455.jpg,Tiger_Woods
11456.jpg,Lord_Hutton
11457.jpg,Jesper_Parnevik
11458.jpg,Gregg_Popovich
11459.jpg,Marcelo_Ebrard
11460.jpg,Tony_Stewart
11461.jpg,Harrison_Ford
11462.jpg,001_frontal
11463.jpg,Li_Peng
11464.jpg,Kofi_Annan
11465.jpg,Pio_Laghi
11466.jpg,Pedro_Solbes
11467.jpg,Hugo_Chavez
11468.jpg,Mary_Jo_Myers
11469.jpg,Aaron_Peirsol
11470.jpg,John_Kerry
11471.jpg,John_Kerry
11472.jpg,Chris_Cirino
11473.jpg,Reese_Witherspoon
11474.jpg,Ralf_Schumacher
11475.jpg,Viara_Vike-Freiberga
11476.jpg,Franz_Gsell
11477.jpg,Pete_Sampras
11478.jpg,Diane_Ladd
11479.jpg,John_Bolton
11480.jpg,Colin_Powell
11481.jpg,Colin_Powell
11482.jpg,Patricia_Hearst
11483.jpg,Flor_Montulo
11484.jpg,Marina_Anissina
11485.jpg,Naomi_Watts
11486.jpg,Gustavo_Kuerten
11487.jpg,Samuel_Waksal
11488.jpg,Isaiah_Washington
11489.jpg,Naomi_Watts
11490.jpg,Nebojsa_Pavkovic
11491.jpg,095_frontal
11492.jpg,Brandon_Knight
11493.jpg,William_Delahunt
11494.jpg,Michel_Temer
11495.jpg,Naomi_Watts
11496.jpg,Harrison_Ford
11497.jpg,Hugo_Chavez
11498.jpg,042_frontal
11499.jpg,Enrique_Bolanos
11500.jpg,Hugo_Chavez
11501.jpg,Greg_Hennigar
11502.jpg,William_Burns
11503.jpg,John_Kerry
11504.jpg,Wen_Jiabao
11505.jpg,Hugo_Chavez
11506.jpg,Eric_Wedge
11507.jpg,Catherine_Deneuve
11508.jpg,Bruce_Weber
11509.jpg,Stephen_Glassroth
11510.jpg,Claudia_Coslovich
11511.jpg,Larry_Brown
11512.jpg,Kurt_Hellstrom
11513.jpg,Colin_Powell
11514.jpg,Ghassan_Elashi
11515.jpg,Juan_Carlos_Ortega
11516.jpg,Mufti_Mohammad_Syed
11517.jpg,Colin_Powell
11518.jpg,Colin_Powell
11519.jpg,Kathryn_Morris
11520.jpg,005_frontal
11521.jpg,Leonard_Glick
11522.jpg,Hugo_Chavez
11523.jpg,Stanley_McChrystal
11524.jpg,Charlton_Heston
11525.jpg,Elizabeth_Taylor
11526.jpg,Martha_Burk
11527.jpg,Colin_Powell
11528.jpg,Tom_Cruise
11529.jpg,Hans_Eichel
11530.jpg,Peter_Mullan
11531.jpg,Moby
11532.jpg,Colin_Powell
11533.jpg,Matt_Doherty
11534.jpg,Anna_Chicherova
11535.jpg,Eliza_Manningham-Buller
11536.jpg,Robert_Beck
11537.jpg,Adrian_Fernandez
11538.jpg,Hamad_Bin_Jassim
11539.jpg,Keith_Tyson
11540.jpg,Shannon_OBrien
11541.jpg,Paul_Bremer
11542.jpg,Gregorio_Honasan
11543.jpg,095_frontal
11544.jpg,Reese_Witherspoon
11545.jpg,Li_Zhaoxing
11546.jpg,James_Parker
11547.jpg,Scott_Weiland
11548.jpg,Yuri_Luzhkov
11549.jpg,Rick_Santorum
11550.jpg,Cynthia_Rowley
11551.jpg,Matt_Doherty
11552.jpg,Orlando_Bloom
11553.jpg,Nathalie_Baye
11554.jpg,Maria_Shriver
11555.jpg,Justine_Pasek
11556.jpg,Geovani_Lapentti
11557.jpg,Eliza_Manningham-Buller
11558.jpg,David_Dorfman
11559.jpg,Suzie_McConnell_Serio
11560.jpg,Colin_Powell
11561.jpg,Mitchell_Swartz
11562.jpg,E_Clay_Shaw
11563.jpg,Charles_Mathews
11564.jpg,Andy_Warhol
11565.jpg,Turner_Gill
11566.jpg,Patricia_Hearst
11567.jpg,Russell_Crowe
11568.jpg,Keith_Tyson
11569.jpg,Naomi_Watts
11570.jpg,Oscar_De_La_Hoya
11571.jpg,Mariah_Carey
11572.jpg,Candice_Bergen
11573.jpg,Aleksander_Kwasniewski
11574.jpg,Cate_Blanchett
11575.jpg,Budd_Schulberg
11576.jpg,Charles_Lebois
11577.jpg,Kristin_Davis
11578.jpg,Lindsay_Benko
11579.jpg,Colin_Powell
11580.jpg,Marwan_Barghouthi
11581.jpg,Maria_Shriver
11582.jpg,Evie_Lazarou
11583.jpg,Benjamin_Netanyahu
11584.jpg,Ralph_Firman
11585.jpg,Hamid_Karzai
11586.jpg,Luis_Gonzalez_Macchi
11587.jpg,Lionel_Richie
11588.jpg,Michael_Chang
11589.jpg,Colin_Powell
11590.jpg,E_Clay_Shaw
11591.jpg,Garry_Kasparov
11592.jpg,Bulent_Ecevit
11593.jpg,Salman_Rushdie
11594.jpg,Sean_Patrick_OMalley
11595.jpg,Habib_Rizieq
11596.jpg,Tom_Hanks
11597.jpg,Thomas_OBrien
11598.jpg,Paul_Burrell
11599.jpg,Mikulas_Dzurinda
11600.jpg,Robert_Duvall
11601.jpg,Colin_Powell
11602.jpg,Andy_Warhol
11603.jpg,Allison_Searing
11604.jpg,Mariah_Carey
11605.jpg,Ozzy_Osbourne
11606.jpg,Hugo_Chavez
11607.jpg,Steve_Mariucci
11608.jpg,Martin_Cauchon
11609.jpg,Padraig_Harrington
11610.jpg,Colin_Powell
11611.jpg,Ron_Dittemore
11612.jpg,John_Bolton
11613.jpg,Jake_Gyllenhaal
11614.jpg,Maurice_Strong
11615.jpg,David_Hanson
11616.jpg,Faisal_Saleh_Hayat
11617.jpg,Colin_Powell
11618.jpg,Kofi_Annan
11619.jpg,Heidi_Fleiss
11620.jpg,Pedro_Solbes
11621.jpg,013_frontal
11622.jpg,Bill_OReilly
11623.jpg,Matt_Damon
11624.jpg,Garry_Kasparov
11625.jpg,Laurie_Hobbs
11626.jpg,Peter_Bacanovic
11627.jpg,Laura_Flessel
11628.jpg,Anna_Chicherova
11629.jpg,Wu_Yi
11630.jpg,Stipe_Mesic
11631.jpg,102_frontal
11632.jpg,Derrick_Rodgers
11633.jpg,Yoon_Young-kwan
11634.jpg,Valery_Giscard_dEstaing
11635.jpg,Colin_Powell
11636.jpg,Prince_Claus
11637.jpg,Pat_Burns
11638.jpg,Denzel_Washington
11639.jpg,Mike_Johanns
11640.jpg,Linda_Amicangioli
11641.jpg,Nancy_Sinatra
11642.jpg,Jolanta_Kwasniewski
11643.jpg,Tiger_Woods
11644.jpg,Brock_Berlin
11645.jpg,Dennis_Powell
11646.jpg,070_frontal
11647.jpg,028_frontal
11648.jpg,Maureen_Fanning
11649.jpg,Matt_Roney
11650.jpg,Colin_Powell
11651.jpg,David_Tornberg
11652.jpg,Sergio_Vieira_De_Mello
11653.jpg,Adriana_Perez_Navarro
11654.jpg,John_Gruden
11655.jpg,Stanley_McChrystal
11656.jpg,Oprah_Winfrey
11657.jpg,Jean-Pierre_Raffarin
11658.jpg,Daniel_Pearl
11659.jpg,Michael_Donovan
11660.jpg,Jeanne_Moreau
11661.jpg,007_frontal
11662.jpg,117_frontal
11663.jpg,Peter_Mackay
11664.jpg,033_frontal
11665.jpg,Andy_Garcia
11666.jpg,Rogerio_Romero
11667.jpg,Ozzy_Osbourne
11668.jpg,Stephen_Glassroth
11669.jpg,Maria_Shriver
11670.jpg,Annette_Bening
11671.jpg,Colin_Powell
11672.jpg,Dolly_Parton
11673.jpg,Ai_Sugiyama
11674.jpg,John_Bolton
11675.jpg,Jennifer_Keller
11676.jpg,Hideki_Sato
11677.jpg,Matt_Damon
11678.jpg,Jerry_Rice
11679.jpg,Frederique_van_der_Wal
11680.jpg,Robert_Duvall
11681.jpg,Stellan_Skarsgard
11682.jpg,Tom_Ridge
11683.jpg,Hugo_Chavez
11684.jpg,Gary_Locke
11685.jpg,015_frontal
11686.jpg,Colin_Powell
11687.jpg,029_frontal
11688.jpg,Hans_Leistritz
11689.jpg,Amr_Moussa
11690.jpg,Mike_Sherman
11691.jpg,Salma_Hayek
11692.jpg,Brian_Wells
11693.jpg,John_Bolton
11694.jpg,Kofi_Annan
11695.jpg,Amr_Moussa
11696.jpg,Kofi_Annan
11697.jpg,Annette_Lu
11698.jpg,Thomas_Fargo
11699.jpg,Tiger_Woods
11700.jpg,Wally_Szczerbiak
11701.jpg,Peter_Mackay
11702.jpg,Marcelo_Ebrard
11703.jpg,Hugo_Chavez
11704.jpg,Sergio_Vieira_De_Mello
11705.jpg,092_frontal
11706.jpg,Abdul_Majeed_Shobokshi
11707.jpg,Li_Zhaoxing
11708.jpg,Alejandro_Atchugarry
11709.jpg,Colin_Powell
11710.jpg,Marcelo_Bielsa
11711.jpg,Sanjay_Chawla
11712.jpg,Lloyd_Mudiwa
11713.jpg,Colin_Powell
11714.jpg,Mario_Puzo
11715.jpg,Bulent_Ecevit
11716.jpg,058_frontal
11717.jpg,Ai_Sugiyama
11718.jpg,Paul_Burrell
11719.jpg,Colin_Powell
11720.jpg,Alexandra_Pelosi
11721.jpg,Tom_Ridge
11722.jpg,Catherine_Deneuve
11723.jpg,Charlton_Heston
11724.jpg,Fernando_Valenzuela
11725.jpg,John_Kerry
11726.jpg,Colin_Powell
11727.jpg,Ali_Khamenei
11728.jpg,Clemente_de_la_Vega
11729.jpg,Stellan_Skarsgard
11730.jpg,Steve_Cox
11731.jpg,Emily_Mason
11732.jpg,Marc_Anthony
11733.jpg,Tom_Ridge
11734.jpg,Takenori_Kanzaki
11735.jpg,Alonzo_Mourning
11736.jpg,Carlos_Lordkipanitse
11737.jpg,Todd_Petit
11738.jpg,Hanan_Ashrawi
11739.jpg,Denzel_Washington
11740.jpg,Rob_Moore
11741.jpg,John_Edwards
11742.jpg,Colin_Powell
11743.jpg,Jim_Carrey
11744.jpg,Rita_Moreno
11745.jpg,Colin_Powell
11746.jpg,Mariano_Zabaleta
11747.jpg,James_Butts
11748.jpg,Charles_Pickering
11749.jpg,Colin_Powell
11750.jpg,Benjamin_Netanyahu
11751.jpg,Wang_Nan
11752.jpg,Cameron_Diaz
11753.jpg,Jack_Welch
11754.jpg,Hamad_Bin_Jassim
11755.jpg,Pedro_Malan
11756.jpg,Colin_Powell
11757.jpg,Ron_Dittemore
11758.jpg,Aishwarya_Rai
11759.jpg,Colin_Powell
11760.jpg,James_Parker
11761.jpg,Hugo_Chavez
11762.jpg,Oswaldo_Paya
11763.jpg,Pete_Sampras
11764.jpg,Michelle_Hofland
11765.jpg,Alex_King
11766.jpg,Hugo_Chavez
11767.jpg,Hana_Sadiq
11768.jpg,Colin_Powell
11769.jpg,100_frontal
11770.jpg,Ismail_Cem
11771.jpg,Tony_Stewart
11772.jpg,083_frontal
11773.jpg,Pedro_Malan
11774.jpg,Wayne_Ferreira
11775.jpg,Yogi_Berra
11776.jpg,Tim_Curry
11777.jpg,Donald_Pettit
11778.jpg,Colin_Powell
11779.jpg,Alonzo_Mourning
11780.jpg,Bryant_Young
11781.jpg,Greg_Ostertag
11782.jpg,069_frontal
11783.jpg,Mariah_Carey
11784.jpg,Orlando_Bloom
11785.jpg,Karen_Sharpe_Kramer
11786.jpg,Julian_Battle
11787.jpg,Hugo_Chavez
11788.jpg,Paola_Espinoza
11789.jpg,Guillaume_Soro
11790.jpg,Colin_Powell
11791.jpg,Chance_Mock
11792.jpg,Dorthy_Moxley
11793.jpg,Paul_Bremer
11794.jpg,Hugo_Chavez
11795.jpg,James_Hoffa
11796.jpg,Hideki_Sato
11797.jpg,Silvie_Cabero
11798.jpg,Helio_Castroneves
11799.jpg,Steve_Mariucci
11800.jpg,Colin_Powell
11801.jpg,Al_Gore
11802.jpg,Francisco_Flores
11803.jpg,Hugo_Chavez
11804.jpg,Sureyya_Ayhan
11805.jpg,Jim_Carrey
11806.jpg,Lyle_Vanclief
11807.jpg,David_Hannay
11808.jpg,Ricardo_Lopez_Murphy
11809.jpg,Robert_Ehrlich
11810.jpg,Tomoko_Hagiwara
11811.jpg,Cameron_Diaz
11812.jpg,Brian_Schneider
11813.jpg,Colin_Powell
11814.jpg,Angel_Lockward
11815.jpg,George_Lopez
11816.jpg,Patricia_Heaton
11817.jpg,Salma_Hayek
11818.jpg,Roger_Cook
11819.jpg,Noer_Moeis
11820.jpg,John_Banko
11821.jpg,Bob_Stoops
11822.jpg,Alex_Gonzalez
11823.jpg,Paul_Burrell
11824.jpg,Hugo_Chavez
11825.jpg,Colin_Powell
11826.jpg,Juergen_Peters
11827.jpg,109_frontal
11828.jpg,Valentino_Rossi
11829.jpg,Hugo_Chavez
11830.jpg,Marco_Irizarry
11831.jpg,Ray_Allen
11832.jpg,Anette_Hosoi
11833.jpg,Alex_King
11834.jpg,Carlos_Salinas
11835.jpg,Kofi_Annan
11836.jpg,Pete_Sampras
11837.jpg,Cathryn_Crawford
11838.jpg,Annette_Lu
11839.jpg,Jamie_Villafane
11840.jpg,Tim_Floyd
11841.jpg,Kevin_Spacey
11842.jpg,Mario_Puzo
11843.jpg,Colin_Powell
11844.jpg,Tom_Ridge
11845.jpg,004_frontal
11846.jpg,Pat_Burns
11847.jpg,Tom_Ridge
11848.jpg,Rick_Santorum
11849.jpg,Anthony_Pisciotti
11850.jpg,Colin_Powell
11851.jpg,Nick_Nolte
11852.jpg,John_Edwards
11853.jpg,Claudia_Coslovich
11854.jpg,Jim_Ahern
11855.jpg,Colin_Powell
11856.jpg,Martha_Burk
11857.jpg,James_Blake
11858.jpg,Mariah_Carey
11859.jpg,Hunter_Kemper
11860.jpg,Wen_Jiabao
11861.jpg,John_Kerry
11862.jpg,Charlton_Heston
11863.jpg,Tom_Cruise
11864.jpg,Harrison_Ford
11865.jpg,Jay_Garner
11866.jpg,055_frontal
11867.jpg,Mario_Lobo_Zagallo
11868.jpg,Monica_Seles
11869.jpg,Milo_Maestrecampo
11870.jpg,080_frontal
11871.jpg,Queen_Beatrix
11872.jpg,Kai-Uwe_Ricke
11873.jpg,Troy_Hudson
11874.jpg,Benjamin_Netanyahu
11875.jpg,Alexandra_Jackson
11876.jpg,Pete_Sampras
11877.jpg,Maria_Shriver
11878.jpg,Lucy_Liu
11879.jpg,Jon_Gruden
11880.jpg,Moshe_Katsav
11881.jpg,John_Kerry
11882.jpg,Colin_Powell
11883.jpg,Kofi_Annan
11884.jpg,Hamid_Karzai
11885.jpg,Parris_Glendening
11886.jpg,Kofi_Annan
11887.jpg,Suzanne_Mubarak
11888.jpg,Gerard_de_Cortanze
11889.jpg,099_frontal
11890.jpg,Ron_Dittemore
11891.jpg,John_Bolton
11892.jpg,Tom_Ridge
11893.jpg,Mario_Puzo
11894.jpg,Mark_Gangloff
11895.jpg,Teresa_Heinz_Kerry
11896.jpg,Pete_Sampras
11897.jpg,Darryl_Stingley
11898.jpg,098_frontal
11899.jpg,Pete_Sampras
11900.jpg,Gwendal_Peizerat
11901.jpg,Jamie_Villafane
11902.jpg,Jose_Manuel_Durao_Barroso
11903.jpg,Jean-Luc_Bideau
11904.jpg,Nick_Nolte
11905.jpg,Michael_Moore
11906.jpg,Claudio_Abbado
11907.jpg,Allison_Searing
11908.jpg,Hugo_Chavez
11909.jpg,Monica_Seles
11910.jpg,Colin_Powell
11911.jpg,Candice_Bergen
11912.jpg,043_frontal
11913.jpg,Bill_Readdy
11914.jpg,James_Sensenbrenner
11915.jpg,Monica_Seles
11916.jpg,Kim_Gandy
11917.jpg,Hugo_Chavez
11918.jpg,Rita_Moreno
11919.jpg,Maria_Shriver
11920.jpg,Tiger_Woods
11921.jpg,Michael_Moore
11922.jpg,Hugo_Chavez
11923.jpg,Jose_Theodore
11924.jpg,059_frontal
11925.jpg,Mike_Sherman
11926.jpg,John_Kerry
11927.jpg,Matt_Roney
11928.jpg,Jerry_Pauley
11929.jpg,Li_Zhaoxing
11930.jpg,John_Philip_Elkann
11931.jpg,Emanuel_Ginobili
11932.jpg,Colin_Powell
11933.jpg,Elizabeth_Hurley
11934.jpg,Ed_Book
11935.jpg,Pedro_Malan
11936.jpg,Naomi_Watts
11937.jpg,Ellen_Pompeo
11938.jpg,Paul_Bremer
11939.jpg,Alexandra_Spann
11940.jpg,064_frontal
11941.jpg,Martha_Martinez_Flores
11942.jpg,Paul_Bremer
11943.jpg,Patrick_Stewart
11944.jpg,Gwendal_Peizerat
11945.jpg,125_frontal
11946.jpg,Federico_Trillo
11947.jpg,Monica_Seles
11948.jpg,Aaron_Patterson
11949.jpg,Cate_Blanchett
11950.jpg,Christian_Von_Wernich
11951.jpg,Hugo_Chavez
11952.jpg,Jamie_Villafane
11953.jpg,Marc_Anthony
11954.jpg,Isabella_Rossellini
11955.jpg,Dorthy_Moxley
11956.jpg,Thomas_OBrien
11957.jpg,Bulent_Ecevit
11958.jpg,106_frontal
11959.jpg,Colin_Powell
11960.jpg,Colin_Powell
11961.jpg,091_frontal
11962.jpg,Colin_Powell
11963.jpg,Li_Zhaoxing
11964.jpg,Ana_Palacio
11965.jpg,Lord_Hutton
11966.jpg,Faisal_Saleh_Hayat
11967.jpg,Rosemarie_Stack
11968.jpg,Salma_Hayek
11969.jpg,Colin_Powell
11970.jpg,Peter_Mullan
11971.jpg,Hugo_Chavez
11972.jpg,Tiger_Woods
11973.jpg,Hamid_Karzai
11974.jpg,Lawrence_Di_Rita
11975.jpg,Elinor_Caplan
11976.jpg,109_frontal
11977.jpg,052_frontal
11978.jpg,Tiger_Woods
11979.jpg,Colin_Powell
11980.jpg,Monica_Seles
11981.jpg,Kofi_Annan
11982.jpg,Buddy_Ryan
11983.jpg,Moshe_Katsav
11984.jpg,David_McCallum
11985.jpg,Claudio_Abbado
11986.jpg,Hugo_Chavez
11987.jpg,Hamid_Karzai
11988.jpg,Enrique_Bolanos
11989.jpg,Lindsay_Benko
11990.jpg,Sean_Astin
11991.jpg,Alan_Ball
11992.jpg,Fazal-ur-Rehman
11993.jpg,Kofi_Annan
11994.jpg,Alexandra_Spann
11995.jpg,Colin_Powell
11996.jpg,Jon_Gruden
11997.jpg,Erwin_Mapasseng
11998.jpg,Steve_Avery
11999.jpg,Colin_Powell
12000.jpg,Gene_Sauers
12001.jpg,013_frontal
12002.jpg,Tony_Stewart
12003.jpg,Colin_Powell
12004.jpg,Ray_Liotta
12005.jpg,Johnny_Depp
12006.jpg,Charlton_Heston
12007.jpg,Michel_Temer
12008.jpg,Cathryn_Crawford
12009.jpg,Jean-Pierre_Raffarin
12010.jpg,Pedro_Malan
12011.jpg,Luther_Htu
12012.jpg,Wayne_Ferreira
12013.jpg,Jen_Schefft
12014.jpg,Catherine_Deneuve
12015.jpg,Thierry_Mariani
12016.jpg,Naomi_Watts
12017.jpg,Daniel_Radcliffe
12018.jpg,Colin_Powell
12019.jpg,Paul_Bremer
12020.jpg,Scott_Wallach
12021.jpg,Carlos_Salinas
12022.jpg,Linda_Amicangioli
12023.jpg,Nathalie_Baye
12024.jpg,Janet_Napolitano
12025.jpg,Juan_Ignacio_Chela
12026.jpg,Antonio_Palocci
12027.jpg,Tom_Cruise
12028.jpg,Marcos_Daniel_Jimenez
12029.jpg,Colin_Powell
12030.jpg,Catherine_Deneuve
12031.jpg,Oscar_Elias_Biscet
12032.jpg,Dean_Barkley
12033.jpg,Dean_Barkley
12034.jpg,John_Gruden
12035.jpg,Jean-Pierre_Raffarin
12036.jpg,Hugo_Chavez
12037.jpg,Ron_Dittemore
12038.jpg,Emma_Nicholson
12039.jpg,Cesar_Maia
12040.jpg,Sophia_Loren
12041.jpg,Cho_Myung-kyun
12042.jpg,Ricardo_Lopez_Murphy
12043.jpg,Chris_Dodd
12044.jpg,Lionel_Chalmers
12045.jpg,Colin_Powell
12046.jpg,Samantha_Daniels
12047.jpg,Hugo_Chavez
12048.jpg,Colin_Powell
12049.jpg,Larry_Brown
12050.jpg,Aaron_Peirsol
12051.jpg,Michael_Guiler
12052.jpg,Daniele_Hypolito
12053.jpg,Dion_Glover
12054.jpg,Carson_Palmer
12055.jpg,John_Bolton
12056.jpg,Jake_Gyllenhaal
12057.jpg,Bulent_Ecevit
12058.jpg,Kofi_Annan
12059.jpg,Colin_Powell
12060.jpg,018_frontal
12061.jpg,Elinor_Caplan
12062.jpg,Nick_Nolte
12063.jpg,Suzie_McConnell_Serio
12064.jpg,Isabelle_Huppert
12065.jpg,Paul_Bremer
12066.jpg,Wally_Szczerbiak
12067.jpg,Joerg_Haider
12068.jpg,Lindsay_Benko
12069.jpg,Janet_Napolitano
12070.jpg,Greg_Hennigar
12071.jpg,Colin_Powell
12072.jpg,Patrice_Chereau
12073.jpg,Hugo_Chavez
12074.jpg,John_Abizaid
12075.jpg,Colin_Powell
12076.jpg,James_Blake
12077.jpg,Moshe_Katsav
12078.jpg,Colin_Powell
12079.jpg,Colin_Powell
12080.jpg,Heidi_Fleiss
12081.jpg,Bill_Belichick
12082.jpg,Colin_Powell
12083.jpg,Colin_Powell
12084.jpg,Magda_Kertasz
12085.jpg,Pete_Beaudrault
12086.jpg,Paul_Bremer
12087.jpg,Sean_Patrick_OMalley
12088.jpg,Jerry_Rice
12089.jpg,Raoul_Ruiz
12090.jpg,Tammy_Helm
12091.jpg,Katie_Couric
12092.jpg,Kofi_Annan
12093.jpg,Deniz_Baykal
12094.jpg,Colin_Powell
12095.jpg,Darin_Erstad
12096.jpg,Jeannette_Biedermann
12097.jpg,Colin_Powell
12098.jpg,David_Kelly
12099.jpg,Paul_Bremer
12100.jpg,105_frontal
12101.jpg,Maria_Shriver
12102.jpg,Hugo_Chavez
12103.jpg,Hugo_Chavez
12104.jpg,Colin_Powell
12105.jpg,Gerard_Butler
12106.jpg,Hugo_Chavez
12107.jpg,Vincent_Sombrotto
12108.jpg,Mark_Hanson
12109.jpg,Fred_Funk
12110.jpg,Denise_Johnson
12111.jpg,Hugo_Chavez
12112.jpg,Robert_Bullock
12113.jpg,Colin_Powell
12114.jpg,Tom_Ridge
12115.jpg,Juanes
12116.jpg,Colin_Powell
12117.jpg,Roman_Tam
12118.jpg,Bob_Stoops
12119.jpg,Jamie_Villafane
12120.jpg,Bill_Byrne
12121.jpg,Alex_Gonzalez
12122.jpg,018_frontal
12123.jpg,James_Parker
12124.jpg,090_frontal
12125.jpg,Gus_Van_Sant
12126.jpg,Hwang_Doo-yun
12127.jpg,Hugo_Chavez
12128.jpg,Sergio_Vieira_De_Mello
12129.jpg,Lucy_Liu
12130.jpg,Reginald_Hudlin
12131.jpg,Abdullatif_Sener
12132.jpg,George_Lopez
12133.jpg,Steven_Curtis_Chapman
12134.jpg,James_Blake
12135.jpg,Patrick_Stewart
12136.jpg,Ralf_Schumacher
12137.jpg,Martin_Landau
12138.jpg,Mark_Martin
12139.jpg,Frank_Lautenberg
12140.jpg,Dany_Heatley
12141.jpg,Colin_Powell
12142.jpg,Colin_Powell
12143.jpg,Benjamin_Netanyahu
12144.jpg,Oprah_Winfrey
12145.jpg,067_frontal
12146.jpg,Asif_Ali_Zardari
12147.jpg,Elaine_Chao
12148.jpg,Padraig_Harrington
12149.jpg,Roberto_Carlos
12150.jpg,Kate_Hudson
12151.jpg,Kenneth_Evans
12152.jpg,Cho_Myung-kyun
12153.jpg,Jamie_Villafane
12154.jpg,Eric_Hinske
12155.jpg,Shireen_Amir_Begum
12156.jpg,Billy_Sollie
12157.jpg,Pedro_Solbes
12158.jpg,Salman_Rushdie
12159.jpg,John_Connolly
12160.jpg,Stanley_McChrystal
12161.jpg,Khaled_Sawalhi
12162.jpg,Derek_Jeter
12163.jpg,Jorge_Moreno
12164.jpg,Bernard_Kerik
12165.jpg,Cameron_Diaz
12166.jpg,Sandra_Milo
12167.jpg,Ray_Allen
12168.jpg,Kevin_Garnett
12169.jpg,Tiger_Woods
12170.jpg,Justine_Pasek
12171.jpg,Leo_Mullin
12172.jpg,Antonio_Palocci
12173.jpg,Elaine_Chao
12174.jpg,Colin_Powell
12175.jpg,Geovani_Lapentti
12176.jpg,Aaron_Guiel
12177.jpg,Adrian_Fernandez
12178.jpg,Donald_Keck
12179.jpg,Gus_Van_Sant
12180.jpg,Brigitte_Boisselier
12181.jpg,Martin_Landau
12182.jpg,Bulent_Ecevit
12183.jpg,Nebojsa_Pavkovic
12184.jpg,Chris_Rock
12185.jpg,Jim_Paxson
12186.jpg,035_frontal
12187.jpg,Yang_Jianli
12188.jpg,Hugo_Chavez
12189.jpg,John_Abizaid
12190.jpg,Hussein_Malik
12191.jpg,Hugo_Chavez
12192.jpg,Oprah_Winfrey
12193.jpg,Ahmad_Masood
12194.jpg,Li_Peng
12195.jpg,Leandrinho_Barbosa
12196.jpg,Colin_Powell
12197.jpg,James_Blake
12198.jpg,Chance_Mock
12199.jpg,Roger_Cook
12200.jpg,Daniel_Darnell
12201.jpg,Michael_Chang
12202.jpg,Roman_Tam
12203.jpg,Mario_Lemieux
12204.jpg,Tom_Glavine
12205.jpg,Colin_Powell
12206.jpg,Pete_Sampras
12207.jpg,099_frontal
12208.jpg,Brian_Henson
12209.jpg,Catherine_Deneuve
12210.jpg,Lucy_Liu
12211.jpg,Keith_Tyson
12212.jpg,Padraig_Harrington
12213.jpg,023_frontal
12214.jpg,Ilan_Ramon
12215.jpg,Bob_Stoops
12216.jpg,Oliver_Stone
12217.jpg,Hussam_Mohammed_Amin
12218.jpg,Paola_Espinoza
12219.jpg,094_frontal
12220.jpg,Brock_Berlin
12221.jpg,Greg_Hennigar
12222.jpg,Jean-Luc_Bideau
12223.jpg,Rick_Santorum
12224.jpg,Laura_Flessel
12225.jpg,Elizabeth_Taylor
12226.jpg,Tim_Duncan
12227.jpg,Sean_Astin
12228.jpg,Steve_Zahn
12229.jpg,Michael_McNeely
12230.jpg,Karin_Stoiber
12231.jpg,Kalid_Kaid
12232.jpg,Jesse_Helms
12233.jpg,125_frontal
12234.jpg,Elin_Nordegren
12235.jpg,Jennifer_Connelly
12236.jpg,Oliver_Stone
12237.jpg,084_frontal
12238.jpg,Jerry_Regier
12239.jpg,Roberto_Carlos
12240.jpg,Bill_Pryor
12241.jpg,Tom_Ridge
12242.jpg,James_Parker
12243.jpg,Colin_Powell
12244.jpg,Alex_Gonzalez
12245.jpg,Prince_Claus
12246.jpg,James_Blake
12247.jpg,Colin_Powell
12248.jpg,Valery_Giscard_dEstaing
12249.jpg,Bing_Crosby
12250.jpg,Ali_Fallahian
12251.jpg,Pete_Sampras
12252.jpg,Hugo_Chavez
12253.jpg,Valentino_Rossi
12254.jpg,Troy_Jenkins
12255.jpg,Ali_Fallahian
12256.jpg,Kevin_Spacey
12257.jpg,Ben_Glisan
12258.jpg,Steve_Avery
12259.jpg,Colin_Powell
12260.jpg,Colin_Powell
12261.jpg,Li_Zhaoxing
12262.jpg,Bryan_Adams
12263.jpg,Isabelle_Huppert
12264.jpg,Leo_Ramirez
12265.jpg,Colin_Powell
12266.jpg,Roger_Clemens
12267.jpg,Hamid_Karzai
12268.jpg,Larry_Coker
12269.jpg,Hans_Eichel
12270.jpg,Matthew_Broderick
12271.jpg,Derek_Jeter
12272.jpg,Colin_Powell
12273.jpg,Joe_Cocker
12274.jpg,Adrian_Nastase
12275.jpg,Paul_Bremer
12276.jpg,Cameron_Diaz
12277.jpg,Bob_Stoops
12278.jpg,Juanes
12279.jpg,Cate_Blanchett
12280.jpg,Ryan_Nyquist
12281.jpg,Beyonce_Knowles
12282.jpg,Naomi_Watts
12283.jpg,Amr_Moussa
12284.jpg,Kofi_Annan
12285.jpg,Kofi_Annan
12286.jpg,TA_McLendon
12287.jpg,Naomi_Watts
12288.jpg,Sean_Astin
12289.jpg,Ed_Case
12290.jpg,Johan_Bruyneel
12291.jpg,Johnny_Unitas
12292.jpg,Alicia_Molik
12293.jpg,Eva_Mendes
12294.jpg,William_Morrow
12295.jpg,James_Blake
12296.jpg,Norodom_Sihanouk
12297.jpg,Larry_Brown
12298.jpg,Duane_Lee_Chapman
12299.jpg,Christian_Longo
12300.jpg,Ralf_Schumacher
12301.jpg,Mark_Broxmeyer
12302.jpg,Colin_Powell
12303.jpg,056_frontal
12304.jpg,Michael_Taylor
12305.jpg,Ghassan_Elashi
12306.jpg,Salma_Hayek
12307.jpg,Slobodan_Milosevic
12308.jpg,Matt_Siebrandt
12309.jpg,Colin_Powell
12310.jpg,Colin_Powell
12311.jpg,Johnny_Unitas
12312.jpg,Tim_Duncan
12313.jpg,Hamid_Karzai
12314.jpg,Albert_Brooks
12315.jpg,Eric_Hinske
12316.jpg,Miyako_Miyazaki
12317.jpg,016_frontal
12318.jpg,Valentino_Rossi
12319.jpg,Isabella_Rossellini
12320.jpg,Monica_Serra
12321.jpg,Jose_Carreras
12322.jpg,Tom_Ridge
12323.jpg,Pedro_Malan
12324.jpg,Thaksin_Shinawatra
12325.jpg,Adam_Kennedy
12326.jpg,Kofi_Annan
12327.jpg,025_frontal
12328.jpg,James_Blake
12329.jpg,Jules_Asner
12330.jpg,Patrice_Chereau
12331.jpg,Tim_Matheson
12332.jpg,Jean-Luc_Bideau
12333.jpg,Kofi_Annan
12334.jpg,Ron_Dittemore
12335.jpg,John_Connolly
12336.jpg,Gwendal_Peizerat
12337.jpg,Colin_Powell
12338.jpg,Brandon_Knight
12339.jpg,Paul_Li_Calsi
12340.jpg,Aaron_Peirsol
12341.jpg,Justine_Pasek
12342.jpg,Tom_Cruise
12343.jpg,Al_Gore
12344.jpg,Hamid_Karzai
12345.jpg,Paula_Prentiss
12346.jpg,Colin_Powell
12347.jpg,Jacky_Cheung
12348.jpg,Emanuel_Ginobili
12349.jpg,Brian_Wells
12350.jpg,Oswaldo_Paya
12351.jpg,Colin_Powell
12352.jpg,Colin_Powell
12353.jpg,Colin_Powell
12354.jpg,Malik_Mahmud
12355.jpg,Darryl_Stingley
12356.jpg,Eric_Christian_Olsen
12357.jpg,William_Cocksedge
12358.jpg,Ted_Williams
12359.jpg,Wayne_Ferreira
12360.jpg,Noer_Moeis
12361.jpg,Jon_Gruden
12362.jpg,Tom_Ridge
12363.jpg,Larry_Beinfest
12364.jpg,Paul_Bremer
12365.jpg,Brian_Schneider
12366.jpg,Christine_Gregoire
12367.jpg,Elizabeth_Shue
12368.jpg,Beyonce_Knowles
12369.jpg,Robby_Ginepri
12370.jpg,Warren_Beatty
12371.jpg,Kofi_Annan
12372.jpg,021_frontal
12373.jpg,Harrison_Ford
12374.jpg,Hugo_Chavez
12375.jpg,Hamid_Karzai
12376.jpg,Daniel_Radcliffe
12377.jpg,Nora_Bendijo
12378.jpg,Leo_Mullin
12379.jpg,Gloria_Gaynor
12380.jpg,Tom_Ridge
12381.jpg,Oscar_De_La_Hoya
12382.jpg,Chance_Mock
12383.jpg,Nate_Hybl
12384.jpg,Conchita_Martinez
12385.jpg,125_frontal
12386.jpg,Iran_Brown
12387.jpg,Tom_Ridge
12388.jpg,Colin_Powell
12389.jpg,120_frontal
12390.jpg,Cathryn_Crawford
12391.jpg,Greg_Ostertag
12392.jpg,Anthony_Lee_Johnson
12393.jpg,Colin_Powell
12394.jpg,Sergio_Vieira_De_Mello
12395.jpg,Andy_Warhol
12396.jpg,Hunter_Kemper
12397.jpg,Colin_Powell
12398.jpg,John_Bolton
12399.jpg,107_frontal
12400.jpg,007_frontal
12401.jpg,David_Dorfman
12402.jpg,Martin_Landau
12403.jpg,Wen_Jiabao
12404.jpg,Valentino_Rossi
12405.jpg,John_Edwards
12406.jpg,Dorthy_Moxley
12407.jpg,Annette_Lu
12408.jpg,100_frontal
12409.jpg,Salma_Hayek
12410.jpg,Sureyya_Ayhan
12411.jpg,Juanes
12412.jpg,Richard_Jewell
12413.jpg,Jim_Harrick
12414.jpg,Jake_Gyllenhaal
12415.jpg,Colin_Powell
12416.jpg,Martin_Boryczewski
12417.jpg,David_Przybyszewski
12418.jpg,Hugo_Chavez
12419.jpg,John_Banko
12420.jpg,Roberto_Laratro
12421.jpg,Kofi_Annan
12422.jpg,Svend_Aage_Jensby
12423.jpg,Moby
12424.jpg,Ryan_Nyquist
12425.jpg,Dennis_Powell
12426.jpg,Richard_Rodriguez
12427.jpg,Colin_Powell
12428.jpg,Ren_Qingjin
12429.jpg,Hans_Eichel
12430.jpg,Robby_Ginepri
12431.jpg,Frederique_van_der_Wal
12432.jpg,Anne_Cavers
12433.jpg,094_frontal
12434.jpg,Tiger_Woods
12435.jpg,Rosemarie_Stack
12436.jpg,Jeremy_Fogel
12437.jpg,John_Abizaid
12438.jpg,Antonio_Palocci
12439.jpg,Conchita_Martinez
12440.jpg,Floyd_Mayweather
12441.jpg,Tom_Cruise
12442.jpg,Queen_Beatrix
12443.jpg,Richard_Rodriguez
12444.jpg,Ilan_Ramon
12445.jpg,Colin_Powell
12446.jpg,John_Bolton
12447.jpg,James_Blake
12448.jpg,Cameron_Diaz
12449.jpg,Richard_Naughton
12450.jpg,Colin_Powell
12451.jpg,Tiger_Woods
12452.jpg,Colin_Powell
12453.jpg,Tiger_Woods
12454.jpg,Hugo_Chavez
12455.jpg,Naomi_Watts
12456.jpg,Jeong_Se-hyun
12457.jpg,Salma_Hayek
12458.jpg,Paul_Burrell
12459.jpg,Tom_Ridge
12460.jpg,John_Bolton
12461.jpg,Conchita_Martinez
12462.jpg,Jessica_Brungo
12463.jpg,Bill_Readdy
12464.jpg,Brendan_Hansen
12465.jpg,Naomi_Watts
12466.jpg,Nate_Hybl
12467.jpg,Princess_Anne
12468.jpg,Antonio_Palocci
12469.jpg,Carson_Palmer
12470.jpg,James_Blake
12471.jpg,Greg_Hennigar
12472.jpg,Colin_Powell
12473.jpg,Robert_Duvall
12474.jpg,John_Bolton
12475.jpg,Robert_Duvall
12476.jpg,Raoul_Ruiz
12477.jpg,Padraig_Harrington
12478.jpg,Ari_Bousbib
12479.jpg,Ralf_Schumacher
12480.jpg,Miyako_Miyazaki
12481.jpg,John_Kerry
12482.jpg,Miyako_Miyazaki
12483.jpg,Elizabeth_Hill
12484.jpg,Arnold_Scott
12485.jpg,Alan_Tang_Kwong-wing
12486.jpg,Bob_Guccione
12487.jpg,Colin_Powell
12488.jpg,Colin_Powell
12489.jpg,Kofi_Annan
12490.jpg,Mike_Samp
12491.jpg,Colin_Powell
12492.jpg,031_frontal
12493.jpg,Juanes
12494.jpg,James_Blake
12495.jpg,Jean-Pierre_Raffarin
12496.jpg,Colin_Powell
12497.jpg,Colin_Powell
12498.jpg,Colin_Powell
12499.jpg,050_frontal
12500.jpg,Maryn_McKenna
12501.jpg,Sean_Astin
12502.jpg,Angie_Martinez
12503.jpg,Naomi_Watts
12504.jpg,Mariangel_Ruiz_Torrealba
12505.jpg,Andre_Bucher
12506.jpg,Wen_Jiabao
12507.jpg,Larry_Brown
12508.jpg,Jesse_James_Leija
12509.jpg,Gary_Bettman
12510.jpg,011_frontal
12511.jpg,Cate_Blanchett
12512.jpg,Michael_Donovan
12513.jpg,Samuel_Waksal
12514.jpg,Millicent_Martin
12515.jpg,James_Lockhart
12516.jpg,Kristin_Davis
12517.jpg,Michael_Chang
12518.jpg,093_frontal
12519.jpg,Tom_Cruise
12520.jpg,Alfredo_Pena
12521.jpg,Nathalie_Baye
12522.jpg,Monique_Gagnon-Tremblay
12523.jpg,Brendan_Hansen
12524.jpg,Denzel_Washington
12525.jpg,Katrin_Susi
12526.jpg,Tino_Martinez
12527.jpg,Cate_Blanchett
12528.jpg,015_frontal
12529.jpg,Roger_Clemens
12530.jpg,Larry_Anderson
12531.jpg,Paris_Hilton
12532.jpg,Daryl_Hannah
12533.jpg,Michel_Temer
12534.jpg,Larry_Ellison
12535.jpg,Martin_Brodeur
12536.jpg,Hamid_Karzai
12537.jpg,Tom_Ridge
12538.jpg,Salma_Hayek
12539.jpg,Colin_Powell
12540.jpg,Colin_Powell
12541.jpg,Colin_Powell
12542.jpg,Colin_Powell
12543.jpg,Ciro_Gomes
12544.jpg,Garry_Kasparov
12545.jpg,Sophia_Loren
12546.jpg,Debra_Rose
12547.jpg,Tom_Ridge
12548.jpg,John_Philip_Elkann
12549.jpg,John_Bolton
12550.jpg,Claudia_Cardinale
12551.jpg,Hugo_Chavez
12552.jpg,Joerg_Haider
12553.jpg,066_frontal
12554.jpg,Julie_Infante
12555.jpg,Martha_Burk
12556.jpg,Hamid_Karzai
12557.jpg,Jeanne_Moreau
12558.jpg,Oprah_Winfrey
12559.jpg,Tony_Stewart
12560.jpg,Aaron_Peirsol
12561.jpg,Lindsay_Benko
12562.jpg,Monica_Seles
12563.jpg,Rosario_Dawson
12564.jpg,Cesar_Maia
12565.jpg,Elaine_Chao
12566.jpg,Charles_Mathews
12567.jpg,Charles_Schumer
12568.jpg,Sergio_Vieira_De_Mello
12569.jpg,Tiger_Woods
12570.jpg,Nick_Nolte
12571.jpg,Allen_Iverson
12572.jpg,Colin_Powell
12573.jpg,Paul_Bremer
12574.jpg,John_McCallum
12575.jpg,Woodrow_Stanley
12576.jpg,Barbara_Boxer
12577.jpg,Chin-Feng_Chen
12578.jpg,Tiger_Woods
12579.jpg,Colin_Powell
12580.jpg,Hugo_Chavez
12581.jpg,Colin_Powell
12582.jpg,Colin_Powell
12583.jpg,Colin_Powell
12584.jpg,Harrison_Ford
12585.jpg,Mike_Helton
12586.jpg,Paul_Bremer
12587.jpg,Joan_Dangerfield
12588.jpg,Colin_Powell
12589.jpg,Tiger_Woods
12590.jpg,Allen_Iverson
12591.jpg,Paul_William_Hurley
12592.jpg,Hugo_Chavez
12593.jpg,Bulent_Ecevit
12594.jpg,Hugo_Chavez
12595.jpg,Christian_Von_Wernich
12596.jpg,Tim_Duncan
12597.jpg,Monica_Seles
12598.jpg,Roberto_Guaterroma
12599.jpg,Simona_Hradil
12600.jpg,Laurie_Hobbs
12601.jpg,Hugo_Chavez
12602.jpg,Alberto_Ruiz_Gallardon
12603.jpg,Li_Peng
12604.jpg,Hamid_Karzai
12605.jpg,Lennart_Johansson
12606.jpg,Thomas_Fargo
12607.jpg,Ai_Sugiyama
12608.jpg,Hamid_Karzai
12609.jpg,Ty_Votaw
12610.jpg,Deena_Burnett
12611.jpg,Colin_Powell
12612.jpg,Luc_Montagnier
12613.jpg,Ali_Khamenei
12614.jpg,Ana_Palacio
12615.jpg,Mary_Descenza
12616.jpg,Lionel_Richie
12617.jpg,Francisco_Flores
12618.jpg,Hugo_Chavez
12619.jpg,Maurice_Strong
12620.jpg,Bob_Melvin
12621.jpg,Vanessa_Williams
12622.jpg,Clive_Woodward
12623.jpg,Colin_Powell
12624.jpg,Columba_Bush
12625.jpg,112_frontal
12626.jpg,Colin_Powell
12627.jpg,Tom_Ridge
12628.jpg,Colin_Powell
12629.jpg,Jim_Paxson
12630.jpg,Kevin_Spacey
12631.jpg,Colin_Powell
12632.jpg,Martha_Burk
12633.jpg,Li_Zhaoxing
12634.jpg,Pascal_Rheaume
12635.jpg,Colin_Powell
12636.jpg,David_Modell
12637.jpg,Colin_Powell
12638.jpg,Stephen_Daldry
12639.jpg,Paul_Bremer
12640.jpg,Monica_Seles
12641.jpg,Jay_Garner
12642.jpg,085_frontal
12643.jpg,Colin_Powell
12644.jpg,Jen_Schefft
12645.jpg,075_frontal
12646.jpg,Kofi_Annan
12647.jpg,Roberto_Carlos
12648.jpg,Tiger_Woods
12649.jpg,Ronde_Barber
12650.jpg,Mariah_Carey
12651.jpg,Paul_Bremer
12652.jpg,119_frontal
12653.jpg,Tom_Ridge
12654.jpg,Sophia_Loren
12655.jpg,Richard_Naughton
12656.jpg,Wen_Jiabao
12657.jpg,Paris_Hilton
12658.jpg,Nora_Bendijo
12659.jpg,Troy_Hudson
12660.jpg,086_frontal
12661.jpg,105_frontal
12662.jpg,Kevin_Spacey
12663.jpg,Miyako_Miyazaki
12664.jpg,Jody_Richards
12665.jpg,Tiger_Woods
12666.jpg,Joe_Plumeri
12667.jpg,Colin_Powell
12668.jpg,Horace_Donovan_Reid
12669.jpg,Penelope_Ann_Miller
12670.jpg,Valerie_Harper
12671.jpg,Cristina_Torrens_Valero
12672.jpg,Karen_Allen
12673.jpg,Kaio_Almeida
12674.jpg,Malak_Habbak
12675.jpg,Roberto_Carlos
12676.jpg,Turner_Gill
12677.jpg,Columba_Bush
12678.jpg,Gene_Sauers
12679.jpg,Colin_Powell
12680.jpg,Bill_OReilly
12681.jpg,Claudia_Cardinale
12682.jpg,Li_Zhaoxing
12683.jpg,John_Bolton
12684.jpg,Colin_Powell
12685.jpg,Salma_Hayek
12686.jpg,Kevin_Gil
12687.jpg,Ozzy_Osbourne
12688.jpg,Stephen_Thompson
12689.jpg,Chea_Sophara
12690.jpg,Alberto_Fujimori
12691.jpg,Kaio_Almeida
12692.jpg,Thomas_OBrien
12693.jpg,John_Kerry
12694.jpg,Colin_Powell
12695.jpg,Colin_Powell
12696.jpg,Paul_Bremer
12697.jpg,Billy_Beane
12698.jpg,Brian_Wells
12699.jpg,Queen_Beatrix
12700.jpg,Pedro_Malan
12701.jpg,Leonard_Glick
12702.jpg,Colin_Powell
12703.jpg,Sean_Astin
12704.jpg,Habib_Rizieq
12705.jpg,Kate_Lee
12706.jpg,Jeanne_Moreau
12707.jpg,Paul_Burrell
12708.jpg,Dean_Barkley
12709.jpg,Paul_William_Hurley
12710.jpg,Matt_Doherty
12711.jpg,Budd_Schulberg
12712.jpg,Leo_Mullin
12713.jpg,005_frontal
12714.jpg,Kurt_Warner
12715.jpg,Valery_Giscard_dEstaing
12716.jpg,Elizabeth_Hurley
12717.jpg,Michael_Chang
12718.jpg,Alfred_Ford
12719.jpg,Marilyn_Monroe
12720.jpg,Salman_Rushdie
12721.jpg,Charles_Richardson
12722.jpg,Pete_Sampras
12723.jpg,Colin_Powell
12724.jpg,Roger_Clemens
12725.jpg,Heidi_Fleiss
12726.jpg,Hugo_Chavez
12727.jpg,Kofi_Annan
12728.jpg,Win_Aung
12729.jpg,Jack_Welch
12730.jpg,098_frontal
12731.jpg,Jon_Gruden
12732.jpg,Larry_Brown
12733.jpg,Ai_Sugiyama
12734.jpg,Mario_Alfaro-Lopez
12735.jpg,Naomi_Watts
12736.jpg,081_frontal
12737.jpg,Wen_Jiabao
12738.jpg,Chuck_Eidson
12739.jpg,Colin_Powell
12740.jpg,Tom_Ridge
12741.jpg,Patricia_Heaton
12742.jpg,Pete_Sampras
12743.jpg,Tom_Cruise
12744.jpg,Colin_Powell
12745.jpg,Sergio_Vieira_De_Mello
12746.jpg,Ricardo_Lopez_Murphy
12747.jpg,Al_Gore
12748.jpg,Gennifer_Flowers
12749.jpg,Colin_Powell
12750.jpg,Catherine_Deneuve
12751.jpg,Thaksin_Shinawatra
12752.jpg,Bulent_Ecevit
12753.jpg,Matt_Damon
12754.jpg,Colin_Powell
12755.jpg,Colin_Powell
12756.jpg,Naomi_Watts
12757.jpg,Bulent_Ecevit
12758.jpg,Jeanne_Moreau
12759.jpg,Gus_Van_Sant
12760.jpg,Frank_Schmoekel
12761.jpg,Kevin_Spacey
12762.jpg,Jeong_Se-hyun
12763.jpg,William_Morrow
12764.jpg,Tim_Duncan
12765.jpg,John_Kerry
12766.jpg,Zarai_Toledo
12767.jpg,Hamid_Karzai
12768.jpg,Bill_Fennelly
12769.jpg,Lionel_Richie
12770.jpg,Pete_Sampras
12771.jpg,Hugo_Chavez
12772.jpg,Daniel_Radcliffe
12773.jpg,Dorthy_Moxley
12774.jpg,Sergio_Vieira_De_Mello
12775.jpg,Agnelo_Queiroz
12776.jpg,Lynne_Thigpen
12777.jpg,Hugo_Chavez
12778.jpg,Charles_Mathews
12779.jpg,Anne_Cavers
12780.jpg,Ali_Khamenei
12781.jpg,Colin_Powell
12782.jpg,Jules_Asner
12783.jpg,Ghassan_Elashi
12784.jpg,Pedro_Malan
12785.jpg,Kieran_Culkin
12786.jpg,Bruce_Weber
12787.jpg,Eliza_Manningham-Buller
12788.jpg,Jolanta_Kwasniewski
12789.jpg,Ron_Dittemore
12790.jpg,Colin_Powell
12791.jpg,Valery_Giscard_dEstaing
12792.jpg,James_Blake
12793.jpg,Carson_Palmer
12794.jpg,Tom_Ridge
12795.jpg,Oprah_Winfrey
12796.jpg,Kate_Hudson
12797.jpg,Adriana_Perez_Navarro
12798.jpg,Dean_Barkley
12799.jpg,Paola_Espinoza
12800.jpg,Roberto_Laratro
12801.jpg,Mark_Andrew
12802.jpg,Colin_Powell
12803.jpg,Colin_Powell
12804.jpg,Li_Peng
12805.jpg,Steve_Blake
12806.jpg,Scott_McNealy
12807.jpg,Tomoko_Hagiwara
12808.jpg,Hugo_Chavez
12809.jpg,Tom_Lantos
12810.jpg,Barbara_Brezigar
12811.jpg,Jennifer_Keller
12812.jpg,Fernando_Valenzuela
12813.jpg,Habib_Rizieq
12814.jpg,Gregg_Popovich
12815.jpg,Jay_Garner
12816.jpg,Martha_Bowen
12817.jpg,Steve_Austin
12818.jpg,Colin_Powell
12819.jpg,121_frontal
12820.jpg,Antonio_Palocci
12821.jpg,Lyle_Vanclief
12822.jpg,Brittany_Snow
12823.jpg,John_Franco
12824.jpg,Andrea_Yates
12825.jpg,Kofi_Annan
12826.jpg,Paul_Bremer
12827.jpg,Charles_Mathews
12828.jpg,Colin_Powell
12829.jpg,Sandra_Banning
12830.jpg,Ari_Bousbib
12831.jpg,Colin_Powell
12832.jpg,Justine_Pasek
12833.jpg,Christian_Longo
12834.jpg,Mary_Jo_Myers
12835.jpg,Paul_Bremer
12836.jpg,Lindsay_Benko
12837.jpg,Bob_Riley
12838.jpg,Kurt_Warner
12839.jpg,Samuel_Waksal
12840.jpg,Frank_Schmoekel
12841.jpg,Wayne_Ferreira
12842.jpg,Ray_Allen
12843.jpg,Sarah_Price
12844.jpg,Marwan_Barghouthi
12845.jpg,Chang_Jae_On
12846.jpg,Turner_Gill
12847.jpg,Donna_Morrissey
12848.jpg,Colin_Powell
12849.jpg,Larry_Beinfest
12850.jpg,Colin_Powell
12851.jpg,Oprah_Winfrey
12852.jpg,Kelli_White
12853.jpg,Paul_Bremer
12854.jpg,Ronde_Barber
12855.jpg,Colin_Powell
12856.jpg,Alain_Cervantes
12857.jpg,Natalia_Vodonova
12858.jpg,Bulent_Ecevit
12859.jpg,Martin_Cauchon
12860.jpg,Lela_Rochon
12861.jpg,080_frontal
12862.jpg,Ascencion_Barajas
12863.jpg,Colin_Powell
12864.jpg,Tiger_Woods
12865.jpg,Will_Ferrell
12866.jpg,Oscar_De_La_Hoya
12867.jpg,Colin_Powell
12868.jpg,Marcelo_Bielsa
12869.jpg,Carolyn_Dawn_Johnson
12870.jpg,Bob_Stoops
12871.jpg,Colin_Powell
12872.jpg,Isidro_Pastor
12873.jpg,Simona_Hradil
12874.jpg,Richard_Jewell
12875.jpg,Colin_Powell
12876.jpg,078_frontal
12877.jpg,Steve_Blake
12878.jpg,Colin_Powell
12879.jpg,Sarah_Weddington
12880.jpg,James_Blake
12881.jpg,Oswaldo_Paya
12882.jpg,George_Lopez
12883.jpg,Eva_Herzigova
12884.jpg,Dan_Wheldon
12885.jpg,Sophie
12886.jpg,Tom_Ridge
12887.jpg,Michael_Chang
12888.jpg,Colin_Powell
12889.jpg,Lindy_Ruff
12890.jpg,078_frontal
12891.jpg,Li_Peng
12892.jpg,Pedro_Solbes
12893.jpg,030_frontal
12894.jpg,Justine_Pasek
12895.jpg,Oscar_De_La_Hoya
12896.jpg,105_frontal
12897.jpg,Nelson_Shanks
12898.jpg,Sergio_Vieira_De_Mello
12899.jpg,Diana_Ross
12900.jpg,Larry_Ellison
12901.jpg,Ralf_Schumacher
12902.jpg,Drew_Barrymore
12903.jpg,Fernando_Leon_de_Aranoa
12904.jpg,Tom_Ridge
12905.jpg,Dick_Smothers
12906.jpg,Marcelo_Ebrard
12907.jpg,011_frontal
12908.jpg,Tom_Ridge
12909.jpg,Jon_Gruden
12910.jpg,Kristin_Scott
12911.jpg,Caroline_Kennedy
12912.jpg,Prince_Claus
12913.jpg,Isidro_Pastor
12914.jpg,Ana_Palacio
12915.jpg,Rosemarie_Stack
12916.jpg,Paul_Burrell
12917.jpg,Marina_Anissina
12918.jpg,Dean_Barkley
12919.jpg,Parris_Glendening
12920.jpg,Gustavo_Kuerten
12921.jpg,David_Hannay
12922.jpg,John_Bond
12923.jpg,Guy_Ritchie
12924.jpg,Habib_Rizieq
12925.jpg,James_Butts
12926.jpg,Jerry_Regier
12927.jpg,Donald_Pettit
12928.jpg,Tom_Ridge
12929.jpg,Gregorio_Honasan
12930.jpg,Colin_Powell
12931.jpg,Cameron_Diaz
12932.jpg,Colin_Powell
12933.jpg,Carla_Gay_Balingit
12934.jpg,Carlos_Ortega
12935.jpg,Janet_Napolitano
12936.jpg,Dave_Lewis
12937.jpg,Paul_William_Hurley
12938.jpg,Tom_Hanks
12939.jpg,Mary_Sue_Coleman
12940.jpg,Helio_Castroneves
12941.jpg,Ralf_Schumacher
12942.jpg,Christina_Sawaya
12943.jpg,Clemente_de_la_Vega
12944.jpg,Stellan_Skarsgard
12945.jpg,Colin_Powell
12946.jpg,Colin_Powell
12947.jpg,Ralf_Schumacher
12948.jpg,Colin_Powell
12949.jpg,Bulent_Ecevit
12950.jpg,Evie_Lazarou
12951.jpg,Juan_Ignacio_Chela
12952.jpg,113_frontal
12953.jpg,Colin_Powell
12954.jpg,Antonio_Palocci
12955.jpg,Tiger_Woods
12956.jpg,Gary_Locke
12957.jpg,Peter_Bacanovic
12958.jpg,Jake_Gyllenhaal
12959.jpg,Wayne_Ferreira
12960.jpg,Scott_Wallach
12961.jpg,Adrian_Nastase
12962.jpg,Colin_Powell
12963.jpg,Lindy_Ruff
12964.jpg,Tom_Miller
12965.jpg,Martin_Cauchon
12966.jpg,Eva_Herzigova
12967.jpg,Tom_Cruise
12968.jpg,Kofi_Annan
12969.jpg,Hanan_Ashrawi
12970.jpg,Tom_Cruise
12971.jpg,083_frontal
12972.jpg,Bak_Chang-Ryun
12973.jpg,Hugo_Chavez
12974.jpg,Derek_Jeter
12975.jpg,Mariano_Zabaleta
12976.jpg,112_frontal
12977.jpg,075_frontal
12978.jpg,Hamid_Karzai
12979.jpg,Turner_Gill
12980.jpg,Ibrahim_Hilal
12981.jpg,Tony_Stewart
12982.jpg,Habib_Rizieq
12983.jpg,Douglas_Faneuil
12984.jpg,Johnny_Unitas
12985.jpg,Hank_Stram
12986.jpg,Colin_Powell
12987.jpg,Bak_Chang-Ryun
12988.jpg,Jennifer_Keller
12989.jpg,James_Blake
12990.jpg,Tiger_Woods
12991.jpg,Yoelbi_Quesada
12992.jpg,032_frontal
12993.jpg,Serge_Klarsfeld
12994.jpg,Colin_Powell
12995.jpg,Cristina_Torrens_Valero
12996.jpg,Edina_Batar
12997.jpg,Prince_Claus
12998.jpg,Eva_Mendes
12999.jpg,Paul_William_Hurley
13000.jpg,Hank_Aaron
13001.jpg,086_frontal
13002.jpg,Colin_Powell
13003.jpg,Tom_Hanks
13004.jpg,David_McCallum
13005.jpg,Paul_Bremer
13006.jpg,Trevor_McDonald
13007.jpg,053_frontal
13008.jpg,Hushiar_Zebari
13009.jpg,Woodrow_Stanley
13010.jpg,Milton_Berle
13011.jpg,Marilyn_Monroe
13012.jpg,Linda_Dano
13013.jpg,Aaron_Guiel
13014.jpg,Annie_Machon
13015.jpg,Yoon_Young-kwan
13016.jpg,Jeong_Se-hyun
13017.jpg,Kofi_Annan
13018.jpg,Jean-Pierre_Bemba
13019.jpg,Nick_Nolte
13020.jpg,Elizabeth_Hurley
13021.jpg,Elizabeth_Hurley
13022.jpg,Thomas_OBrien
13023.jpg,Karin_Stoiber
13024.jpg,Dave_Robertson
13025.jpg,Vanessa_Williams
13026.jpg,Heidi_Fleiss
13027.jpg,Russell_Crowe
13028.jpg,Mary_Sue_Coleman
13029.jpg,Thaksin_Shinawatra
13030.jpg,Aleksander_Kwasniewski
13031.jpg,Dolly_Parton
13032.jpg,Moby
13033.jpg,Zarai_Toledo
13034.jpg,Deece_Eckstein
13035.jpg,Hugo_Chavez
13036.jpg,Barry_Nakell
13037.jpg,Daniel_Radcliffe
13038.jpg,Garry_McCoy
13039.jpg,Bob_Bowlsby
13040.jpg,Maria_Shriver
13041.jpg,Dennis_Powell
13042.jpg,George_Lopez
13043.jpg,Hugo_Chavez
13044.jpg,Bob_Stoops
13045.jpg,Wen_Jiabao
13046.jpg,Serge_Klarsfeld
13047.jpg,Christine_Arron
13048.jpg,Dave_Odom
13049.jpg,Wen_Jiabao
13050.jpg,Jeong_Se-hyun
13051.jpg,Leander_Paes
13052.jpg,Ryan_Goodman
13053.jpg,Larry_Ellison
13054.jpg,Milo_Maestrecampo
13055.jpg,Jim_Harrick
13056.jpg,Enrique_Bolanos
13057.jpg,Richard_Naughton
13058.jpg,Hamid_Karzai
13059.jpg,Phillipe_Comtois
13060.jpg,Jerry_Pauley
13061.jpg,Alejandro_Atchugarry
13062.jpg,Jon_Gruden
13063.jpg,Colin_Powell
13064.jpg,Tommy_Shane_Steiner
13065.jpg,Bryan_Adams
13066.jpg,Joe_Mantello
13067.jpg,Dai_Chul_Chyung
13068.jpg,Hugo_Chavez
13069.jpg,Wen_Jiabao
13070.jpg,Colin_Powell
13071.jpg,Sarah_Price
13072.jpg,Will_Ferrell
13073.jpg,Valery_Giscard_dEstaing
13074.jpg,Gregorio_Rosal
13075.jpg,Christine_Gregoire
13076.jpg,Ai_Sugiyama
13077.jpg,Jean-Pierre_Raffarin
13078.jpg,Mitchell_McLaughlin
13079.jpg,Cameron_Diaz
13080.jpg,John_Edwards
13081.jpg,David_McCallum
13082.jpg,James_Mathis
13083.jpg,Sean_Patrick_OMalley
13084.jpg,Jason_Gardner
13085.jpg,Colin_Powell
13086.jpg,Mike_Samp
13087.jpg,Michele_Placido
13088.jpg,Tom_Cruise
13089.jpg,John_Bolton
13090.jpg,Patrice_Chereau
13091.jpg,Tom_Ridge
13092.jpg,Colin_Powell
13093.jpg,Jorge_Moreno
13094.jpg,Antonio_Palocci
13095.jpg,LK_Advani
13096.jpg,Colin_Powell
13097.jpg,Michele_Placido
13098.jpg,Rodney_Dangerfield
13099.jpg,Paul_Burrell
13100.jpg,Tom_Ridge
13101.jpg,Magda_Kertasz
13102.jpg,Colleen_Ryan
13103.jpg,Peter_Hillary
13104.jpg,Raoul_Ruiz
13105.jpg,Colin_Powell
13106.jpg,Tom_Ridge
13107.jpg,Douglas_Faneuil
13108.jpg,Elgin_Baylor
13109.jpg,Colin_Powell
13110.jpg,Woodrow_Stanley
13111.jpg,John_Kerry
13112.jpg,Ellen_Pompeo
13113.jpg,Alexandra_Pelosi
13114.jpg,Win_Aung
13115.jpg,Kristanna_Loken
13116.jpg,Prince_Claus
13117.jpg,Li_Zhaoxing
13118.jpg,Prince_Claus
13119.jpg,Lisa_Stone
13120.jpg,Paul_Burrell
13121.jpg,Francisco_Flores
13122.jpg,Wen_Jiabao
13123.jpg,Brendan_Hansen
13124.jpg,Kurt_Warner
13125.jpg,Colin_Powell
13126.jpg,Rodney_Dangerfield
13127.jpg,Mariah_Carey
13128.jpg,Zarai_Toledo
13129.jpg,Colin_Powell
13130.jpg,Colin_Powell
13131.jpg,Steve_Avery
13132.jpg,James_Blake
13133.jpg,Kurt_Warner
13134.jpg,115_frontal
13135.jpg,Oscar_Elias_Biscet
13136.jpg,085_frontal
13137.jpg,Diane_Lane
13138.jpg,078_frontal
13139.jpg,Joseph_LePore
13140.jpg,Colin_Powell
13141.jpg,Tiger_Woods
13142.jpg,John_Kerry
13143.jpg,Vincent_Sombrotto
13144.jpg,Brian_Schneider
13145.jpg,Valery_Giscard_dEstaing
13146.jpg,Din_Samsudin
13147.jpg,Hun_Sen
13148.jpg,Jay_Garner
13149.jpg,Milo_Maestrecampo
13150.jpg,Ronde_Barber
13151.jpg,Bryan_Chui
13152.jpg,Mike_Smith
13153.jpg,Hamid_Karzai
13154.jpg,019_frontal
13155.jpg,Jody_Richards
13156.jpg,Colin_Powell
13157.jpg,James_Blake
13158.jpg,Atiabet_Ijan_Amabel
13159.jpg,Brian_Scalabrine
13160.jpg,Li_Zhaoxing
13161.jpg,Hugo_Chavez
13162.jpg,Gustavo_Kuerten
13163.jpg,Martin_Boryczewski
13164.jpg,Nora_Bendijo
13165.jpg,Wu_Yi
13166.jpg,Matt_Doherty
13167.jpg,Orlando_Bloom
13168.jpg,Tom_Hanks
13169.jpg,Derrick_Battie
13170.jpg,Tom_Lantos
13171.jpg,Colin_Powell
13172.jpg,Naomi_Watts
13173.jpg,Strom_Thurmond
13174.jpg,Jimmy_Jimenez
13175.jpg,037_frontal
13176.jpg,Alfred_Ford
13177.jpg,Ana_Palacio
13178.jpg,Michael_Moore
13179.jpg,Jake_Gyllenhaal
13180.jpg,Jay_Garner
13181.jpg,Tony_Stewart
13182.jpg,Hugo_Chavez
13183.jpg,Lucy_Liu
13184.jpg,Jimmy_Jimenez
13185.jpg,012_frontal
13186.jpg,Jeffrey_Ashby
13187.jpg,Ron_Dittemore
13188.jpg,Peter_Greenaway
13189.jpg,Thomas_Fargo
13190.jpg,Rosemarie_Stack
13191.jpg,Phil_McGraw
13192.jpg,Colin_Powell
13193.jpg,Aretha_Franklin
13194.jpg,Vanessa_Williams
13195.jpg,Janet_Napolitano
13196.jpg,Paul_Bremer
13197.jpg,Matthew_Ouimet
13198.jpg,John_Kerry
13199.jpg,Magda_Kertasz
13200.jpg,Colin_Powell
13201.jpg,Aleksander_Kwasniewski
13202.jpg,Warren_Beatty
13203.jpg,Karl-Heinz_Rummenigge
13204.jpg,John_Bolton
13205.jpg,Alejandro_Atchugarry
13206.jpg,Roy_Blunt
13207.jpg,Tiger_Woods
13208.jpg,Pedro_Solbes
13209.jpg,Phil_McGraw
13210.jpg,034_frontal
13211.jpg,Colin_Powell
13212.jpg,Naomi_Watts
13213.jpg,Tim_Duncan
13214.jpg,Mike_Smith
13215.jpg,029_frontal
13216.jpg,Lucy_Liu
13217.jpg,Chung_Mong-hun
13218.jpg,Debra_Brown
13219.jpg,Colin_Powell
13220.jpg,Mark_Broxmeyer
13221.jpg,Michael_Donovan
13222.jpg,Tiger_Woods
13223.jpg,Jane_Leeves
13224.jpg,Thomas_OBrien
13225.jpg,Benicio_Del_Toro
13226.jpg,John_Bolton
13227.jpg,Colin_Powell
13228.jpg,Tom_Hanks
13229.jpg,Diane_Ladd
13230.jpg,Kofi_Annan
13231.jpg,Mickey_Gilley
13232.jpg,Juan_Ignacio_Chela
13233.jpg,Stellan_Skarsgard
13234.jpg,Antonio_Palocci
13235.jpg,William_Burns
13236.jpg,LK_Advani
13237.jpg,Pete_Sampras
13238.jpg,Shireen_Amir_Begum
13239.jpg,Ai_Sugiyama
13240.jpg,Luc_Montagnier
13241.jpg,Ben_Glisan
13242.jpg,Amanda_Beard
13243.jpg,Kiki_Vandeweghe
13244.jpg,Jesse_James_Leija
13245.jpg,Tuncay_Sanli
13246.jpg,082_frontal
13247.jpg,Viara_Vike-Freiberga
13248.jpg,TA_McLendon
13249.jpg,Kieran_Culkin
13250.jpg,Princess_Anne
13251.jpg,Charlie_Hunnam
13252.jpg,Oprah_Winfrey
13253.jpg,Jose_Carreras
13254.jpg,Vinnie_Jones
13255.jpg,Isabelle_Huppert
13256.jpg,Hugo_Chavez
13257.jpg,Hugo_Conte
13258.jpg,Colin_Powell
13259.jpg,Martin_Torrijos
13260.jpg,Faye_Wong
13261.jpg,Fernando_Valenzuela
13262.jpg,Katalin_Kollat
13263.jpg,Kate_Starbird
13264.jpg,Kofi_Annan
13265.jpg,Jane_Krakowski
13266.jpg,Valentino_Rossi
13267.jpg,Michael_Moore
13268.jpg,Pedro_Malan
13269.jpg,Kofi_Annan
13270.jpg,Francisco_Flores
13271.jpg,Colin_Powell
13272.jpg,Johnny_Depp
13273.jpg,Sarah_Price
13274.jpg,Sean_Patrick_OMalley
13275.jpg,Jesper_Parnevik
13276.jpg,Kristin_Davis
13277.jpg,Tom_Ridge
13278.jpg,Matthew_Broderick
13279.jpg,Hans_Eichel
13280.jpg,George_Lopez
13281.jpg,Bill_Byrne
13282.jpg,Robert_Ehrlich
13283.jpg,Adrian_Nastase
13284.jpg,Zarai_Toledo
13285.jpg,Douglas_Paal
13286.jpg,Wen_Jiabao
13287.jpg,114_frontal
13288.jpg,Wen_Jiabao
13289.jpg,Carlos_Lordkipanitse
13290.jpg,Garry_Kasparov
13291.jpg,Efrain_Rios_Montt
13292.jpg,Michael_Taylor
13293.jpg,Heidi_Fleiss
13294.jpg,Hun_Sen
13295.jpg,Roger_Cook
13296.jpg,Thaksin_Shinawatra
13297.jpg,Conchita_Martinez
13298.jpg,Alan_Ball
13299.jpg,Tony_Curtis
13300.jpg,Hun_Sen
13301.jpg,Colin_Powell
13302.jpg,Frank_Schmoekel
13303.jpg,Connie_Chung
13304.jpg,Tiger_Woods
13305.jpg,Derek_Jeter
13306.jpg,Jean-Pierre_Raffarin
13307.jpg,Christian_Longo
13308.jpg,Matthew_Broderick
13309.jpg,Larry_Brown
13310.jpg,Dave_Williams
13311.jpg,Kate_Hudson
13312.jpg,Lionel_Richie
13313.jpg,Mike_Helton
13314.jpg,Dick_Smothers
13315.jpg,Hunter_Kemper
13316.jpg,Tom_Ridge
13317.jpg,Mia_Mottley
13318.jpg,Ray_Allen
13319.jpg,041_frontal
13320.jpg,Naomi_Watts
13321.jpg,Wen_Jiabao
13322.jpg,Kurt_Budke
13323.jpg,Hamid_Karzai
13324.jpg,Abdullatif_Sener
13325.jpg,David_Tornberg
13326.jpg,Flor_Montulo
13327.jpg,Hank_Aaron
13328.jpg,Tom_Ridge
13329.jpg,Aline_Chretien
13330.jpg,Jacky_Cheung
13331.jpg,Salma_Hayek
13332.jpg,Colin_Powell
13333.jpg,Jake_Gyllenhaal
13334.jpg,Ben_Glisan
13335.jpg,Fred_Funk
13336.jpg,Gore_Vidal
13337.jpg,Hugo_Chavez
13338.jpg,Colin_Powell
13339.jpg,Queen_Beatrix
13340.jpg,Bulent_Ecevit
13341.jpg,Bill_Pryor
13342.jpg,Tim_Duncan
13343.jpg,Mohammad_Aktar
13344.jpg,Isaiah_Washington
13345.jpg,Mark_Warner
13346.jpg,Katie_Couric
13347.jpg,Colin_Powell
13348.jpg,Ana_Palacio
13349.jpg,Denise_Johnson
13350.jpg,Hussam_Mohammed_Amin
13351.jpg,Nancy_Sinatra
13352.jpg,Tim_Duncan
13353.jpg,060_frontal
13354.jpg,Colin_Powell
13355.jpg,Karin_Stoiber
13356.jpg,Charlton_Heston
13357.jpg,Ignatius_Wang
13358.jpg,Tiger_Woods
13359.jpg,Anne_ONeil
13360.jpg,038_frontal
13361.jpg,Jerry_Regier
13362.jpg,Allen_Rock
13363.jpg,Tiger_Woods
13364.jpg,Enrique_Bolanos
13365.jpg,Hugo_Chavez
13366.jpg,Robert_Duvall
13367.jpg,John_Abizaid
13368.jpg,Juan_Ignacio_Chela
13369.jpg,Tim_Floyd
13370.jpg,Colin_Powell
13371.jpg,Enrique_Bolanos
13372.jpg,Kristin_Davis
13373.jpg,Habib_Rizieq
13374.jpg,Bruce_Weber
13375.jpg,Marcelo_Ebrard
13376.jpg,Kofi_Annan
13377.jpg,Carson_Palmer
13378.jpg,Justine_Pasek
13379.jpg,Tom_Welch
13380.jpg,Ian_Wilmut
13381.jpg,Mitchell_Crooks
13382.jpg,Phillipe_Comtois
13383.jpg,Corinna_Harfouch
13384.jpg,Vicente_Fox_de_la_Concha
13385.jpg,Rick_Bland
13386.jpg,John_Abizaid
13387.jpg,Denzel_Washington
13388.jpg,Nadine_Vinzens
13389.jpg,Ali_Khamenei
13390.jpg,Peter_Fisher
13391.jpg,Bulent_Ecevit
13392.jpg,Hugo_Chavez
13393.jpg,Donald_Pettit
13394.jpg,Patrice_Chereau
13395.jpg,046_frontal
13396.jpg,Janet_Napolitano
13397.jpg,Oswaldo_Paya
13398.jpg,Moshe_Katsav
13399.jpg,Tom_Koenigs
13400.jpg,078_frontal
13401.jpg,John_Bond
13402.jpg,Jane_Krakowski
13403.jpg,Mohammed_Abu_Sharia
13404.jpg,Timbul_Silaen
13405.jpg,Fran_Drescher
13406.jpg,S_Jayakumar
13407.jpg,Jeremy_Fogel
13408.jpg,Khaled_Sawalhi
13409.jpg,Al_Gore
13410.jpg,Tina_Brown
13411.jpg,Anne_Cavers
13412.jpg,Leo_Ramirez
13413.jpg,John_Paul_DeJoria
13414.jpg,John_Bolton
13415.jpg,Oswaldo_Paya
13416.jpg,Hugo_Chavez
13417.jpg,Pio_Laghi
13418.jpg,Annette_Lu
13419.jpg,Sergio_Vieira_De_Mello
13420.jpg,Anette_Hosoi
13421.jpg,Ralf_Schumacher
13422.jpg,John_Kerry
13423.jpg,Colin_Powell
13424.jpg,Colin_Powell
13425.jpg,Serge_Klarsfeld
13426.jpg,Maria_Shriver
13427.jpg,Hank_Stram
13428.jpg,Andrea_Kiser
13429.jpg,Colin_Powell
13430.jpg,Ozzy_Osbourne
13431.jpg,Hamid_Karzai
13432.jpg,Matthew_Broderick
13433.jpg,Mike_Samp
13434.jpg,Colin_Powell
13435.jpg,Chandrika_Kumaratunga
13436.jpg,Jessica_Brungo
13437.jpg,Andy_Warhol
13438.jpg,Hun_Sen
13439.jpg,Habib_Rizieq
13440.jpg,102_frontal
13441.jpg,Nathalie_Baye
13442.jpg,Hun_Sen
13443.jpg,Stephen_Daldry
13444.jpg,Larry_Ellison
13445.jpg,Paul_Bremer
13446.jpg,Gary_Marshall
13447.jpg,Barry_Nakell
13448.jpg,Irfan_Ahmed
13449.jpg,Annette_Bening
13450.jpg,Karin_Stoiber
13451.jpg,John_Bolton
13452.jpg,Evan_Marriott
13453.jpg,Sophia_Loren
13454.jpg,Jake_Gyllenhaal
13455.jpg,Pat_Burns
13456.jpg,Patricia_Johnson
13457.jpg,Colin_Powell
13458.jpg,Hugo_Chavez
13459.jpg,Bing_Crosby
13460.jpg,Faye_Wong
13461.jpg,Wu_Yi
13462.jpg,Brigitte_Boisselier
13463.jpg,Cameron_Diaz
13464.jpg,Michael_Moore
13465.jpg,048_frontal
13466.jpg,Ruben_Studdard
13467.jpg,Larry_Beinfest
13468.jpg,Pedro_Malan
13469.jpg,Wayne_Ferreira
13470.jpg,Patricia_Hearst
13471.jpg,Kofi_Annan
13472.jpg,Tom_Ridge
13473.jpg,Hugo_Chavez
13474.jpg,Silvie_Cabero
13475.jpg,Oprah_Winfrey
13476.jpg,Tuncay_Sanli
13477.jpg,Christine_Gregoire
13478.jpg,Ana_Palacio
13479.jpg,Annette_Lu
13480.jpg,Maria_Wetterstrand
13481.jpg,Miranda_Gaddis
13482.jpg,George_Lopez
13483.jpg,Steve_Case
13484.jpg,Colin_Powell
13485.jpg,Tim_Floyd
13486.jpg,Fran_Drescher
13487.jpg,Prince_Claus
13488.jpg,054_frontal
13489.jpg,Larry_Brown
13490.jpg,Ana_Claudia_Talancon
13491.jpg,Stephen_Daldry
13492.jpg,Aaron_Guiel
13493.jpg,Jose_Theodore
13494.jpg,Monica_Seles
13495.jpg,John_Gruden
13496.jpg,Janet_Napolitano
13497.jpg,Jon_Gruden
13498.jpg,Colin_Powell
13499.jpg,Jean-Pierre_Raffarin
13500.jpg,Simona_Hradil
13501.jpg,Colin_Powell
13502.jpg,Kelli_White
13503.jpg,020_frontal
13504.jpg,Guy_Ritchie
13505.jpg,Reese_Witherspoon
13506.jpg,023_frontal
13507.jpg,Sergio_Vieira_De_Mello
13508.jpg,Dave_Williams
13509.jpg,Peter_Fisher
13510.jpg,Mike_Sherman
13511.jpg,Colin_Powell
13512.jpg,Pete_Sampras
13513.jpg,Benicio_Del_Toro
13514.jpg,Jennifer_Connelly
13515.jpg,Paulina_Rodriguez_Davila
13516.jpg,Hugo_Chavez
13517.jpg,Colin_Powell
13518.jpg,Mary_Matalin
13519.jpg,Wayne_Ferreira
13520.jpg,Tiger_Woods
13521.jpg,Oswaldo_Paya
13522.jpg,Tim_Matheson
13523.jpg,Kurt_Warner
13524.jpg,Sophia_Loren
13525.jpg,Ed_Case
13526.jpg,Colin_Powell
13527.jpg,Hamid_Karzai
13528.jpg,Ahmad_Masood
13529.jpg,Pete_Sampras
13530.jpg,Omar_el-Heib
13531.jpg,Jolanta_Kwasniewski
13532.jpg,Aline_Chretien
13533.jpg,Ron_Dittemore
13534.jpg,Greg_Rusedski
13535.jpg,Hugo_Chavez
13536.jpg,Janine_Pietsch
13537.jpg,Norodom_Sihanouk
13538.jpg,Tiger_Woods
13539.jpg,Maria_Shriver
13540.jpg,Peter_Rasch
13541.jpg,Joe_Dicaro
13542.jpg,058_frontal
13543.jpg,Colin_Powell
13544.jpg,Hugo_Chavez
13545.jpg,Tom_Ridge
13546.jpg,Tiger_Woods
13547.jpg,031_frontal
13548.jpg,Robert_Duvall
13549.jpg,Cathryn_Crawford
13550.jpg,Dennis_Powell
13551.jpg,Hun_Sen
13552.jpg,021_frontal
13553.jpg,Barbara_Boxer
13554.jpg,Kevin_Spacey
13555.jpg,Colin_Powell
13556.jpg,Naomi_Watts
13557.jpg,Rodrigo_de_la_Cerna
13558.jpg,Slobodan_Milosevic
13559.jpg,Colin_Powell
13560.jpg,Win_Aung
13561.jpg,Andrew_Bernard
13562.jpg,Colleen_Jones
13563.jpg,Gary_Bald
13564.jpg,Martha_Burk
13565.jpg,003_frontal
13566.jpg,David_Przybyszewski
13567.jpg,Tiger_Woods
13568.jpg,Salman_Rushdie
13569.jpg,Colin_Powell
13570.jpg,Dick_Posthumus
13571.jpg,Tim_Floyd
13572.jpg,Jean-Pierre_Raffarin
13573.jpg,120_frontal
13574.jpg,Luis_Gonzalez_Macchi
13575.jpg,Francisco_Flores
13576.jpg,Hugo_Chavez
13577.jpg,Steve_Cox
13578.jpg,Lindy_Ruff
13579.jpg,Kofi_Annan
13580.jpg,Hugo_Chavez
13581.jpg,Colin_Powell
13582.jpg,Colin_Powell
13583.jpg,James_Hoffa
13584.jpg,Karl-Heinz_Rummenigge
13585.jpg,Hugo_Chavez
13586.jpg,Janet_Napolitano
13587.jpg,Colin_Powell
13588.jpg,Hugo_Chavez
13589.jpg,John_Edwards
13590.jpg,Paul_Bremer
13591.jpg,Colin_Powell
13592.jpg,Cesar_Maia
13593.jpg,Jerry_Regier
13594.jpg,Rosario_Dawson
13595.jpg,Annette_Lu
13596.jpg,Colin_Powell
13597.jpg,Thomas_OBrien
13598.jpg,Pete_Sampras
13599.jpg,060_frontal
13600.jpg,Jay_Garner
13601.jpg,John_Franco
13602.jpg,Tom_Ridge
13603.jpg,Mitchell_Crooks
13604.jpg,Robert_Ehrlich
13605.jpg,Lutz_Freitag
13606.jpg,Kofi_Annan
13607.jpg,Daniel_Chin
13608.jpg,Sheila_Fraser
13609.jpg,Tom_Ridge
13610.jpg,Charlton_Heston
13611.jpg,Darin_Erstad
13612.jpg,Wen_Jiabao
13613.jpg,Hugo_Chavez
13614.jpg,Joe_Mantello
13615.jpg,Colin_Powell
13616.jpg,Pedro_Malan
13617.jpg,Martha_Burk
13618.jpg,Ahmad_Masood
13619.jpg,Colin_Powell
13620.jpg,Julian_Battle
13621.jpg,Budd_Schulberg
13622.jpg,Jose_Manuel_Durao_Barroso
13623.jpg,Daryl_Hannah
13624.jpg,Malik_Mahmud
13625.jpg,Tim_Norbeck
13626.jpg,Aretha_Franklin
13627.jpg,Colin_Powell
13628.jpg,Roberto_Guaterroma
13629.jpg,Otto_Schily
13630.jpg,Yoelbi_Quesada
13631.jpg,Ana_Palacio
13632.jpg,Larry_Coker
13633.jpg,Shannyn_Sossamon
13634.jpg,Hugo_Chavez
13635.jpg,Harrison_Ford
13636.jpg,122_frontal
13637.jpg,Martha_Burk
13638.jpg,Hugo_Chavez
13639.jpg,Charlton_Heston
13640.jpg,Gus_Van_Sant
13641.jpg,Kristin_Davis
13642.jpg,Tiger_Woods
13643.jpg,Jean-Pierre_Raffarin
13644.jpg,Denzel_Washington
13645.jpg,John_Abizaid
13646.jpg,019_frontal
13647.jpg,Colin_Powell
13648.jpg,Colin_Powell
13649.jpg,Colin_Powell
13650.jpg,Thomas_Fargo
13651.jpg,Silvie_Cabero
13652.jpg,Larry_Coker
13653.jpg,James_Mathis
13654.jpg,Kofi_Annan
13655.jpg,Darin_Erstad
13656.jpg,John_Eder
13657.jpg,Chung_Mong-hun
13658.jpg,Ralf_Schumacher
13659.jpg,Carla_Gay_Balingit
13660.jpg,Daniel_Radcliffe
13661.jpg,Roman_Tam
13662.jpg,Colin_Powell
13663.jpg,Paul_William_Hurley
13664.jpg,Salma_Hayek
13665.jpg,Ed_Case
13666.jpg,Hamid_Karzai
13667.jpg,Juanes
13668.jpg,Karin_Stoiber
13669.jpg,Naomi_Watts
13670.jpg,065_frontal
13671.jpg,Troy_Jenkins
13672.jpg,Emyr_Jones_Parry
13673.jpg,Kofi_Annan
13674.jpg,Emanuel_Ginobili
13675.jpg,Jorge_Moreno
13676.jpg,George_Lopez
13677.jpg,Jay_Garner
13678.jpg,Elizabeth_Hurley
13679.jpg,Bill_Byrne
13680.jpg,Daniel_Radcliffe
13681.jpg,Hushiar_Zebari
13682.jpg,Li_Zhaoxing
13683.jpg,Seymour_Cassell
13684.jpg,Emmanuel_Milingo
13685.jpg,Colin_Powell
13686.jpg,Crispin_Glover
13687.jpg,Ai_Sugiyama
13688.jpg,Tomoko_Hagiwara
13689.jpg,Kenneth_Evans
13690.jpg,Hamid_Karzai
13691.jpg,Harrison_Ford
13692.jpg,Hamid_Karzai
13693.jpg,Karen_Allen
13694.jpg,033_frontal
13695.jpg,Martin_Bandier
13696.jpg,Wen_Jiabao
13697.jpg,Roger_Staubach
13698.jpg,Hamid_Karzai
13699.jpg,Adriana_Perez_Navarro
13700.jpg,Colin_Powell
13701.jpg,Colin_Powell
13702.jpg,Li_Peng
13703.jpg,Dave_Robertson
13704.jpg,Ai_Sugiyama
13705.jpg,Kristanna_Loken
13706.jpg,Nancy_Greenlaw
13707.jpg,Louis_Van_Gaal
13708.jpg,Matt_Doherty
13709.jpg,Colin_Powell
13710.jpg,Jeannette_Biedermann
13711.jpg,Naomi_Watts
13712.jpg,Colin_Powell
13713.jpg,022_frontal
13714.jpg,Pedro_Solbes
13715.jpg,Luis_Gonzalez_Macchi
13716.jpg,Naomi_Watts
13717.jpg,Kofi_Annan
13718.jpg,Jake_Gyllenhaal
13719.jpg,Joerg_Haider
13720.jpg,Abdul_Majeed_Shobokshi
13721.jpg,John_Edwards
13722.jpg,Gwendal_Peizerat
13723.jpg,John_Kerr
13724.jpg,Colin_Powell
13725.jpg,Emmanuel_Milingo
13726.jpg,Alejandro_Atchugarry
13727.jpg,Wen_Jiabao
13728.jpg,Charlton_Heston
13729.jpg,Elinor_Caplan
13730.jpg,Richard_Rodriguez
13731.jpg,Ron_Dittemore
13732.jpg,James_Blake
13733.jpg,016_frontal
13734.jpg,Tim_Floyd
13735.jpg,Maryn_McKenna
13736.jpg,William_Burns
13737.jpg,Leander_Paes
13738.jpg,Brandon_Larson
13739.jpg,Ciro_Gomes
13740.jpg,Aaron_Peirsol
13741.jpg,Tom_Koenigs
13742.jpg,Benjamin_Netanyahu
13743.jpg,Anthony_Pisciotti
13744.jpg,Li_Zhaoxing
13745.jpg,Miranda_Gaddis
13746.jpg,Paul_Bremer
13747.jpg,Hugo_Chavez
13748.jpg,Kristanna_Loken
13749.jpg,Kurt_Warner
13750.jpg,Hamid_Karzai
13751.jpg,Lela_Rochon
13752.jpg,Slobodan_Milosevic
13753.jpg,Colin_Powell
13754.jpg,Colin_Powell
13755.jpg,Jorge_Moreno
13756.jpg,Elin_Nordegren
13757.jpg,Paul_Bremer
13758.jpg,058_frontal
13759.jpg,John_Kerry
13760.jpg,Ralf_Schumacher
13761.jpg,Oprah_Winfrey
13762.jpg,Buddy_Ryan
13763.jpg,Pete_Sampras
13764.jpg,Tom_Ridge
13765.jpg,Orlando_Bloom
13766.jpg,Ron_Dittemore
13767.jpg,Marcelo_Bielsa
13768.jpg,Oscar_Elias_Biscet
13769.jpg,Sergio_Vieira_De_Mello
13770.jpg,Klaus_Zwickel
13771.jpg,Melana_Scantlin
13772.jpg,Jean-Pierre_Raffarin
13773.jpg,Paul_Bremer
13774.jpg,Naomi_Watts
13775.jpg,Tom_Cruise
13776.jpg,Maria_Shriver
13777.jpg,Martin_Brodeur
13778.jpg,124_frontal
13779.jpg,050_frontal
13780.jpg,Alexandra_Jackson
13781.jpg,007_frontal
13782.jpg,Mariah_Carey
13783.jpg,Ron_Dittemore
13784.jpg,Joseph_LePore
13785.jpg,Denzel_Washington
13786.jpg,069_frontal
13787.jpg,Tiger_Woods
13788.jpg,Matt_Damon
13789.jpg,Oscar_De_La_Hoya
13790.jpg,Prince_Claus
13791.jpg,Robby_Ginepri
13792.jpg,Caroline_Kennedy
13793.jpg,Colin_Powell
13794.jpg,Candice_Bergen
13795.jpg,Abraham_Foxman
13796.jpg,Jeong_Se-hyun
13797.jpg,Hugo_Chavez
13798.jpg,Colin_Powell
13799.jpg,Shawn_Bradley
13800.jpg,Colin_Powell
13801.jpg,Bob_Geldof
13802.jpg,Frank_Schmoekel
13803.jpg,John_Kerry
13804.jpg,Li_Changchun
13805.jpg,094_frontal
13806.jpg,Tom_Cruise
13807.jpg,Harrison_Ford
13808.jpg,Robert_Pollack
13809.jpg,Kofi_Annan
13810.jpg,Luis_Gonzalez_Macchi
13811.jpg,Chin-Feng_Chen
13812.jpg,Tommy_Tubberville
13813.jpg,Tiger_Woods
13814.jpg,Colin_Powell
13815.jpg,Garry_Kasparov
13816.jpg,Ibrahim_Hilal
13817.jpg,Askar_Akayev
13818.jpg,Enrique_Bolanos
13819.jpg,Salman_Rushdie
13820.jpg,Charlton_Heston
13821.jpg,Colin_Powell
13822.jpg,Nelson_Shanks
13823.jpg,Shannyn_Sossamon
13824.jpg,Paul_Bremer
13825.jpg,Al_Gore
13826.jpg,Cristian_Barros
13827.jpg,Larry_Coker
13828.jpg,Kofi_Annan
13829.jpg,Steve_Mariucci
13830.jpg,054_frontal
13831.jpg,Colin_Powell
13832.jpg,Denzel_Washington
13833.jpg,Annette_Lu
13834.jpg,Paul_Bremer
13835.jpg,Colin_Powell
13836.jpg,Justine_Pasek
13837.jpg,Kofi_Annan
13838.jpg,Rosemarie_Stack
13839.jpg,Alastair_Johnston
13840.jpg,Martha_Burk
13841.jpg,Salma_Hayek
13842.jpg,Colin_Powell
13843.jpg,Prince_Claus
13844.jpg,Colin_Powell
13845.jpg,Colin_Powell
13846.jpg,John_Kerry
13847.jpg,Laurie_Hobbs
13848.jpg,Hugo_Chavez
13849.jpg,Marilyn_Monroe
13850.jpg,Nora_Bendijo
13851.jpg,Kurt_Warner
13852.jpg,Rick_Bragg
13853.jpg,Dean_Jacek
13854.jpg,Paul_William_Hurley
13855.jpg,John_Kerry
13856.jpg,Colin_Powell
13857.jpg,Hamid_Karzai
13858.jpg,071_frontal
13859.jpg,Denise_Johnson
13860.jpg,Monica_Seles
13861.jpg,Isabella_Rossellini
13862.jpg,Ed_Sullivan
13863.jpg,Tom_Cruise
13864.jpg,Colin_Powell
13865.jpg,Bing_Crosby
13866.jpg,048_frontal
13867.jpg,Lyle_Vanclief
13868.jpg,Colin_Powell
13869.jpg,Alan_Ball
13870.jpg,Wen_Jiabao
13871.jpg,Colin_Powell
13872.jpg,Caroline_Kennedy
13873.jpg,081_frontal
13874.jpg,Gary_Bettman
13875.jpg,Nadine_Vinzens
13876.jpg,Nathalie_Baye
13877.jpg,Slobodan_Milosevic
13878.jpg,Salma_Hayek
13879.jpg,Colin_Powell
13880.jpg,David_Hanson
13881.jpg,Catherine_Deneuve
13882.jpg,Wolfgang_Schwarz
13883.jpg,Claudia_Cardinale
13884.jpg,Hugo_Chavez
13885.jpg,Colin_Powell
13886.jpg,Kofi_Annan
13887.jpg,John_McCallum
13888.jpg,Naomi_Watts
13889.jpg,Sean_Patrick_OMalley
13890.jpg,Colin_Powell
13891.jpg,Harrison_Ford
13892.jpg,Tim_Curry
13893.jpg,Kate_Hudson
13894.jpg,Colin_Powell
13895.jpg,Kelli_White
13896.jpg,Hugo_Chavez
13897.jpg,Steve_Austin
13898.jpg,Dan_Wheldon
13899.jpg,Larry_Ralston
13900.jpg,Sean_Astin
13901.jpg,Jennifer_Keller
13902.jpg,Catherine_Deneuve
13903.jpg,Mariangel_Ruiz_Torrealba
13904.jpg,Habib_Rizieq
13905.jpg,Monica_Seles
13906.jpg,Catherine_Deneuve
13907.jpg,Kofi_Annan
13908.jpg,Janine_Pietsch
13909.jpg,Hugo_Conte
13910.jpg,Steven_Hatfill
13911.jpg,Colin_Powell
13912.jpg,Michael_Chang
13913.jpg,Colin_Powell
13914.jpg,Lucy_Liu
13915.jpg,Cesar_Maia
13916.jpg,Tom_Cruise
13917.jpg,Tim_Curry
13918.jpg,Jason_Gardner
13919.jpg,001_frontal
13920.jpg,Lindy_Ruff
13921.jpg,Jamie_Villafane
13922.jpg,026_frontal
13923.jpg,James_Blake
13924.jpg,Hamid_Karzai
13925.jpg,Tom_Hanks
13926.jpg,Larry_Coker
13927.jpg,Paul_Burrell
13928.jpg,068_frontal
13929.jpg,Leander_Paes
13930.jpg,Colin_Powell
13931.jpg,Marco_Irizarry
13932.jpg,Mark_Hanson
13933.jpg,Li_Peng
13934.jpg,Mufti_Mohammad_Syed
13935.jpg,Lindsay_Benko
13936.jpg,Paul_Bremer
13937.jpg,Cate_Blanchett
13938.jpg,Mario_Lobo_Zagallo
13939.jpg,086_frontal
13940.jpg,Kevin_Garnett
13941.jpg,Sean_Townsend
13942.jpg,Colin_Powell
13943.jpg,Richard_Tubb
13944.jpg,Michael_Leavitt
13945.jpg,Ralph_Klein
13946.jpg,Ali_Khamenei
13947.jpg,Christian_Longo
13948.jpg,Tom_Ridge
13949.jpg,Gerard_de_Cortanze
13950.jpg,Lionel_Richie
13951.jpg,Tiger_Woods
13952.jpg,Marwan_Barghouthi
13953.jpg,Lord_Hutton
13954.jpg,Elizabeth_Shue
13955.jpg,Tino_Martinez
13956.jpg,Phil_McGraw
13957.jpg,Peter_Mugyeni
13958.jpg,Katrin_Susi
13959.jpg,Tiger_Woods
13960.jpg,Michael_Chang
13961.jpg,Colin_Powell
13962.jpg,Janet_Napolitano
13963.jpg,Matt_Damon
13964.jpg,Colin_Powell
13965.jpg,John_Edwards
13966.jpg,Li_Zhaoxing
13967.jpg,Hugo_Chavez
13968.jpg,Rohinton_Mistry
13969.jpg,Jose_Manuel_Durao_Barroso
13970.jpg,Paul_Burrell
13971.jpg,John_Abizaid
13972.jpg,Sergei_Alexandrovitch_Ordzhonikidze
13973.jpg,Emily_Mason
13974.jpg,014_frontal
13975.jpg,Betty_Garrison
13976.jpg,Daniel_Radcliffe
13977.jpg,Barbara_Brezigar
13978.jpg,Colin_Powell
13979.jpg,Nate_Hybl
13980.jpg,Bill_Belichick
13981.jpg,David_Obey
13982.jpg,Janet_Napolitano
13983.jpg,Ralph_Klein
13984.jpg,Vicente_Fox_de_la_Concha
13985.jpg,Strom_Thurmond
13986.jpg,Jose_Manuel_Durao_Barroso
13987.jpg,Daniel_Radcliffe
13988.jpg,Atsushi_Sato
13989.jpg,Colleen_Jones
13990.jpg,Tom_Ridge
13991.jpg,093_frontal
13992.jpg,Hans_Leistritz
13993.jpg,Jeri_Ryan
13994.jpg,Ai_Sugiyama
13995.jpg,Hugo_Chavez
13996.jpg,Samantha_Daniels
13997.jpg,Elgin_Baylor
13998.jpg,Jaromir_Jagr
13999.jpg,Sean_Townsend
14000.jpg,James_Butts
14001.jpg,Omar_el-Heib
14002.jpg,Colin_Powell
14003.jpg,Catherine_Deneuve
14004.jpg,Ty_Votaw
14005.jpg,Moshe_Katsav
14006.jpg,Enrique_Bolanos
14007.jpg,Jay_Garner
14008.jpg,Prince_Claus
14009.jpg,Hugo_Chavez
14010.jpg,Hugo_Chavez
14011.jpg,Valery_Giscard_dEstaing
14012.jpg,Colin_Powell
14013.jpg,Donald_Pettit
14014.jpg,Heidi_Fleiss
14015.jpg,Billy_Gilman
14016.jpg,Jane_Krakowski
14017.jpg,John_Bolton
14018.jpg,Bob_Stoops
14019.jpg,Emanuel_Ginobili
14020.jpg,Tiger_Woods
14021.jpg,007_frontal
14022.jpg,Roger_Mahony
14023.jpg,016_frontal
14024.jpg,Andre_Bucher
14025.jpg,Nelson_Shanks
14026.jpg,019_frontal
14027.jpg,Cemil_Cicek
14028.jpg,Pernilla_Bjorn
14029.jpg,James_Blake
14030.jpg,Tom_Cruise
14031.jpg,Miranda_Gaddis
14032.jpg,Jeanne_Moreau
14033.jpg,Ron_Dittemore
14034.jpg,Tim_Curry
14035.jpg,Crispin_Glover
14036.jpg,Gregorio_Rosal
14037.jpg,Colin_Powell
14038.jpg,Wally_Szczerbiak
14039.jpg,Ismail_Cem
14040.jpg,Paul_Bremer
14041.jpg,S_Jayakumar
14042.jpg,LK_Advani
14043.jpg,Hamid_Karzai
14044.jpg,Scott_McNealy
14045.jpg,Hugo_Chavez
14046.jpg,Robert_Ehrlich
14047.jpg,Colin_Powell
14048.jpg,Manfred_Stolpe
14049.jpg,Sergio_Vieira_De_Mello
14050.jpg,Joe_Calzaghe
14051.jpg,Wang_Hailan
14052.jpg,028_frontal
14053.jpg,Steven_Hatfill
14054.jpg,Sheila_Fraser
14055.jpg,Jon_Constance
14056.jpg,Juergen_Peters
14057.jpg,Francois_Pienaar
14058.jpg,Ciro_Gomes
14059.jpg,Jon_Gruden
14060.jpg,Anette_Hosoi
14061.jpg,Colin_Powell
14062.jpg,Colin_Powell
14063.jpg,Jose_Theodore
14064.jpg,Shannon_OBrien
14065.jpg,Edward_Belvin
14066.jpg,Al_Gore
14067.jpg,Troy_Hudson
14068.jpg,John_Edwards
14069.jpg,John_Bolton
14070.jpg,Colin_Powell
14071.jpg,Amr_Moussa
14072.jpg,Jennifer_Furminger
14073.jpg,Nancy_Greenlaw
14074.jpg,Kieran_Culkin
14075.jpg,Colin_Powell
14076.jpg,Fred_Funk
14077.jpg,Benjamin_Netanyahu
14078.jpg,Connie_Chung
14079.jpg,Michael_Kirby
14080.jpg,Jerry_Rice
14081.jpg,Colin_Powell
14082.jpg,Harrison_Ford
14083.jpg,Tom_Ridge
14084.jpg,James_Lockhart
14085.jpg,Kofi_Annan
14086.jpg,Padraig_Harrington
14087.jpg,Ibrahim_Hilal
14088.jpg,Dario_Franchitti
14089.jpg,031_frontal
14090.jpg,John_Bolton
14091.jpg,124_frontal
14092.jpg,Colin_Powell
14093.jpg,Andre_Bucher
14094.jpg,John_Abizaid
14095.jpg,David_Hanson
14096.jpg,Joseph_LePore
14097.jpg,057_frontal
14098.jpg,105_frontal
14099.jpg,John_Abizaid
14100.jpg,Tom_Cruise
14101.jpg,Bryan_Chui
14102.jpg,Ren_Qingjin
14103.jpg,Charlotte_Church
14104.jpg,Rick_Santorum
14105.jpg,Tom_Hanks
14106.jpg,Billy_Sollie
14107.jpg,Andrea_Kiser
14108.jpg,Colin_Powell
14109.jpg,Larry_Ralston
14110.jpg,Cameron_Diaz
14111.jpg,Marwan_Barghouthi
14112.jpg,Marcelo_Ebrard
14113.jpg,Tiger_Woods
14114.jpg,Monica_Seles
14115.jpg,Dick_Posthumus
14116.jpg,Colin_Powell
14117.jpg,Christine_Gregoire
14118.jpg,Momir_Nikolic
14119.jpg,Colin_Powell
14120.jpg,Bob_Stoops
14121.jpg,052_frontal
14122.jpg,Thomas_OBrien
14123.jpg,Lindsay_Benko
14124.jpg,Kristin_Davis
14125.jpg,E_Clay_Shaw
14126.jpg,Mariah_Carey
14127.jpg,Ali_Khamenei
14128.jpg,Rogerio_Romero
14129.jpg,Mitchell_Crooks
14130.jpg,Colin_Powell
14131.jpg,James_Blake
14132.jpg,Tony_Stewart
14133.jpg,Hugo_Chavez
14134.jpg,Daryl_Smith
14135.jpg,Agnelo_Queiroz
14136.jpg,Michael_Guiler
14137.jpg,Colin_Powell
14138.jpg,Gregg_Popovich
14139.jpg,Kate_Hudson
14140.jpg,042_frontal
14141.jpg,Denise_Johnson
14142.jpg,Isaiah_Washington
14143.jpg,George_Lopez
14144.jpg,John_Edwards
14145.jpg,Colin_Powell
14146.jpg,Colin_Powell
14147.jpg,Martha_Bowen
14148.jpg,Jean-Pierre_Raffarin
14149.jpg,Hugo_Chavez
14150.jpg,Daniel_Pearl
14151.jpg,Cesar_Maia
14152.jpg,Tim_Norbeck
14153.jpg,Paul_Burrell
14154.jpg,John_Edwards
14155.jpg,Gary_Bald
14156.jpg,Tom_Miller
14157.jpg,John_Philip_Elkann
14158.jpg,Janet_Napolitano
14159.jpg,Bob_Geldof
14160.jpg,Ted_Williams
14161.jpg,Mario_Puzo
14162.jpg,Elizabeth_Shue
14163.jpg,Cesar_Maia
14164.jpg,Ai_Sugiyama
14165.jpg,Floyd_Mayweather
14166.jpg,100_frontal
14167.jpg,Shannon_OBrien
14168.jpg,Ron_Dittemore
14169.jpg,Tom_Hanks
14170.jpg,Columba_Bush
14171.jpg,Colin_Powell
14172.jpg,094_frontal
14173.jpg,068_frontal
14174.jpg,Ivan_Helguera
14175.jpg,Colin_Powell
14176.jpg,Hamid_Karzai
14177.jpg,James_Hoffa
14178.jpg,110_frontal
14179.jpg,Tim_Duncan
14180.jpg,Bryan_Chui
14181.jpg,Johnny_Unitas
14182.jpg,Scott_McNealy
14183.jpg,Elizabeth_Taylor
14184.jpg,Jack_Welch
14185.jpg,James_Blake
14186.jpg,Ahmad_Masood
14187.jpg,Kate_Hudson
14188.jpg,Mark_Broxmeyer
14189.jpg,Colin_Powell
14190.jpg,Ruben_Studdard
14191.jpg,Justin_Wilson
14192.jpg,Carlos_Lordkipanitse
14193.jpg,James_Blake
14194.jpg,Jeong_Se-hyun
14195.jpg,Rita_Moreno
14196.jpg,Martin_Luther_King_III
14197.jpg,Thomas_OBrien
14198.jpg,Stephen_Daldry
14199.jpg,Harrison_Ford
14200.jpg,Cynthia_Rowley
14201.jpg,Robert_Ehrlich
14202.jpg,Ricardo_Lopez_Murphy
14203.jpg,Kofi_Annan
14204.jpg,Iran_Brown
14205.jpg,Alexandra_Jackson
14206.jpg,Yoelbi_Quesada
14207.jpg,Kofi_Annan
14208.jpg,Maureen_Fanning
14209.jpg,Melana_Scantlin
14210.jpg,Natalia_Vodonova
14211.jpg,Luis_Gonzalez_Macchi
14212.jpg,Martha_Martinez_Flores
14213.jpg,Hamid_Karzai
14214.jpg,Lea_Fastow
14215.jpg,Nelson_Shanks
14216.jpg,Kristanna_Loken
14217.jpg,100_frontal
14218.jpg,Svend_Aage_Jensby
14219.jpg,Alfred_Ford
14220.jpg,Alexandre_Vinokourov
14221.jpg,Tom_Cruise
14222.jpg,Norodom_Sihanouk
14223.jpg,Paris_Hilton
14224.jpg,Hugo_Chavez
14225.jpg,Debra_Brown
14226.jpg,Tom_Ridge
14227.jpg,James_Blake
14228.jpg,John_Bolton
14229.jpg,Kenneth_Evans
14230.jpg,Gregg_Popovich
14231.jpg,Kevin_Spacey
14232.jpg,Tom_Ridge
14233.jpg,Jeremy_Shockey
14234.jpg,Kofi_Annan
14235.jpg,Sanjay_Chawla
14236.jpg,Robert_Duvall
14237.jpg,Gustavo_Kuerten
14238.jpg,Hamid_Karzai
14239.jpg,Jeong_Se-hyun
14240.jpg,Sheila_Fraser
14241.jpg,John_Connolly
14242.jpg,061_frontal
14243.jpg,Naomi_Watts
14244.jpg,Karen_Sharpe_Kramer
14245.jpg,114_frontal
14246.jpg,Princess_Anne
14247.jpg,Tiger_Woods
14248.jpg,Eli_Rosenbaum
14249.jpg,Pete_Sampras
14250.jpg,Kate_Hudson
14251.jpg,Rick_Santorum
14252.jpg,Mariah_Carey
14253.jpg,Colin_Powell
14254.jpg,Kofi_Annan
14255.jpg,Colin_Powell
14256.jpg,Colin_Powell
14257.jpg,Tom_Ridge
14258.jpg,Tom_Ridge
14259.jpg,Colin_Powell
14260.jpg,Aretha_Franklin
14261.jpg,Rohinton_Mistry
14262.jpg,Paulina_Rodriguez_Davila
14263.jpg,Laura_Elena_Harring
14264.jpg,Colin_Powell
14265.jpg,Michael_Moore
14266.jpg,Naomi_Watts
14267.jpg,George_Blaney
14268.jpg,Colin_Powell
14269.jpg,Harrison_Ford
14270.jpg,Naomi_Watts
14271.jpg,Cameron_Diaz
14272.jpg,Colin_Powell
14273.jpg,Carlos_Ortega
14274.jpg,Kristin_Scott
14275.jpg,Thaksin_Shinawatra
14276.jpg,Alberto_Ruiz_Gallardon
14277.jpg,Hamid_Karzai
14278.jpg,Hugo_Chavez
14279.jpg,Naomi_Watts
14280.jpg,Peter_Mullan
14281.jpg,Ty_Votaw
14282.jpg,Eric_Hinske
14283.jpg,Colin_Powell
14284.jpg,Tom_Cruise
14285.jpg,Raoul_Ruiz
14286.jpg,Thierry_Mariani
14287.jpg,Colin_Powell
14288.jpg,Cathryn_Crawford
14289.jpg,Wu_Yi
14290.jpg,John_Bolton
14291.jpg,Justine_Pasek
14292.jpg,Hugo_Chavez
14293.jpg,Harrison_Ford
14294.jpg,Kofi_Annan
14295.jpg,Dean_Barkley
14296.jpg,Billy_Sollie
14297.jpg,Tiger_Woods
14298.jpg,Nadine_Vinzens
14299.jpg,Nancy_Greenlaw
14300.jpg,Pio_Laghi
14301.jpg,Colin_Powell
14302.jpg,Mitchell_Swartz
14303.jpg,Colleen_Ryan
14304.jpg,Hugo_Chavez
14305.jpg,Tiger_Woods
14306.jpg,Maria_Shriver
14307.jpg,Jeong_Se-hyun
14308.jpg,Flor_Montulo
14309.jpg,Slobodan_Milosevic
14310.jpg,Jerry_Regier
14311.jpg,Tom_Ridge
14312.jpg,Colin_Powell
14313.jpg,Chandrika_Kumaratunga
14314.jpg,056_frontal
14315.jpg,Tina_Brown
14316.jpg,John_Bolton
14317.jpg,Daryl_Smith
14318.jpg,Anne_ONeil
14319.jpg,Michael_Donovan
14320.jpg,Kai-Uwe_Ricke
14321.jpg,Jason_Priestley
14322.jpg,Colin_Powell
14323.jpg,John_Abizaid
14324.jpg,Colleen_Ryan
14325.jpg,Amanda_Beard
14326.jpg,122_frontal
14327.jpg,John_Edwards
14328.jpg,Colin_Powell
14329.jpg,Luc_Montagnier
14330.jpg,Guillaume_Depardieu
14331.jpg,Juan_Ignacio_Chela
14332.jpg,Gloria_Gaynor
14333.jpg,Roberto_Carlos
14334.jpg,Colin_Powell
14335.jpg,Colin_Powell
14336.jpg,Monique_Gagnon-Tremblay
14337.jpg,Carol_Burnett
14338.jpg,Guillermo_Ruiz_Polanco
14339.jpg,Brandon_Robinson
14340.jpg,023_frontal
14341.jpg,102_frontal
14342.jpg,Hugo_Chavez
14343.jpg,Charlene_Barshefsky
14344.jpg,Gregg_Popovich
14345.jpg,Mark_Martin
14346.jpg,Li_Peng
14347.jpg,Salma_Hayek
14348.jpg,Jolanta_Kwasniewski
14349.jpg,Daniel_Radcliffe
14350.jpg,Albert_Brooks
14351.jpg,Wayne_Ferreira
14352.jpg,099_frontal
14353.jpg,Hugo_Chavez
14354.jpg,Tom_Ridge
14355.jpg,Colin_Powell
14356.jpg,Gabriel_Farhi
14357.jpg,Nick_Nolte
14358.jpg,Padraig_Harrington
14359.jpg,Carolyn_Dawn_Johnson
14360.jpg,Enrique_Bolanos
14361.jpg,Colin_Powell
14362.jpg,121_frontal
14363.jpg,Hugo_Chavez
14364.jpg,Donald_Pettit
14365.jpg,Lutz_Freitag
14366.jpg,Colin_Powell
14367.jpg,John_Bolton
14368.jpg,Colin_Powell
14369.jpg,Carlos_Salinas
14370.jpg,Milton_Berle
14371.jpg,Jason_Priestley
14372.jpg,102_frontal
14373.jpg,Jose_Lopez_Beltran
14374.jpg,Kristanna_Loken
14375.jpg,Colin_Powell
14376.jpg,Faisal_Saleh_Hayat
14377.jpg,Kofi_Annan
14378.jpg,Aline_Chretien
14379.jpg,Salma_Hayek
14380.jpg,Martin_Brodeur
14381.jpg,Phillipe_Comtois
14382.jpg,Gong_Li
14383.jpg,Jamie_Villafane
14384.jpg,Aleksander_Kwasniewski
14385.jpg,Tom_Ridge
14386.jpg,Colin_Powell
14387.jpg,Jon_Gruden
14388.jpg,Rick_Bland
14389.jpg,Jose_Carreras
14390.jpg,Laura_Flessel
14391.jpg,Lennart_Johansson
14392.jpg,Gregorio_Rosal
14393.jpg,Mike_Sweeney
14394.jpg,Colin_Powell
14395.jpg,Troy_Aikman
14396.jpg,Jose_Manuel_Durao_Barroso
14397.jpg,079_frontal
14398.jpg,Richard_Rodriguez
14399.jpg,Mikulas_Dzurinda
14400.jpg,Trevor_McDonald
14401.jpg,Bill_Lerach
14402.jpg,Yasushi_Akashi
14403.jpg,Monica_Seles
14404.jpg,Valery_Giscard_dEstaing
14405.jpg,Yasushi_Akashi
14406.jpg,Tomoko_Hagiwara
14407.jpg,Tom_Glavine
14408.jpg,Wen_Jiabao
14409.jpg,Paula_Abdul
14410.jpg,Thomas_OBrien
14411.jpg,Colin_Powell
14412.jpg,Douglas_Gansler
14413.jpg,Steven_Hatfill
14414.jpg,Mike_Holmgren
14415.jpg,Ed_Case
14416.jpg,Bob_Melvin
14417.jpg,Hugo_Chavez
14418.jpg,Pete_Beaudrault
14419.jpg,Yoon_Young-kwan
14420.jpg,Sergei_Alexandrovitch_Ordzhonikidze
14421.jpg,Alberto_Ruiz_Gallardon
14422.jpg,Johnny_Unitas
14423.jpg,Carol_Burnett
14424.jpg,Kate_Starbird
14425.jpg,Kofi_Annan
14426.jpg,Mike_Maroth
14427.jpg,Ben_Glisan
14428.jpg,Uzi_Even
14429.jpg,Charlton_Heston
14430.jpg,Thomas_OBrien
14431.jpg,Raymond_Arthurs
14432.jpg,Mike_Holmgren
14433.jpg,Harrison_Ford
14434.jpg,Oprah_Winfrey
14435.jpg,119_frontal
14436.jpg,Alfredo_Pena
14437.jpg,Jose_Carreras
14438.jpg,Nora_Bendijo
14439.jpg,Colin_Powell
14440.jpg,Allen_Rock
14441.jpg,Timbul_Silaen
14442.jpg,091_frontal
14443.jpg,Catherine_Ndereba
14444.jpg,Harrison_Ford
14445.jpg,John_Paul_DeJoria
14446.jpg,John_Bolton
14447.jpg,Jason_Gardner
14448.jpg,Carlos_Ortega
14449.jpg,Graeme_Smith
14450.jpg,Heidi_Fleiss
14451.jpg,Kristanna_Loken
14452.jpg,Paul_Bremer
14453.jpg,Colin_Powell
14454.jpg,Garry_Kasparov
14455.jpg,Colleen_Ryan
14456.jpg,Paul_Bremer
14457.jpg,Charles_Cope
14458.jpg,Colin_Powell
14459.jpg,Laurence_Fishburne
14460.jpg,Jay_Garner
14461.jpg,Jeong_Se-hyun
14462.jpg,Kofi_Annan
14463.jpg,Hamid_Karzai
14464.jpg,Jean-Pierre_Raffarin
14465.jpg,Jeremy_Fogel
14466.jpg,Sasha_Alexander
14467.jpg,Nida_Blanca
14468.jpg,Hans_Peter_Briegel
14469.jpg,Charlene_Barshefsky
14470.jpg,Cesar_Maia
14471.jpg,Hidetoshi_Nakata
14472.jpg,Moby
14473.jpg,Daniel_Radcliffe
14474.jpg,Kristin_Davis
14475.jpg,048_frontal
14476.jpg,Bryan_Chui
14477.jpg,Hugo_Chavez
14478.jpg,Hamid_Karzai
14479.jpg,Catherine_Deneuve
14480.jpg,Larry_Brown
14481.jpg,Billy_Sollie
14482.jpg,Frank_Lautenberg
14483.jpg,Sergio_Vieira_De_Mello
14484.jpg,Harrison_Ford
14485.jpg,James_Parker
14486.jpg,Antonio_Palocci
14487.jpg,Hugo_Chavez
14488.jpg,Slobodan_Milosevic
14489.jpg,Gustavo_Kuerten
14490.jpg,Colin_Powell
14491.jpg,Floyd_Mayweather
14492.jpg,Colin_Powell
14493.jpg,Mariah_Carey
14494.jpg,James_Lockhart
14495.jpg,Carolyn_Dawn_Johnson
14496.jpg,Kate_Hudson
14497.jpg,Larry_Coker
14498.jpg,Colin_Powell
14499.jpg,Colin_Powell
14500.jpg,John_Gruden
14501.jpg,Colin_Powell
14502.jpg,Gregg_Popovich
14503.jpg,Jon_Gruden
14504.jpg,Beyonce_Knowles
14505.jpg,Daniel_Radcliffe
14506.jpg,Gary_Locke
14507.jpg,Colin_Powell
14508.jpg,Jeong_Se-hyun
14509.jpg,Chip_Ganassi
14510.jpg,Kenneth_Branagh
14511.jpg,Colin_Powell
14512.jpg,039_frontal
14513.jpg,Hugo_Chavez
14514.jpg,John_Bolton
14515.jpg,Tom_Hanks
14516.jpg,Ciro_Gomes
14517.jpg,Colin_Powell
14518.jpg,Michel_Temer
14519.jpg,Federico_Trillo
14520.jpg,Jeong_Se-hyun
14521.jpg,Hamid_Karzai
14522.jpg,Sean_Astin
14523.jpg,Colin_Powell
14524.jpg,Gael_Garcia_Bermal
14525.jpg,Elizabeth_Shue
14526.jpg,Gennifer_Flowers
14527.jpg,Kofi_Annan
14528.jpg,Mariah_Carey
14529.jpg,Kalid_Kaid
14530.jpg,S_Jayakumar
14531.jpg,Justine_Pasek
14532.jpg,Michael_Sullivan
14533.jpg,Tom_Hanks
14534.jpg,Tiger_Woods
14535.jpg,Michael_Leavitt
14536.jpg,Padraig_Harrington
14537.jpg,078_frontal
14538.jpg,Isabella_Rossellini
14539.jpg,James_Butts
14540.jpg,Jim_Harrick
14541.jpg,Allen_Iverson
14542.jpg,Nick_Nolte
14543.jpg,091_frontal
14544.jpg,Natalie_Juniardi
14545.jpg,Daryl_Hannah
14546.jpg,Colin_Powell
14547.jpg,David_Hanson
14548.jpg,Celso_Lafer
14549.jpg,Nancy_Sinatra
14550.jpg,Masja_Juel
14551.jpg,013_frontal
14552.jpg,Drew_Barrymore
14553.jpg,Robert_Bullock
14554.jpg,Ryan_Nyquist
14555.jpg,Hamid_Karzai
14556.jpg,John_Bolton
14557.jpg,Ron_Dittemore
14558.jpg,Lawrence_Di_Rita
14559.jpg,Nathalie_Baye
14560.jpg,Colin_Powell
14561.jpg,Jean-Pierre_Raffarin
14562.jpg,Luis_Gonzalez_Macchi
14563.jpg,Colin_Powell
14564.jpg,Bob_Stoops
14565.jpg,Cho_Myung-kyun
14566.jpg,Michael_Chang
14567.jpg,Gregg_Popovich
14568.jpg,106_frontal
14569.jpg,Nick_Nolte
14570.jpg,Nebojsa_Pavkovic
14571.jpg,Hamid_Karzai
14572.jpg,Colin_Powell
14573.jpg,Fred_Funk
14574.jpg,John_Banko
14575.jpg,Wayne_Ferreira
14576.jpg,Colin_Powell
14577.jpg,Garry_Kasparov
14578.jpg,Sean_Patrick_OMalley
14579.jpg,Ty_Votaw
14580.jpg,Charlton_Heston
14581.jpg,Wang_Nan
14582.jpg,Paul_Bremer
14583.jpg,Mariangel_Ruiz_Torrealba
14584.jpg,Kalid_Kaid
14585.jpg,Oscar_Elias_Biscet
14586.jpg,Annette_Lu
14587.jpg,Colin_Powell
14588.jpg,Martin_Luther_King_III
14589.jpg,Pete_Sampras
14590.jpg,Andy_North
14591.jpg,John_Bolton
14592.jpg,Tom_Ridge
14593.jpg,Penelope_Ann_Miller
14594.jpg,Maurice_Papon
14595.jpg,Abdullatif_Sener
14596.jpg,Sergio_Vieira_De_Mello
14597.jpg,Kofi_Annan
14598.jpg,Tom_Rouen
14599.jpg,Sean_Patrick_OMalley
14600.jpg,Gary_Barnett
14601.jpg,Tom_Glavine
14602.jpg,Andy_North
14603.jpg,Mike_Samp
14604.jpg,Jim_Sterk
14605.jpg,Jen_Schefft
14606.jpg,Bernard_Kerik
14607.jpg,Gianni_Agnelli
14608.jpg,Duane_Lee_Chapman
14609.jpg,Colin_Powell
14610.jpg,Irfan_Ahmed
14611.jpg,Tim_Howard
14612.jpg,Bill_OReilly
14613.jpg,Shannon_OBrien
14614.jpg,Jeffrey_Ashby
14615.jpg,Li_Peng
14616.jpg,Jesse_James_Leija
14617.jpg,Mike_Johanns
14618.jpg,Ellen_Pompeo
14619.jpg,John_Kerry
14620.jpg,Faye_Wong
14621.jpg,Colin_Powell
14622.jpg,047_frontal
14623.jpg,Thomas_Manger
14624.jpg,John_Kerr
14625.jpg,Luis_Gonzalez_Macchi
14626.jpg,Sergio_Vieira_De_Mello
14627.jpg,John_Kerry
14628.jpg,Manuela_Montebrun
14629.jpg,Dai_Chul_Chyung
14630.jpg,Tiger_Woods
14631.jpg,John_Abizaid
14632.jpg,Ronde_Barber
14633.jpg,Larry_Coker
14634.jpg,Martin_Luther_King_III
14635.jpg,James_Blake
14636.jpg,David_Hannay
14637.jpg,Kofi_Annan
14638.jpg,Sean_Astin
14639.jpg,Colin_Powell
14640.jpg,Lea_Fastow
14641.jpg,Marcos_Daniel_Jimenez
14642.jpg,Jeong_Se-hyun
14643.jpg,William_Webster
14644.jpg,Emanuel_Ginobili
14645.jpg,Kevin_James
14646.jpg,Janet_Napolitano
14647.jpg,Connie_Chung
14648.jpg,Lindsay_Benko
14649.jpg,Anna_Chicherova
14650.jpg,Mike_Helton
14651.jpg,Carson_Palmer
14652.jpg,Princess_Victoria
14653.jpg,Drew_Barrymore
14654.jpg,Josh_Kronfeld
14655.jpg,John_Kerry
14656.jpg,Tiger_Woods
14657.jpg,Sasha_Alexander
14658.jpg,017_frontal
14659.jpg,Tom_Rouen
14660.jpg,Oscar_De_La_Hoya
14661.jpg,Lucy_Liu
14662.jpg,Pedro_Malan
14663.jpg,Marwan_Barghouthi
14664.jpg,Lisa_Stone
14665.jpg,Brandon_Knight
14666.jpg,110_frontal
14667.jpg,Queen_Beatrix
14668.jpg,Michael_Leavitt
14669.jpg,LK_Advani
14670.jpg,Greg_Rusedski
14671.jpg,Linus_Roache
14672.jpg,Abdullatif_Sener
14673.jpg,Gloria_Gaynor
14674.jpg,Vinnie_Jones
14675.jpg,Jolanta_Kwasniewski
14676.jpg,Ty_Votaw
14677.jpg,Cole_Chapman
14678.jpg,Colin_Powell
14679.jpg,Cabas
14680.jpg,Pat_Burns
14681.jpg,Li_Zhaoxing
14682.jpg,Hugo_Chavez
14683.jpg,Gus_Van_Sant
14684.jpg,Hugo_Chavez
14685.jpg,Luis_Gonzalez_Macchi
14686.jpg,054_frontal
14687.jpg,103_frontal
14688.jpg,Derrick_Battie
14689.jpg,121_frontal
14690.jpg,Gloria_Gaynor
14691.jpg,Hanan_Ashrawi
14692.jpg,Jean-Pierre_Bemba
14693.jpg,Colin_Powell
14694.jpg,Eliza_Manningham-Buller
14695.jpg,Rob_Niedermayer
14696.jpg,Colin_Powell
14697.jpg,Lynne_Thigpen
14698.jpg,Harrison_Ford
14699.jpg,039_frontal
14700.jpg,Marc_Bulger
14701.jpg,Kristin_Davis
14702.jpg,Michael_Chang
14703.jpg,Chea_Sophara
14704.jpg,Yoon_Young-kwan
14705.jpg,Andrea_Kiser
14706.jpg,James_Sensenbrenner
14707.jpg,Elias_Attallah
14708.jpg,Hugo_Chavez
14709.jpg,Orlando_Bloom
14710.jpg,Hugo_Chavez
14711.jpg,Hamid_Karzai
14712.jpg,Bill_Butler
14713.jpg,Dolly_Parton
14714.jpg,Habib_Rizieq
14715.jpg,Robert_Duvall
14716.jpg,Salma_Hayek
14717.jpg,Eliza_Manningham-Buller
14718.jpg,Matt_Braker
14719.jpg,Diana_Ross
14720.jpg,Matt_Damon
14721.jpg,Martha_Burk
14722.jpg,Naomi_Watts
14723.jpg,Billy_Tibbets
14724.jpg,Ai_Sugiyama
14725.jpg,Emma_Nicholson
14726.jpg,Greg_Ostertag
14727.jpg,Julie_Infante
14728.jpg,105_frontal
14729.jpg,Kofi_Annan
14730.jpg,Jerry_Sexton
14731.jpg,Colin_Powell
14732.jpg,Jeong_Se-hyun
14733.jpg,Tono_Suratman
14734.jpg,John_Kerry
14735.jpg,James_Blake
14736.jpg,Jeong_Se-hyun
14737.jpg,George_Blaney
14738.jpg,Paul_Bremer
14739.jpg,Charles_Cope
14740.jpg,Tom_Cruise
14741.jpg,Colin_Powell
14742.jpg,Jennifer_Connelly
14743.jpg,Strom_Thurmond
14744.jpg,Ilan_Ramon
14745.jpg,Frederique_van_der_Wal
14746.jpg,Kevin_Spacey
14747.jpg,Ryan_Goodman
14748.jpg,Katalin_Kollat
14749.jpg,Tiger_Woods
14750.jpg,Mariah_Carey
14751.jpg,Flor_Montulo
14752.jpg,Li_Zhaoxing
14753.jpg,Ai_Sugiyama
14754.jpg,Colin_Powell
14755.jpg,Roberto_Carlos
14756.jpg,Oswaldo_Paya
14757.jpg,Eric_Ryan_Donnelly
14758.jpg,053_frontal
14759.jpg,Colin_Powell
14760.jpg,107_frontal
14761.jpg,Gustavo_Kuerten
14762.jpg,Colin_Powell
14763.jpg,Richard_Rodriguez
14764.jpg,Colin_Powell
14765.jpg,Queen_Noor
14766.jpg,053_frontal
14767.jpg,Alberto_Ruiz_Gallardon
14768.jpg,Woodrow_Stanley
14769.jpg,Marcos_Daniel_Jimenez
14770.jpg,Larry_Beinfest
14771.jpg,Colin_Powell
14772.jpg,Joan_Dangerfield
14773.jpg,James_Meredeth
14774.jpg,018_frontal
14775.jpg,Robert_Duvall
14776.jpg,Rob_Niedermayer
14777.jpg,James_Blake
14778.jpg,Colin_Powell
14779.jpg,Scott_McNealy
14780.jpg,Ana_Palacio
14781.jpg,Tiger_Woods
14782.jpg,Tiger_Woods
14783.jpg,Tom_Ridge
14784.jpg,Natalia_Vodonova
14785.jpg,Colin_Powell
14786.jpg,Hank_Aaron
14787.jpg,Jon_Gruden
14788.jpg,Oscar_De_La_Hoya
14789.jpg,Johnny_Depp
14790.jpg,Tom_Hanks
14791.jpg,Colin_Powell
14792.jpg,Kate_Lee
14793.jpg,Derek_Jeter
14794.jpg,Warren_Beatty
14795.jpg,Amy_Pascal
14796.jpg,Rick_Santorum
14797.jpg,LK_Advani
14798.jpg,Colin_Powell
14799.jpg,Dave_Williams
14800.jpg,Al_Leiter
14801.jpg,Charlton_Heston
14802.jpg,Allen_Rock
14803.jpg,Colin_Powell
14804.jpg,Hugo_Chavez
14805.jpg,Craig_David
14806.jpg,William_Cocksedge
14807.jpg,Al_Leiter
14808.jpg,John_McCallum
14809.jpg,Naomi_Watts
14810.jpg,William_Delahunt
14811.jpg,Martha_Martinez_Flores
14812.jpg,Raoul_Ruiz
14813.jpg,Martin_Brodeur
14814.jpg,Paul_William_Hurley
14815.jpg,Li_Zhaoxing
14816.jpg,Valentino_Rossi
14817.jpg,Gustavo_Kuerten
14818.jpg,Stanley_McChrystal
14819.jpg,091_frontal
14820.jpg,Sean_Astin
14821.jpg,Lutz_Freitag
14822.jpg,Roy_Blunt
14823.jpg,Colin_Powell
14824.jpg,Scott_Weiland
14825.jpg,Malcolm_Glazer
14826.jpg,Jim_Paxson
14827.jpg,Christine_Arron
14828.jpg,Salma_Hayek
14829.jpg,Malcolm_Glazer
14830.jpg,Jennifer_Connelly
14831.jpg,Steve_Case
14832.jpg,Justine_Pasek
14833.jpg,Joseph_LePore
14834.jpg,Colin_Powell
14835.jpg,Jeong_Se-hyun
14836.jpg,Isabelle_Huppert
14837.jpg,George_Lopez
14838.jpg,George_Lopez
14839.jpg,Colin_Powell
14840.jpg,Colin_Powell
14841.jpg,Princess_Anne
14842.jpg,Barbara_Brezigar
14843.jpg,Pete_Sampras
14844.jpg,Heidi_Fleiss
14845.jpg,Anne_Cavers
14846.jpg,Kurt_Warner
14847.jpg,Cristina_Torrens_Valero
14848.jpg,096_frontal
14849.jpg,Colin_Powell
14850.jpg,Fernando_Leon_de_Aranoa
14851.jpg,Daniel_Pearl
14852.jpg,Andy_Garcia
14853.jpg,Takenori_Kanzaki
14854.jpg,Colin_Powell
14855.jpg,Michael_Sullivan
14856.jpg,Hugo_Chavez
14857.jpg,Peter_Hillary
14858.jpg,Wang_Nan
14859.jpg,Jesper_Parnevik
14860.jpg,Tony_Stewart
14861.jpg,Anthony_Hopkins
14862.jpg,Denzel_Washington
14863.jpg,Michael_Chang
14864.jpg,Dorthy_Moxley
14865.jpg,Ralf_Schumacher
14866.jpg,Gabriel_Hughes
14867.jpg,Gong_Ruina
14868.jpg,Ghassan_Elashi
14869.jpg,Jim_Carrey
14870.jpg,Annette_Bening
14871.jpg,Crispin_Glover
14872.jpg,Colin_Powell
14873.jpg,John_Mayer
14874.jpg,Dolly_Parton
14875.jpg,Larry_Ellison
14876.jpg,Matthew_Broderick
14877.jpg,Ralf_Schumacher
14878.jpg,Hugo_Chavez
14879.jpg,Valentino_Rossi
14880.jpg,Mariah_Carey
14881.jpg,066_frontal
14882.jpg,Chris_Kolanas
14883.jpg,Colin_Powell
14884.jpg,Marwan_Barghouthi
14885.jpg,Marc_Leger
14886.jpg,Hugo_Chavez
14887.jpg,Tiger_Woods
14888.jpg,Paul_William_Hurley
14889.jpg,Derek_Jeter
14890.jpg,Hrithik_Roshan
14891.jpg,063_frontal
14892.jpg,Colin_Powell
14893.jpg,John_Edwards
14894.jpg,Hugo_Chavez
14895.jpg,Mariah_Carey
14896.jpg,Matt_Doherty
14897.jpg,Wayne_Ferreira
14898.jpg,Michael_Chang
14899.jpg,Ron_Dittemore
14900.jpg,084_frontal
14901.jpg,Sue_Wicks
14902.jpg,Lionel_Richie
14903.jpg,Dennis_Powell
14904.jpg,Clive_Lloyd
14905.jpg,Al_Gore
14906.jpg,Michael_Chang
14907.jpg,Guillaume_Soro
14908.jpg,John_Edwards
14909.jpg,Colin_Powell
14910.jpg,Larry_Beinfest
14911.jpg,Emanuel_Ginobili
14912.jpg,Douglas_Paal
14913.jpg,Melissa_Manchester
14914.jpg,Enrique_Bolanos
14915.jpg,John_Abizaid
14916.jpg,Tom_Cruise
14917.jpg,079_frontal
14918.jpg,Kiki_Vandeweghe
14919.jpg,Colin_Powell
14920.jpg,Parris_Glendening
14921.jpg,Eva_Herzigova
14922.jpg,Lord_Hutton
14923.jpg,Greg_Rusedski
14924.jpg,Salma_Hayek
14925.jpg,Christian_Longo
14926.jpg,Hugo_Chavez
14927.jpg,Al_Gore
14928.jpg,William_Genego
14929.jpg,Colin_Powell
14930.jpg,Tiger_Woods
14931.jpg,Charlton_Heston
14932.jpg,Colin_Powell
14933.jpg,Colin_Powell
14934.jpg,Chea_Sophara
14935.jpg,Li_Peng
14936.jpg,120_frontal
14937.jpg,Habib_Rizieq
14938.jpg,Alfred_Ford
14939.jpg,Shoshannah_Stern
14940.jpg,Pedro_Solbes
14941.jpg,Stephen_Daldry
14942.jpg,Martin_Cauchon
14943.jpg,Colin_Powell
14944.jpg,Roger_Clemens
14945.jpg,Colin_Powell
14946.jpg,Greg_Rusedski
14947.jpg,Natalia_Vodonova
14948.jpg,John_Abizaid
14949.jpg,Colin_Powell
14950.jpg,Dorthy_Moxley
14951.jpg,035_frontal
14952.jpg,Monica_Seles
14953.jpg,Li_Zhaoxing
14954.jpg,Dean_Barkley
14955.jpg,Joe_Cocker
14956.jpg,Charlton_Heston
14957.jpg,Salma_Hayek
14958.jpg,Alanis_Morissette
14959.jpg,Wen_Jiabao
14960.jpg,Christine_Arron
14961.jpg,Kofi_Annan
14962.jpg,Anette_Hosoi
14963.jpg,Queen_Beatrix
14964.jpg,Hamid_Karzai
14965.jpg,Colin_Powell
14966.jpg,John_Bolton
14967.jpg,Benjamin_Netanyahu
14968.jpg,Naomi_Watts
14969.jpg,Narendra_Modi
14970.jpg,Irwan_Fadzi_Idris
14971.jpg,Mitchell_Swartz
14972.jpg,014_frontal
14973.jpg,Jerry_Regier
14974.jpg,Colin_Powell
14975.jpg,Kenneth_Branagh
14976.jpg,Colin_Powell
14977.jpg,Ozzy_Osbourne
14978.jpg,Jade_Jagger
14979.jpg,Colin_Powell
14980.jpg,Troy_Jenkins
14981.jpg,Steve_Mariucci
14982.jpg,Gwendal_Peizerat
14983.jpg,Hugo_Chavez
14984.jpg,Din_Samsudin
14985.jpg,Colin_Powell
14986.jpg,Colin_Powell
14987.jpg,Federico_Trillo
14988.jpg,Compay_Segundo
14989.jpg,Tiger_Woods
14990.jpg,Teri_Files
14991.jpg,Christine_Gregoire
14992.jpg,Jerry_Regier
14993.jpg,120_frontal
14994.jpg,Deece_Eckstein
14995.jpg,Adam_Kennedy
14996.jpg,Lyle_Vanclief
14997.jpg,Kofi_Annan
14998.jpg,Hamid_Karzai
14999.jpg,Hugo_Chavez
15000.jpg,Colin_Powell
15001.jpg,Jim_Harrick
15002.jpg,Al_Gore
15003.jpg,Doug_Moe
15004.jpg,Tiger_Woods
15005.jpg,025_frontal
15006.jpg,Enrique_Bolanos
15007.jpg,Gustavo_Kuerten
15008.jpg,Cabas
15009.jpg,Mariah_Carey
15010.jpg,Colin_Powell
15011.jpg,Matt_Braker
15012.jpg,Turner_Gill
15013.jpg,Queen_Beatrix
15014.jpg,Darin_Erstad
15015.jpg,Greg_Rusedski
15016.jpg,Jean-Pierre_Raffarin
15017.jpg,Colin_Powell
15018.jpg,Benjamin_Netanyahu
15019.jpg,Fran_Drescher
15020.jpg,Aishwarya_Rai
15021.jpg,Tom_Ridge
15022.jpg,Lutz_Freitag
15023.jpg,075_frontal
15024.jpg,Jacky_Cheung
15025.jpg,Jolanta_Kwasniewski
15026.jpg,Pete_Sampras
15027.jpg,Colin_Powell
15028.jpg,John_Abizaid
15029.jpg,Nida_Blanca
15030.jpg,Aaron_Patterson
15031.jpg,Colin_Powell
15032.jpg,S_Jayakumar
15033.jpg,Juan_Ignacio_Chela
15034.jpg,Larry_Brown
15035.jpg,Debra_Rose
15036.jpg,Hun_Sen
15037.jpg,Lionel_Richie
15038.jpg,Lionel_Chalmers
15039.jpg,Enrique_Bolanos
15040.jpg,Carlos_Salinas
15041.jpg,Colin_Powell
15042.jpg,Asif_Ali_Zardari
15043.jpg,Monique_Gagnon-Tremblay
15044.jpg,Chante_Jawan_Mallard
15045.jpg,Begum_Khaleda_Zia
15046.jpg,Lionel_Chalmers
15047.jpg,Colin_Powell
15048.jpg,129_frontal
15049.jpg,Elvis_Costello
15050.jpg,Naomi_Watts
15051.jpg,Charlie_Hunnam
15052.jpg,Colin_Powell
15053.jpg,Colin_Powell
15054.jpg,112_frontal
15055.jpg,John_Kerry
15056.jpg,Win_Aung
15057.jpg,Colin_Powell
15058.jpg,Mariah_Carey
15059.jpg,William_Burns
15060.jpg,John_Bolton
15061.jpg,Jessica_Brungo
15062.jpg,Hugo_Chavez
15063.jpg,John_Edwards
15064.jpg,Colin_Powell
15065.jpg,Aaron_Pena
15066.jpg,Colin_Powell
15067.jpg,Colin_Powell
15068.jpg,Malak_Habbak
15069.jpg,044_frontal
15070.jpg,Colin_Powell
15071.jpg,Naomi_Watts
15072.jpg,Colin_Powell
15073.jpg,Max_von_Sydow
15074.jpg,Jon_Gruden
15075.jpg,Leon_Silver
15076.jpg,Mariah_Carey
15077.jpg,Kofi_Annan
15078.jpg,Tom_Ridge
15079.jpg,Edgar_Savisaar
15080.jpg,Maritza_Macias_Furano
15081.jpg,Kofi_Annan
15082.jpg,Warren_Beatty
15083.jpg,Stipe_Mesic
15084.jpg,Colin_Powell
15085.jpg,Matt_Roney
15086.jpg,Paul_William_Hurley
15087.jpg,Habib_Rizieq
15088.jpg,Raoul_Ruiz
15089.jpg,Paris_Hilton
15090.jpg,Colin_Powell
15091.jpg,Hugo_Chavez
15092.jpg,Maryn_McKenna
15093.jpg,Queen_Beatrix
15094.jpg,Rick_Romley
15095.jpg,Daniel_Radcliffe
15096.jpg,Colin_Powell
15097.jpg,Robby_Ginepri
15098.jpg,Pete_Sampras
15099.jpg,Chuck_Eidson
15100.jpg,Kate_Hudson
15101.jpg,Mark_Hanson
15102.jpg,Hugo_Chavez
15103.jpg,Win_Aung
15104.jpg,Oprah_Winfrey
15105.jpg,Prince_Claus
15106.jpg,John_Bolton
15107.jpg,Tom_Cruise
15108.jpg,Moshe_Katsav
15109.jpg,Sarah_Price
15110.jpg,Mukesh_Ambani
15111.jpg,Trisha_Meili
15112.jpg,Dai_Chul_Chyung
15113.jpg,Hugo_Chavez
15114.jpg,Jeffrey_Ashby
15115.jpg,Wang_Hailan
15116.jpg,085_frontal
15117.jpg,Jean-Pierre_Raffarin
15118.jpg,Aaron_Pena
15119.jpg,Carol_Burnett
15120.jpg,Hamid_Karzai
15121.jpg,James_Ballenger
15122.jpg,Colin_Powell
15123.jpg,Joerg_Haider
15124.jpg,Lindsay_Benko
15125.jpg,Naomi_Watts
15126.jpg,Tom_Cruise
15127.jpg,Colin_Powell
15128.jpg,Carolyn_Dawn_Johnson
15129.jpg,Paul_Bremer
15130.jpg,Valerie_Harper
15131.jpg,Hugo_Chavez
15132.jpg,Colin_Powell
15133.jpg,Richard_Jewell
15134.jpg,Jeri_Ryan
15135.jpg,Hugo_Chavez
15136.jpg,Adrian_Nastase
15137.jpg,Benjamin_Netanyahu
15138.jpg,Mariangel_Ruiz_Torrealba
15139.jpg,Juergen_Braehmer
15140.jpg,Paul_Burrell
15141.jpg,Clemente_de_la_Vega
15142.jpg,Hamid_Karzai
15143.jpg,Laurence_Fishburne
15144.jpg,Colin_Powell
15145.jpg,Robert_Beck
15146.jpg,Gene_Autry
15147.jpg,Salma_Hayek
15148.jpg,Paul_Burrell
15149.jpg,Robert_Bullock
15150.jpg,Jerry_Regier
15151.jpg,Dany_Heatley
15152.jpg,Harrison_Ford
15153.jpg,Kofi_Annan
15154.jpg,Brian_Henson
15155.jpg,Karen_Sharpe_Kramer
15156.jpg,Thomas_OBrien
15157.jpg,Tiger_Woods
15158.jpg,Ana_Palacio
15159.jpg,Roger_Clemens
15160.jpg,Maureen_Fanning
15161.jpg,Colin_Powell
15162.jpg,Matt_Doherty
15163.jpg,Aishwarya_Rai
15164.jpg,Carson_Palmer
15165.jpg,Keith_Foulke
15166.jpg,Colin_Powell
15167.jpg,Alexandre_Vinokourov
15168.jpg,Dean_Barkley
15169.jpg,Lucy_Liu
15170.jpg,Emanuel_Ginobili
15171.jpg,010_frontal
15172.jpg,Michel_Temer
15173.jpg,Hugo_Chavez
15174.jpg,Jody_Richards
15175.jpg,Jon_Gruden
15176.jpg,Harrison_Ford
15177.jpg,Colin_Powell
15178.jpg,Hugo_Chavez
15179.jpg,Suzie_McConnell_Serio
15180.jpg,Bob_Stoops
15181.jpg,Hung_Wan-ting
15182.jpg,Jose_Manuel_Durao_Barroso
15183.jpg,Karl-Heinz_Rummenigge
15184.jpg,Cynthia_Rowley
15185.jpg,Colin_Powell
15186.jpg,Tom_Cruise
15187.jpg,Wan_Yanhai
15188.jpg,Pete_Sampras
15189.jpg,Corinna_Harfouch
15190.jpg,Colin_Powell
15191.jpg,Ruben_Studdard
15192.jpg,Michael_Chang
15193.jpg,Steven_Hatfill
15194.jpg,Colin_Powell
15195.jpg,Evie_Lazarou
15196.jpg,Tim_Duncan
15197.jpg,Joe_Calzaghe
15198.jpg,Colin_Powell
15199.jpg,David_Obey
15200.jpg,100_frontal
15201.jpg,Wang_Hailan
15202.jpg,Malcolm_Glazer
15203.jpg,Tiger_Woods
15204.jpg,James_Blake
15205.jpg,Thaksin_Shinawatra
15206.jpg,Natalie_Juniardi
15207.jpg,Sheila_Taormina
15208.jpg,Joerg_Haider
15209.jpg,Juergen_Peters
15210.jpg,Joerg_Haider
15211.jpg,Colin_Powell
15212.jpg,Bob_Riley
15213.jpg,Colin_Powell
15214.jpg,Brendan_Hansen
15215.jpg,Michele_Placido
15216.jpg,Vincent_Spadea
15217.jpg,Yang_Jianli
15218.jpg,Gong_Ruina
15219.jpg,Hugo_Chavez
15220.jpg,Colin_Powell
15221.jpg,038_frontal
15222.jpg,Nathalie_Baye
15223.jpg,Abraham_Foxman
15224.jpg,Tom_Lantos
15225.jpg,Justine_Pasek
15226.jpg,Justine_Pasek
15227.jpg,Catherine_Deneuve
15228.jpg,Katrin_Susi
15229.jpg,Tom_Hanks
15230.jpg,LK_Advani
15231.jpg,Gregorio_Honasan
15232.jpg,Ralf_Schumacher
15233.jpg,Hugo_Chavez
15234.jpg,Billy_Sollie
15235.jpg,John_Kerry
15236.jpg,Wen_Jiabao
15237.jpg,Wen_Jiabao
15238.jpg,Jeong_Se-hyun
15239.jpg,Luis_Gonzalez_Macchi
15240.jpg,Bill_Belichick
15241.jpg,James_Parker
15242.jpg,025_frontal
15243.jpg,Isabelle_Huppert
15244.jpg,Moshe_Katsav
15245.jpg,Aline_Chretien
15246.jpg,Juan_Ignacio_Chela
15247.jpg,Chante_Jawan_Mallard
15248.jpg,Mohammad_Al-Sharief
15249.jpg,John_Abizaid
15250.jpg,Ozzy_Osbourne
15251.jpg,066_frontal
15252.jpg,Jacqueline_Obradors
15253.jpg,Jon_Constance
15254.jpg,Clive_Woodward
15255.jpg,Colin_Powell
15256.jpg,Woodrow_Stanley
15257.jpg,Colin_Powell
15258.jpg,Paul_Bremer
15259.jpg,Shoshannah_Stern
15260.jpg,Trevor_McDonald
15261.jpg,Mario_Lobo_Zagallo
15262.jpg,Alexandra_Pelosi
15263.jpg,Larry_Brown
15264.jpg,John_Kerry
15265.jpg,Ralf_Schumacher
15266.jpg,Michael_McNeely
15267.jpg,067_frontal
15268.jpg,Gabriel_Farhi
15269.jpg,Isabelle_Huppert
15270.jpg,Naomi_Watts
15271.jpg,Valery_Giscard_dEstaing
15272.jpg,Antonio_Palocci
15273.jpg,Amanda_Beard
15274.jpg,Paul_Burrell
15275.jpg,Al_Leiter
15276.jpg,Mike_Helton
15277.jpg,Robert_Duvall
15278.jpg,Roy_Blunt
15279.jpg,089_frontal
15280.jpg,Bob_Bowlsby
15281.jpg,Tino_Martinez
15282.jpg,Michael_Guiler
15283.jpg,Raoul_Ruiz
15284.jpg,Robert_Douglas
15285.jpg,Ana_Palacio
15286.jpg,Sergio_Vieira_De_Mello
15287.jpg,Greg_Ostertag
15288.jpg,Colin_Powell
15289.jpg,John_Edwards
15290.jpg,Chuck_Eidson
15291.jpg,Clive_Woodward
15292.jpg,Tom_Glavine
15293.jpg,019_frontal
15294.jpg,Ana_Palacio
15295.jpg,Colin_Powell
15296.jpg,Hank_Aaron
15297.jpg,Hugo_Chavez
15298.jpg,118_frontal
15299.jpg,Emanuel_Ginobili
15300.jpg,Duane_Lee_Chapman
15301.jpg,Herb_Brooks
15302.jpg,Kristanna_Loken
15303.jpg,124_frontal
15304.jpg,Jeong_Se-hyun
15305.jpg,John_Nash
15306.jpg,Pete_Sampras
15307.jpg,Gael_Garcia_Bermal
15308.jpg,Hugo_Chavez
15309.jpg,John_Bolton
15310.jpg,James_Blake
15311.jpg,Mike_Maroth
15312.jpg,Parris_Glendening
15313.jpg,Rosemarie_Stack
15314.jpg,Colin_Powell
15315.jpg,Colin_Powell
15316.jpg,Nida_Blanca
15317.jpg,Dan_Wheldon
15318.jpg,Colin_Powell
15319.jpg,Valery_Giscard_dEstaing
15320.jpg,Hamid_Karzai
15321.jpg,Li_Peng
15322.jpg,Pete_Sampras
15323.jpg,Brian_Henson
15324.jpg,Hrithik_Roshan
15325.jpg,Queen_Beatrix
15326.jpg,041_frontal
15327.jpg,Mufti_Mohammad_Syed
15328.jpg,Andy_North
15329.jpg,Charles_Pickering
15330.jpg,Colin_Powell
15331.jpg,Peter_Bacanovic
15332.jpg,Tony_Curtis
15333.jpg,Catherine_Ndereba
15334.jpg,Oswaldo_Paya
15335.jpg,Roger_King
15336.jpg,Larry_Brown
15337.jpg,Charles_Pickering
15338.jpg,Eric_Vigouroux
15339.jpg,051_frontal
15340.jpg,Tiger_Woods
15341.jpg,Alberto_Fujimori
15342.jpg,Vanessa_Williams
15343.jpg,Colin_Powell
15344.jpg,George_Lopez
15345.jpg,047_frontal
15346.jpg,Wolfgang_Schwarz
15347.jpg,Caroline_Kennedy
15348.jpg,Douglas_Paal
15349.jpg,Hugo_Chavez
15350.jpg,Bob_Stoops
15351.jpg,Kevin_James
15352.jpg,Thomas_Fargo
15353.jpg,Douglas_Gansler
15354.jpg,Juan_Ignacio_Chela
15355.jpg,Danny_Ainge
15356.jpg,Jake_Gyllenhaal
15357.jpg,015_frontal
15358.jpg,Diana_Ross
15359.jpg,Colin_Powell
15360.jpg,Prince_Claus
15361.jpg,Justine_Pasek
15362.jpg,Jeong_Se-hyun
15363.jpg,Juergen_Peters
15364.jpg,Jack_Welch
15365.jpg,Kristanna_Loken
15366.jpg,Colin_Powell
15367.jpg,Oscar_De_La_Hoya
15368.jpg,Oprah_Winfrey
15369.jpg,Antonio_Palocci
15370.jpg,Colin_Powell
15371.jpg,Ai_Sugiyama
15372.jpg,Richard_Tubb
15373.jpg,Roberto_Carlos
15374.jpg,Li_Peng
15375.jpg,Jon_Gruden
15376.jpg,Hugo_Chavez
15377.jpg,051_frontal
15378.jpg,Al_Leiter
15379.jpg,Colin_Powell
15380.jpg,Hans_Eichel
15381.jpg,Pete_Sampras
15382.jpg,Jennifer_Connelly
15383.jpg,Craig_David
15384.jpg,Ed_Sullivan
15385.jpg,Colin_Powell
15386.jpg,Ana_Palacio
15387.jpg,Pete_Sampras
15388.jpg,Slobodan_Milosevic
15389.jpg,Martha_Burk
15390.jpg,Kevin_Spacey
15391.jpg,Gloria_Gaynor
15392.jpg,Mitchell_Crooks
15393.jpg,Scott_McNealy
15394.jpg,Mario_Alfaro-Lopez
15395.jpg,Michael_Chang
15396.jpg,Agnelo_Queiroz
15397.jpg,Dion_Glover
15398.jpg,Larry_Brown
15399.jpg,Miyako_Miyazaki
15400.jpg,062_frontal
15401.jpg,Patrice_Chereau
15402.jpg,Peter_Mullan
15403.jpg,Buddy_Ryan
15404.jpg,Jose_Lina
15405.jpg,Steve_Austin
15406.jpg,Louis_Van_Gaal
15407.jpg,128_frontal
15408.jpg,Tom_Ridge
15409.jpg,094_frontal
15410.jpg,Charles_Lebois
15411.jpg,087_frontal
15412.jpg,Mirela_Manjani
15413.jpg,Steve_Cox
15414.jpg,John_Edwards
15415.jpg,Queen_Beatrix
15416.jpg,Tom_Cruise
15417.jpg,Jon_Gruden
15418.jpg,Colin_Powell
15419.jpg,Jon_Gruden
15420.jpg,Karl-Heinz_Rummenigge
15421.jpg,Enrique_Bolanos
15422.jpg,James_Lockhart
15423.jpg,Michael_Moore
15424.jpg,Colin_Powell
15425.jpg,Hugo_Chavez
15426.jpg,Michael_Chang
15427.jpg,Hung_Wan-ting
15428.jpg,Colin_Powell
15429.jpg,Tom_Hanks
15430.jpg,Colin_Powell
15431.jpg,Tom_Ridge
15432.jpg,Alexandre_Vinokourov
15433.jpg,Maria_Shriver
15434.jpg,Hwang_Doo-yun
15435.jpg,Paul_Burrell
15436.jpg,Pete_Sampras
15437.jpg,Afton_Smith
15438.jpg,Al_Gore
15439.jpg,038_frontal
15440.jpg,Dick_Latessa
15441.jpg,Bill_Readdy
15442.jpg,Colin_Powell
15443.jpg,Tom_Ridge
15444.jpg,Michelle_Hofland
15445.jpg,Khaled_Sawalhi
15446.jpg,Zarai_Toledo
15447.jpg,Mike_Samp
15448.jpg,Colin_Powell
15449.jpg,Hugo_Chavez
15450.jpg,Mariangel_Ruiz_Torrealba
15451.jpg,Amanda_Beard
15452.jpg,Gary_Locke
15453.jpg,Nadia_Forte
15454.jpg,Lionel_Richie
15455.jpg,Dennis_Powell
15456.jpg,Colin_Powell
15457.jpg,Nick_Nolte
15458.jpg,Dave_Williams
15459.jpg,James_Carville
15460.jpg,Vanessa_Williams
15461.jpg,Colin_Powell
15462.jpg,Teresa_Heinz_Kerry
15463.jpg,Sean_Patrick_OMalley
15464.jpg,Pedro_Solbes
15465.jpg,Mike_Johanns
15466.jpg,Ahmad_Masood
15467.jpg,Paul_Burrell
15468.jpg,Salma_Hayek
15469.jpg,042_frontal
15470.jpg,Kate_Hudson
15471.jpg,Gary_Williams
15472.jpg,Charlton_Heston
15473.jpg,Tammy_Helm
15474.jpg,Salma_Hayek
15475.jpg,Colin_Powell
15476.jpg,Colin_Powell
15477.jpg,Tom_Glavine
15478.jpg,Wang_Nan
15479.jpg,108_frontal
15480.jpg,Carlos_Ortega
15481.jpg,Paul_Burrell
15482.jpg,JP_Suarez
15483.jpg,Antonio_Palocci
15484.jpg,Uzi_Even
15485.jpg,Tom_Coughlin
15486.jpg,070_frontal
15487.jpg,Jaromir_Jagr
15488.jpg,Joe_Calzaghe
15489.jpg,James_Blake
15490.jpg,Tony_Stewart
15491.jpg,Hugo_Chavez
15492.jpg,Laura_Marlow
15493.jpg,Tom_Hanks
15494.jpg,Charles_Cope
15495.jpg,Paul_Burrell
15496.jpg,Tiger_Woods
15497.jpg,Jose_Carreras
15498.jpg,Antonio_Palocci
15499.jpg,Kofi_Annan
15500.jpg,Tim_Norbeck
15501.jpg,Caroline_Kennedy
15502.jpg,Tom_Hanks
15503.jpg,Jeong_Se-hyun
15504.jpg,Tom_Hanks
15505.jpg,Sheila_Fraser
15506.jpg,Emma_Nicholson
15507.jpg,Candice_Bergen
15508.jpg,053_frontal
15509.jpg,Sheila_Fraser
15510.jpg,Colin_Powell
15511.jpg,107_frontal
15512.jpg,Emanuel_Ginobili
15513.jpg,Isaiah_Washington
15514.jpg,Kristin_Davis
15515.jpg,Leandrinho_Barbosa
15516.jpg,Carlos_Ortega
15517.jpg,Steve_Phillips
15518.jpg,Viara_Vike-Freiberga
15519.jpg,Jolanta_Kwasniewski
15520.jpg,Strom_Thurmond
15521.jpg,Colin_Powell
15522.jpg,Michael_Sullivan
15523.jpg,Douglas_Faneuil
15524.jpg,Martin_Boryczewski
15525.jpg,Aishwarya_Rai
15526.jpg,Hugo_Chavez
15527.jpg,Chung_Mong-hun
15528.jpg,Kenneth_Branagh
15529.jpg,Wolfgang_Schwarz
15530.jpg,Maurice_Papon
15531.jpg,Juanes
15532.jpg,032_frontal
15533.jpg,Bob_Stoops
15534.jpg,Conchita_Martinez
15535.jpg,Benicio_Del_Toro
15536.jpg,Marilyn_Monroe
15537.jpg,Nathalie_Baye
15538.jpg,Robert_Duvall
15539.jpg,Barbara_Brezigar
15540.jpg,Roberto_Laratro
15541.jpg,Ana_Palacio
15542.jpg,Jeanne_Moreau
15543.jpg,Desmon_Farmer
15544.jpg,Hugo_Chavez
15545.jpg,Alain_Cervantes
15546.jpg,Kristanna_Loken
15547.jpg,Keith_Foulke
15548.jpg,Monica_Seles
15549.jpg,Christine_Gregoire
15550.jpg,Tom_Ridge
15551.jpg,Tom_Ridge
15552.jpg,Rita_Moreno
15553.jpg,Bob_Stoops
15554.jpg,Bob_Stoops
15555.jpg,John_Bolton
15556.jpg,Ron_Dittemore
15557.jpg,Paola_Espinoza
15558.jpg,Edgar_Savisaar
15559.jpg,Hugo_Chavez
15560.jpg,Ozzy_Osbourne
15561.jpg,Dan_Wheldon
15562.jpg,Colin_Powell
15563.jpg,Sean_Patrick_OMalley
15564.jpg,Edward_Belvin
15565.jpg,Thaksin_Shinawatra
15566.jpg,Hugo_Chavez
15567.jpg,003_frontal
15568.jpg,Kofi_Annan
15569.jpg,Jay_Garner
15570.jpg,Alfred_Ford
15571.jpg,Hermando_Harton
15572.jpg,Dave_Odom
15573.jpg,Colin_Powell
15574.jpg,Denzel_Washington
15575.jpg,Bill_Lerach
15576.jpg,Sergio_Vieira_De_Mello
15577.jpg,Kurt_Warner
15578.jpg,049_frontal
15579.jpg,Dan_Wheldon
15580.jpg,057_frontal
15581.jpg,Michael_Moore
15582.jpg,Jeong_Se-hyun
15583.jpg,Tiger_Woods
15584.jpg,Valentino_Rossi
15585.jpg,Troy_Jenkins
15586.jpg,Ralf_Schumacher
15587.jpg,Paola_Espinoza
15588.jpg,Ralf_Schumacher
15589.jpg,Brian_Schneider
15590.jpg,Emma_Nicholson
15591.jpg,Salma_Hayek
15592.jpg,Heidi_Fleiss
15593.jpg,Colin_Powell
15594.jpg,Hugo_Chavez
15595.jpg,Ricardo_Lopez_Murphy
15596.jpg,Heidi_Fleiss
15597.jpg,Salma_Hayek
15598.jpg,Michelle_Hofland
15599.jpg,Queen_Beatrix
15600.jpg,Shane_Mosley
15601.jpg,Colin_Powell
15602.jpg,Peter_Greenaway
15603.jpg,Sean_Astin
15604.jpg,Aaron_Pena
15605.jpg,Bob_Stoops
15606.jpg,Yoon_Young-kwan
15607.jpg,Ted_Williams
15608.jpg,Jose_Manuel_Durao_Barroso
15609.jpg,Mariah_Carey
15610.jpg,Tom_Cruise
15611.jpg,Sue_Grafton
15612.jpg,Keith_Tyson
15613.jpg,Sergei_Alexandrovitch_Ordzhonikidze
15614.jpg,Kofi_Annan
15615.jpg,Kurt_Hellstrom
15616.jpg,Tono_Suratman
15617.jpg,Rick_Romley
15618.jpg,Tiger_Woods
15619.jpg,Chris_Cirino
15620.jpg,Peter_Mackay
15621.jpg,Tom_Hanks
15622.jpg,Wen_Jiabao
15623.jpg,Kofi_Annan
15624.jpg,Wayne_Ferreira
15625.jpg,Sanjay_Chawla
15626.jpg,Daniel_Barenboim
15627.jpg,Scott_Wallach
15628.jpg,Bob_Stoops
15629.jpg,Moshe_Katsav
15630.jpg,Jade_Jagger
15631.jpg,Valentino_Rossi
15632.jpg,Tom_Cruise
15633.jpg,Nathalie_Baye
15634.jpg,Justine_Pasek
15635.jpg,Chance_Mock
15636.jpg,Denzel_Washington
15637.jpg,064_frontal
15638.jpg,Sergio_Vieira_De_Mello
15639.jpg,022_frontal
15640.jpg,Sean_Patrick_OMalley
15641.jpg,Marcelo_Ebrard
15642.jpg,Milo_Maestrecampo
15643.jpg,098_frontal
15644.jpg,Valerie_Harper
15645.jpg,John_Bolton
15646.jpg,Paul_Bremer
15647.jpg,Moshe_Katsav
15648.jpg,Colin_Powell
15649.jpg,Slobodan_Milosevic
15650.jpg,Tiger_Woods
15651.jpg,Masja_Juel
15652.jpg,Hugo_Chavez
15653.jpg,Ralf_Schumacher
15654.jpg,Billy_Gilman
15655.jpg,Giulietta_Masina
15656.jpg,Lord_Hutton
15657.jpg,John_Eder
15658.jpg,Bulent_Ecevit
15659.jpg,Maria_Shriver
15660.jpg,Janet_Napolitano
15661.jpg,Daniel_Radcliffe
15662.jpg,Jose_Manuel_Durao_Barroso
15663.jpg,Klaus_Schwab
15664.jpg,Matt_Doherty
15665.jpg,Otto_Schily
15666.jpg,Thomas_OBrien
15667.jpg,Kofi_Annan
15668.jpg,Elizabeth_Hurley
15669.jpg,John_Edwards
15670.jpg,Stephen_Thompson
15671.jpg,Johnny_Benson
15672.jpg,Tom_Cruise
15673.jpg,Dennis_Powell
15674.jpg,Rodrigo_de_la_Cerna
15675.jpg,Gwendal_Peizerat
15676.jpg,Tom_Hanks
15677.jpg,Colin_Powell
15678.jpg,Tom_Cruise
15679.jpg,Michael_Guiler
15680.jpg,Pedro_Malan
15681.jpg,Bulent_Ecevit
15682.jpg,Reginald_Hudlin
15683.jpg,Kristanna_Loken
15684.jpg,Federico_Trillo
15685.jpg,Pete_Sampras
15686.jpg,John_Abizaid
15687.jpg,Naomi_Watts
15688.jpg,Elizabeth_Shue
15689.jpg,Pete_Sampras
15690.jpg,Fernando_Leon_de_Aranoa
15691.jpg,Budd_Schulberg
15692.jpg,Ray_Bradbury
15693.jpg,075_frontal
15694.jpg,Brandon_Robinson
15695.jpg,Leandrinho_Barbosa
15696.jpg,Colin_Powell
15697.jpg,Pete_Sampras
15698.jpg,Robert_Duvall
15699.jpg,Pete_Sampras
15700.jpg,John_Kerry
15701.jpg,Paul_Bremer
15702.jpg,Brandon_Boyd
15703.jpg,Bulent_Ecevit
15704.jpg,Drew_Barrymore
15705.jpg,Brandon_Boyd
15706.jpg,Colin_Powell
15707.jpg,Hugo_Chavez
15708.jpg,010_frontal
15709.jpg,Shane_Mosley
15710.jpg,Francisco_Flores
15711.jpg,062_frontal
15712.jpg,Elizabeth_Hurley
15713.jpg,Hugo_Chavez
15714.jpg,Marc_Anthony
15715.jpg,Colin_Powell
15716.jpg,088_frontal
15717.jpg,Colin_Powell
15718.jpg,Kurt_Budke
15719.jpg,Anthony_Lee_Johnson
15720.jpg,Marcelo_Ebrard
15721.jpg,Steven_Curtis_Chapman
15722.jpg,Salma_Hayek
15723.jpg,Mitzi_Gaynor
15724.jpg,Shannon_OBrien
15725.jpg,Maria_Shriver
15726.jpg,Bill_Belichick
15727.jpg,Paul_Burrell
15728.jpg,Salma_Hayek
15729.jpg,Teresa_Heinz_Kerry
15730.jpg,Shane_Mosley
15731.jpg,Douglas_Gansler
15732.jpg,Franco_Cangele
15733.jpg,Tino_Martinez
15734.jpg,Colin_Powell
15735.jpg,Janet_Napolitano
15736.jpg,Bill_Belichick
15737.jpg,Hugo_Chavez
15738.jpg,Maria_Shriver
15739.jpg,Bak_Chang-Ryun
15740.jpg,Larry_Brown
15741.jpg,Salma_Hayek
15742.jpg,Pernilla_Bjorn
15743.jpg,Juergen_Peters
15744.jpg,Allison_Searing
15745.jpg,Colin_Powell
15746.jpg,068_frontal
15747.jpg,Marcelo_Ebrard
15748.jpg,Juan_Francisco_Palencia
15749.jpg,Jacqueline_Gold
15750.jpg,Aaron_Peirsol
15751.jpg,Naomi_Watts
15752.jpg,Hugo_Chavez
15753.jpg,Jim_Harrick
15754.jpg,Carlos_Ortega
15755.jpg,050_frontal
15756.jpg,020_frontal
15757.jpg,Tom_Hanks
15758.jpg,Paris_Hilton
15759.jpg,Samantha_Daniels
15760.jpg,Gus_Van_Sant
15761.jpg,Habib_Rizieq
15762.jpg,Pete_Sampras
15763.jpg,Paul_Bremer
15764.jpg,Bob_Stoops
15765.jpg,Colin_Powell
15766.jpg,Dick_Smothers
15767.jpg,Roger_Clemens
15768.jpg,Carolyn_Dawn_Johnson
15769.jpg,Mark_Martin
15770.jpg,John_Abizaid
15771.jpg,Kellie_Coffey
15772.jpg,Albert_Brooks
15773.jpg,Habib_Rizieq
15774.jpg,Graeme_Smith
15775.jpg,Kiki_Vandeweghe
15776.jpg,Valerie_Harper
15777.jpg,Aleksander_Kwasniewski
15778.jpg,Tom_Glavine
15779.jpg,Christian_Longo
15780.jpg,Harrison_Ford
15781.jpg,Naomi_Watts
15782.jpg,Mariangel_Ruiz_Torrealba
15783.jpg,Hamid_Karzai
15784.jpg,Robert_Douglas
15785.jpg,Hugo_Chavez
15786.jpg,Shane_Mosley
15787.jpg,Maureen_Fanning
15788.jpg,Michael_Chang
15789.jpg,Pete_Sampras
15790.jpg,Colin_Powell
15791.jpg,047_frontal
15792.jpg,George_Lopez
15793.jpg,Gerard_Butler
15794.jpg,008_frontal
15795.jpg,Colin_Powell
15796.jpg,Abdullatif_Sener
15797.jpg,Jennifer_Renee_Short
15798.jpg,Jeong_Se-hyun
15799.jpg,129_frontal
15800.jpg,Nick_Nolte
15801.jpg,Chuck_Eidson
15802.jpg,Colin_Powell
15803.jpg,Kate_Hudson
15804.jpg,Aleksander_Kwasniewski
15805.jpg,Christine_Gregoire
15806.jpg,Hans_Eichel
15807.jpg,Hugo_Chavez
15808.jpg,Monica_Seles
15809.jpg,Lawrence_Di_Rita
15810.jpg,Corinna_Harfouch
15811.jpg,Li_Changchun
15812.jpg,Colin_Powell
15813.jpg,Carlos_Lordkipanitse
15814.jpg,Barbara_Brezigar
15815.jpg,010_frontal
15816.jpg,Todd_Petit
15817.jpg,Pat_Burns
15818.jpg,Mario_Lobo_Zagallo
15819.jpg,Otto_Schily
15820.jpg,Horace_Donovan_Reid
15821.jpg,Martha_Burk
15822.jpg,Vanessa_Williams
15823.jpg,Christian_Longo
15824.jpg,Jean-Pierre_Bemba
15825.jpg,Colin_Powell
15826.jpg,Daja_Bedanova
15827.jpg,Kofi_Annan
15828.jpg,John_Mayer
15829.jpg,Hugo_Chavez
15830.jpg,Andy_Garcia
15831.jpg,Naomi_Watts
15832.jpg,Bob_Stoops
15833.jpg,Valentino_Rossi
15834.jpg,Roberto_Laratro
15835.jpg,Larry_Brown
15836.jpg,Alanis_Morissette
15837.jpg,Giulietta_Masina
15838.jpg,Prince_Claus
15839.jpg,108_frontal
15840.jpg,Ralf_Schumacher
15841.jpg,John_Bolton
15842.jpg,Tiger_Woods
15843.jpg,Colin_Powell
15844.jpg,Mario_Lobo_Zagallo
15845.jpg,Hamid_Karzai
15846.jpg,John_Bolton
15847.jpg,Brandon_Larson
15848.jpg,Colin_Powell
15849.jpg,John_Kerry
15850.jpg,George_Lopez
15851.jpg,Alan_Tang_Kwong-wing
15852.jpg,Hamid_Karzai
15853.jpg,Antonio_Palocci
15854.jpg,Mariano_Zabaleta
15855.jpg,Elaine_Chao
15856.jpg,John_Edwards
15857.jpg,Andy_Griffith
15858.jpg,Guillermo_Ruiz_Polanco
15859.jpg,Tom_Rouen
15860.jpg,Irwan_Fadzi_Idris
15861.jpg,Bill_Pryor
15862.jpg,Kevin_Satterfield
15863.jpg,Colin_Powell
15864.jpg,Norodom_Sihanouk
15865.jpg,Alexandra_Pelosi
15866.jpg,Roy_Blunt
15867.jpg,Mariah_Carey
15868.jpg,028_frontal
15869.jpg,John_Abizaid
15870.jpg,Hugo_Chavez
15871.jpg,Tom_Ridge
15872.jpg,057_frontal
15873.jpg,Jean-Pierre_Raffarin
15874.jpg,Gus_Van_Sant
15875.jpg,Tim_Duncan
15876.jpg,Pedro_Malan
15877.jpg,Johan_Bruyneel
15878.jpg,John_Abizaid
15879.jpg,Donna_Walker
15880.jpg,Nora_Bendijo
15881.jpg,Mehmet_Ali_Sahin
15882.jpg,Tom_Ridge
15883.jpg,Lucy_Liu
15884.jpg,Valery_Giscard_dEstaing
15885.jpg,Joe_Dicaro
15886.jpg,Colin_Powell
15887.jpg,Matt_Damon
15888.jpg,Dick_Posthumus
15889.jpg,Jean-Luc_Bideau
15890.jpg,Hamid_Karzai
15891.jpg,Elizabeth_Hurley
15892.jpg,Elvis_Costello
15893.jpg,Candice_Bergen
15894.jpg,William_Burns
15895.jpg,Doug_Moe
15896.jpg,Ali_Khamenei
15897.jpg,Colin_Powell
15898.jpg,Colin_Powell
15899.jpg,John_Edwards
15900.jpg,Sophia_Loren
15901.jpg,Ray_Bradbury
15902.jpg,Begum_Khaleda_Zia
15903.jpg,Sergio_Vieira_De_Mello
15904.jpg,Paul_Burrell
15905.jpg,Colin_Powell
15906.jpg,Michael_Taylor
15907.jpg,Mia_Mottley
15908.jpg,Jean-Pierre_Raffarin
15909.jpg,012_frontal
15910.jpg,Silvie_Cabero
15911.jpg,Stephen_Daldry
15912.jpg,Colin_Powell
15913.jpg,Lela_Rochon
15914.jpg,Momir_Nikolic
15915.jpg,Nadine_Vinzens
15916.jpg,Colin_Powell
15917.jpg,Donald_Pettit
15918.jpg,Afton_Smith
15919.jpg,Dick_Latessa
15920.jpg,Shannon_OBrien
15921.jpg,Tim_Floyd
15922.jpg,Jake_Gyllenhaal
15923.jpg,Thomas_Fargo
15924.jpg,Donald_Keck
15925.jpg,047_frontal
15926.jpg,Hugo_Conte
15927.jpg,Li_Peng
15928.jpg,Mohammed_Ashraf_Hafiz
15929.jpg,Tommy_Tubberville
15930.jpg,James_Blake
15931.jpg,Chris_Dodd
15932.jpg,Cameron_Diaz
15933.jpg,Kofi_Annan
15934.jpg,Naomi_Watts
15935.jpg,Jerry_Rice
15936.jpg,Kurt_Warner
15937.jpg,Jeff_George
15938.jpg,Tim_Duncan
15939.jpg,Hugo_Chavez
15940.jpg,Tom_Ridge
15941.jpg,Dai_Chul_Chyung
15942.jpg,Michelle_Hofland
15943.jpg,076_frontal
15944.jpg,Tom_Welch
15945.jpg,Cameron_Diaz
15946.jpg,Bill_Pryor
15947.jpg,Johnny_Unitas
15948.jpg,Jeong_Se-hyun
15949.jpg,Kofi_Annan
15950.jpg,Lennart_Johansson
15951.jpg,Mark_Hanson
15952.jpg,Carson_Palmer
15953.jpg,Laura_Flessel
15954.jpg,Narendra_Modi
15955.jpg,Pete_Sampras
15956.jpg,002_frontal
15957.jpg,Colin_Powell
15958.jpg,Paul_Bremer
15959.jpg,Ian_Wilmut
15960.jpg,Ralph_Klein
15961.jpg,Joe_Calzaghe
15962.jpg,Dick_Smothers
15963.jpg,Derek_Jeter
15964.jpg,Hamid_Karzai
15965.jpg,Billy_Tibbets
15966.jpg,Jon_Gruden
15967.jpg,Jen_Schefft
15968.jpg,Colin_Powell
15969.jpg,Wen_Jiabao
15970.jpg,Daniele_Hypolito
15971.jpg,Charlton_Heston
15972.jpg,Patrick_Stewart
15973.jpg,Catherine_Deneuve
15974.jpg,Federico_Trillo
15975.jpg,Chris_Dodd
15976.jpg,Kofi_Annan
15977.jpg,Trisha_Meili
15978.jpg,Alex_King
15979.jpg,Antonio_Palocci
15980.jpg,Ana_Palacio
15981.jpg,Corinna_Harfouch
15982.jpg,Matt_Doherty
15983.jpg,Sophia_Loren
15984.jpg,Rohinton_Mistry
15985.jpg,Diana_Ross
15986.jpg,Dai_Chul_Chyung
15987.jpg,Hugo_Chavez
15988.jpg,Tom_Ridge
15989.jpg,John_Edwards
15990.jpg,Colin_Powell
15991.jpg,Aleksander_Kwasniewski
15992.jpg,Robert_Duvall
15993.jpg,Padraig_Harrington
15994.jpg,Colin_Powell
15995.jpg,Sandra_Banning
15996.jpg,Gwendal_Peizerat
15997.jpg,Matthew_Broderick
15998.jpg,Colin_Powell
15999.jpg,Jim_Harrick
16000.jpg,Mariah_Carey
16001.jpg,Tom_Cruise
16002.jpg,Dave_Odom
16003.jpg,Jacqueline_Gold
16004.jpg,Mufti_Mohammad_Syed
16005.jpg,029_frontal
16006.jpg,Guillaume_Depardieu
16007.jpg,Serge_Klarsfeld
16008.jpg,Hugo_Chavez
16009.jpg,Thaksin_Shinawatra
16010.jpg,Wen_Jiabao
16011.jpg,Mickey_Gilley
16012.jpg,Daryl_Hannah
16013.jpg,Hugo_Chavez
16014.jpg,Charles_Schumer
16015.jpg,Colleen_Jones
16016.jpg,Tom_Cruise
16017.jpg,Richard_Rodriguez
16018.jpg,Sarah_Wynter
16019.jpg,Jeff_George
16020.jpg,Martha_Burk
16021.jpg,Hidetoshi_Nakata
16022.jpg,Bernard_Kerik
16023.jpg,Thomas_OBrien
16024.jpg,Jim_Harrick
16025.jpg,Eric_Wedge
16026.jpg,Kurt_Warner
16027.jpg,Oswaldo_Paya
16028.jpg,Diana_Ross
16029.jpg,David_McCallum
16030.jpg,Colin_Powell
16031.jpg,Natalia_Verbeke
16032.jpg,Debra_Rose
16033.jpg,Elizabeth_Hurley
16034.jpg,Momir_Nikolic
16035.jpg,Asif_Ali_Zardari
16036.jpg,Kofi_Annan
16037.jpg,David_Dorfman
16038.jpg,Michael_Moore
16039.jpg,Moshe_Katsav
16040.jpg,Milo_Maestrecampo
16041.jpg,Charles_Mathews
16042.jpg,Win_Aung
16043.jpg,Kathryn_Morris
16044.jpg,Teresa_Williams
16045.jpg,Hugo_Chavez
16046.jpg,Hamid_Karzai
16047.jpg,Colin_Powell
16048.jpg,042_frontal
16049.jpg,Milan_Kucan
16050.jpg,Flor_Montulo
16051.jpg,Evan_Marriott
16052.jpg,Joe_Calzaghe
16053.jpg,John_Kerry
16054.jpg,Jeremy_Shockey
16055.jpg,John_Mayer
16056.jpg,Ciro_Gomes
16057.jpg,Pete_Sampras
16058.jpg,Samantha_Daniels
16059.jpg,Emanuel_Ginobili
16060.jpg,Juan_Ignacio_Chela
16061.jpg,Eric_Vigouroux
16062.jpg,Colin_Powell
16063.jpg,090_frontal
16064.jpg,John_Kerry
16065.jpg,Gregg_Popovich
16066.jpg,Colin_Powell
16067.jpg,Colin_Powell
16068.jpg,Celso_Lafer
16069.jpg,John_Mayer
16070.jpg,Julie_Infante
16071.jpg,Katalin_Kollat
16072.jpg,Colin_Powell
16073.jpg,Christina_Sawaya
16074.jpg,Drew_Barrymore
16075.jpg,Salma_Hayek
16076.jpg,Dick_Latessa
16077.jpg,Hugo_Chavez
16078.jpg,Roberto_Laratro
16079.jpg,Hugo_Chavez
16080.jpg,Wang_Hailan
16081.jpg,Antonio_Palocci
16082.jpg,Marco_Irizarry
16083.jpg,Drew_Barrymore
16084.jpg,Jeannette_Biedermann
16085.jpg,052_frontal
16086.jpg,Irfan_Ahmed
16087.jpg,Steven_Hatfill
16088.jpg,Justine_Pasek
16089.jpg,Thomas_Fargo
16090.jpg,Salma_Hayek
16091.jpg,James_Sensenbrenner
16092.jpg,Colin_Powell
16093.jpg,Cemil_Cicek
16094.jpg,Colin_Powell
16095.jpg,Jennifer_Renee_Short
16096.jpg,Naomi_Watts
16097.jpg,Jean-Pierre_Raffarin
16098.jpg,070_frontal
16099.jpg,Tom_Cruise
16100.jpg,Matt_Damon
16101.jpg,John_Kerry
16102.jpg,Colin_Powell
16103.jpg,Malak_Habbak
16104.jpg,Tiger_Woods
16105.jpg,103_frontal
16106.jpg,John_Abizaid
16107.jpg,John_McCallum
16108.jpg,Dion_Glover
16109.jpg,Aparna_Pillai
16110.jpg,Shawn_Bradley
16111.jpg,Lord_Hutton
16112.jpg,Patrick_Stewart
16113.jpg,Robert_Ehrlich
16114.jpg,Colin_Powell
16115.jpg,Penelope_Ann_Miller
16116.jpg,Shawn_Bradley
16117.jpg,Colin_Powell
16118.jpg,Jamie_Villafane
16119.jpg,Lin_Yung_Hsi
16120.jpg,Steve_Mariucci
16121.jpg,082_frontal
16122.jpg,John_Edwards
16123.jpg,Norodom_Sihanouk
16124.jpg,Gary_Marshall
16125.jpg,Jesse_James_Leija
16126.jpg,107_frontal
16127.jpg,049_frontal
16128.jpg,Gary_Barnett
16129.jpg,Jim_Carrey
16130.jpg,Rita_Moreno
16131.jpg,Rick_Santorum
16132.jpg,057_frontal
16133.jpg,Eric_Hinske
16134.jpg,William_Genego
16135.jpg,Dean_Jacek
16136.jpg,Adrian_Nastase
16137.jpg,Colin_Powell
16138.jpg,Matthew_Broderick
16139.jpg,Francisco_Flores
16140.jpg,Hugo_Chavez
16141.jpg,James_Blake
16142.jpg,Joe_Plumeri
16143.jpg,Tom_Ridge
16144.jpg,Bob_Guccione
16145.jpg,021_frontal
16146.jpg,Elias_Attallah
16147.jpg,Hanan_Ashrawi
16148.jpg,Annette_Lu
16149.jpg,John_Abizaid
16150.jpg,Steve_Case
16151.jpg,Paul_Bremer
16152.jpg,Ron_Dittemore
16153.jpg,Jose_Manuel_Durao_Barroso
16154.jpg,Naomi_Watts
16155.jpg,Sergio_Vieira_De_Mello
16156.jpg,Sean_Patrick_OMalley
16157.jpg,Jim_Sterk
16158.jpg,Naomi_Watts
16159.jpg,Kurt_Warner
16160.jpg,Colin_Powell
16161.jpg,Fernando_Valenzuela
16162.jpg,Colin_Powell
16163.jpg,Carla_Gay_Balingit
16164.jpg,Tiger_Woods
16165.jpg,Kate_Hudson
16166.jpg,Tom_Hanks
16167.jpg,Oliver_Stone
16168.jpg,Chance_Mock
16169.jpg,Colin_Powell
16170.jpg,Anette_Hosoi
16171.jpg,Al_Leiter
16172.jpg,Emanuel_Ginobili
16173.jpg,Colin_Powell
16174.jpg,Sarah_Wynter
16175.jpg,Tomoko_Hagiwara
16176.jpg,Carson_Palmer
16177.jpg,Frederique_van_der_Wal
16178.jpg,020_frontal
16179.jpg,Ron_Dittemore
16180.jpg,Kate_Starbird
16181.jpg,Gwendal_Peizerat
16182.jpg,060_frontal
16183.jpg,Bob_Stoops
16184.jpg,Anthony_Hopkins
16185.jpg,Colin_Powell
16186.jpg,Annette_Lu
16187.jpg,Colin_Powell
16188.jpg,Norodom_Sihanouk
16189.jpg,Nadine_Vinzens
16190.jpg,Monica_Seles
16191.jpg,072_frontal
16192.jpg,Ciro_Gomes
16193.jpg,076_frontal
16194.jpg,Kwon_Young-gil
16195.jpg,Colin_Powell
16196.jpg,Jose_Manuel_Durao_Barroso
16197.jpg,Gianni_Agnelli
16198.jpg,Tiger_Woods
16199.jpg,Diana_Renee_Valdivieso_Dubon
16200.jpg,Gwendal_Peizerat
16201.jpg,088_frontal
16202.jpg,051_frontal
16203.jpg,Tiger_Woods
16204.jpg,Colin_Powell
16205.jpg,Donald_Keck
16206.jpg,Oscar_De_La_Hoya
16207.jpg,Jim_Carrey
16208.jpg,Gabriel_Hughes
16209.jpg,Ciro_Gomes
16210.jpg,Colin_Powell
16211.jpg,Hugo_Chavez
16212.jpg,Hugo_Chavez
16213.jpg,Catherine_Deneuve
16214.jpg,Colin_Powell
16215.jpg,John_Kerry
16216.jpg,Aiysha_Smith
16217.jpg,Vinnie_Jones
16218.jpg,Alan_Tang_Kwong-wing
16219.jpg,Al_Gore
16220.jpg,Colin_Powell
16221.jpg,Colin_Powell
16222.jpg,Sergio_Vieira_De_Mello
16223.jpg,Jerry_Pauley
16224.jpg,014_frontal
16225.jpg,Colin_Powell
16226.jpg,John_Edwards
16227.jpg,Mehmet_Ali_Sahin
16228.jpg,Harrison_Ford
16229.jpg,Colin_Powell
16230.jpg,Brad_Gushue
16231.jpg,Ray_Bradbury
16232.jpg,Colin_Powell
16233.jpg,Cristian_Barros
16234.jpg,Colin_Powell
16235.jpg,Ignatius_Wang
16236.jpg,Li_Zhaoxing
16237.jpg,Hugo_Chavez
16238.jpg,Kofi_Annan
16239.jpg,Joe_Calzaghe
16240.jpg,Hana_Sadiq
16241.jpg,Hamid_Karzai
16242.jpg,Larry_Coker
16243.jpg,Tony_Stewart
16244.jpg,Michael_Kirby
16245.jpg,Colin_Powell
16246.jpg,Vinnie_Jones
16247.jpg,Agnelo_Queiroz
16248.jpg,John_Bolton
16249.jpg,Colin_Powell
16250.jpg,John_Kerry
16251.jpg,John_Mayer
16252.jpg,Tom_Hanks
16253.jpg,Steven_Hatfill
16254.jpg,Sarah_Wynter
16255.jpg,Kenneth_Branagh
16256.jpg,Bill_Kollar
16257.jpg,Charlton_Heston
16258.jpg,Pete_Sampras
16259.jpg,John_Nash
16260.jpg,Trevor_McDonald
16261.jpg,Kate_Hudson
16262.jpg,Colin_Powell
16263.jpg,053_frontal
16264.jpg,083_frontal
16265.jpg,Joe_Calzaghe
16266.jpg,Pedro_Malan
16267.jpg,William_Webster
16268.jpg,Keith_Foulke
16269.jpg,Naomi_Watts
16270.jpg,Tom_Cruise
16271.jpg,Billy_Gilman
16272.jpg,107_frontal
16273.jpg,Alberto_Fujimori
16274.jpg,024_frontal
16275.jpg,Kathryn_Morris
16276.jpg,Tom_Ridge
16277.jpg,Mike_Smith
16278.jpg,Colin_Powell
16279.jpg,Tom_Ridge
16280.jpg,Rodrigo_de_la_Cerna
16281.jpg,Ascencion_Barajas
16282.jpg,Naomi_Watts
16283.jpg,Isabella_Rossellini
16284.jpg,John_Bolton
16285.jpg,072_frontal
16286.jpg,Brian_Wells
16287.jpg,Marc_Leger
16288.jpg,Win_Aung
16289.jpg,Bruce_Weber
16290.jpg,Ray_Allen
16291.jpg,Bill_Butler
16292.jpg,Allison_Searing
16293.jpg,Heidi_Fleiss
16294.jpg,John_Bolton
16295.jpg,059_frontal
16296.jpg,103_frontal
16297.jpg,Peter_Fisher
16298.jpg,Li_Zhaoxing
16299.jpg,Hugo_Chavez
16300.jpg,Antonio_Elias_Saca
16301.jpg,Andre_Bucher
16302.jpg,Hugo_Chavez
16303.jpg,Michel_Temer
16304.jpg,Monica_Seles
16305.jpg,Nick_Nolte
16306.jpg,Nancy_Sinatra
16307.jpg,David_Hanson
16308.jpg,Milo_Maestrecampo
16309.jpg,Ali_Fallahian
16310.jpg,Harrison_Ford
16311.jpg,Colin_Powell
16312.jpg,John_McCallum
16313.jpg,Reese_Witherspoon
16314.jpg,049_frontal
16315.jpg,044_frontal
16316.jpg,Roger_Clemens
16317.jpg,Tom_Coughlin
16318.jpg,Derek_Jeter
16319.jpg,Peter_Greenaway
16320.jpg,Luis_Gonzalez_Macchi
16321.jpg,Jay_Garner
16322.jpg,Larry_Ellison
16323.jpg,Brian_Wells
16324.jpg,Paul_Bremer
16325.jpg,Hugo_Chavez
16326.jpg,Ralph_Sampson
16327.jpg,John_Edwards
16328.jpg,Christian_Longo
16329.jpg,John_Bolton
16330.jpg,Pete_Sampras
16331.jpg,Vicente_Fox_de_la_Concha
16332.jpg,Jason_Priestley
16333.jpg,Gong_Li
16334.jpg,Celso_Lafer
16335.jpg,Tommy_Shane_Steiner
16336.jpg,044_frontal
16337.jpg,Colin_Powell
16338.jpg,Roberto_Laratro
16339.jpg,Colin_Powell
16340.jpg,Sergio_Vieira_De_Mello
16341.jpg,Trisha_Meili
16342.jpg,Masja_Juel
16343.jpg,Lionel_Richie
16344.jpg,Georgina_Papin
16345.jpg,Marina_Anissina
16346.jpg,Hamid_Karzai
16347.jpg,Juanes
16348.jpg,Nadine_Vinzens
16349.jpg,Melinda_Czink
16350.jpg,Colin_Powell
16351.jpg,Rob_Moore
16352.jpg,Jon_Gruden
16353.jpg,Eric_Hinske
16354.jpg,Raoul_Ruiz
16355.jpg,Larry_Coker
16356.jpg,Kelli_White
16357.jpg,Steve_Avery
16358.jpg,Wen_Jiabao
16359.jpg,Raaf_Schefter
16360.jpg,Hugo_Chavez
16361.jpg,Carlos_Ortega
16362.jpg,Begum_Khaleda_Zia
16363.jpg,Ciro_Gomes
16364.jpg,Ray_Bradbury
16365.jpg,Isabella_Rossellini
16366.jpg,Jim_Harrick
16367.jpg,Atsushi_Sato
16368.jpg,Edina_Batar
16369.jpg,Tom_Glavine
16370.jpg,Hugo_Chavez
16371.jpg,Maha_Habib
16372.jpg,Pedro_Malan
16373.jpg,Nelson_Shanks
16374.jpg,Diana_Renee_Valdivieso_Dubon
16375.jpg,011_frontal
16376.jpg,Max_von_Sydow
16377.jpg,Rosemarie_Stack
16378.jpg,Greg_Hennigar
16379.jpg,Emanuel_Ginobili
16380.jpg,Kurt_Budke
16381.jpg,Miyako_Miyazaki
16382.jpg,Lord_Hutton
16383.jpg,Tom_Ridge
16384.jpg,Hugo_Chavez
16385.jpg,Mitchell_Crooks
16386.jpg,Jennifer_Connelly
16387.jpg,John_Abizaid
16388.jpg,Jennifer_Keller
16389.jpg,Elinor_Caplan
16390.jpg,Pete_Sampras
16391.jpg,Colin_Powell
16392.jpg,Sophia_Loren
16393.jpg,Elin_Nordegren
16394.jpg,Colin_Powell
16395.jpg,Bob_Bowlsby
16396.jpg,Colin_Powell
16397.jpg,Pete_Sampras
16398.jpg,Hugo_Chavez
16399.jpg,Alain_Cervantes
16400.jpg,Nora_Bendijo
16401.jpg,Tim_Norbeck
16402.jpg,Jake_Gyllenhaal
16403.jpg,Robert_Duvall
16404.jpg,Jen_Schefft
16405.jpg,Hans_Leistritz
16406.jpg,076_frontal
16407.jpg,Bob_Stoops
16408.jpg,Jane_Krakowski
16409.jpg,Sue_Wicks
16410.jpg,Pete_Sampras
16411.jpg,Prince_Claus
16412.jpg,Reese_Witherspoon
16413.jpg,094_frontal
16414.jpg,John_Bolton
16415.jpg,Salma_Hayek
16416.jpg,Martin_Landau
16417.jpg,Janine_Pietsch
16418.jpg,Jerry_Sexton
16419.jpg,Doug_Moe
16420.jpg,Barbara_Becker
16421.jpg,Ron_Dittemore
16422.jpg,Tom_Ridge
16423.jpg,Wen_Jiabao
16424.jpg,Kaio_Almeida
16425.jpg,Antonio_Palocci
16426.jpg,Stephen_Daldry
16427.jpg,Tom_Lantos
16428.jpg,David_Przybyszewski
16429.jpg,Oscar_Elias_Biscet
16430.jpg,Sandra_Milo
16431.jpg,Paul_Bremer
16432.jpg,Brian_Wells
16433.jpg,Hugo_Chavez
16434.jpg,Drew_Barrymore
16435.jpg,Gregorio_Rosal
16436.jpg,Thaksin_Shinawatra
16437.jpg,Jesse_James_Leija
16438.jpg,Robert_Ehrlich
16439.jpg,Ahmad_Masood
16440.jpg,Naomi_Watts
16441.jpg,Eva_Mendes
16442.jpg,Colin_Powell
16443.jpg,Colin_Powell
16444.jpg,Christian_Von_Wernich
16445.jpg,Juanes
16446.jpg,Mike_Holmgren
16447.jpg,Hamid_Karzai
16448.jpg,Hugo_Chavez
16449.jpg,Chang_Jae_On
16450.jpg,Colin_Powell
16451.jpg,Tommy_Tubberville
16452.jpg,Francisco_Flores
16453.jpg,Ren_Qingjin
16454.jpg,Colin_Powell
16455.jpg,Sheila_Fraser
16456.jpg,Christine_Gregoire
16457.jpg,Colin_Powell
16458.jpg,Pete_Sampras
16459.jpg,Colin_Powell
16460.jpg,118_frontal
16461.jpg,Juergen_Peters
16462.jpg,Sergio_Vieira_De_Mello
16463.jpg,Mohammed_Ashraf_Hafiz
16464.jpg,Colin_Powell
16465.jpg,Christine_Gregoire
16466.jpg,Jon_Constance
16467.jpg,Marcelo_Bielsa
16468.jpg,041_frontal
16469.jpg,Ed_Case
16470.jpg,Sally_Clark
16471.jpg,075_frontal
16472.jpg,Gerard_Butler
16473.jpg,Rodrigo_de_la_Cerna
16474.jpg,Jon_Constance
16475.jpg,080_frontal
16476.jpg,Steve_Shiver
16477.jpg,Prince_Claus
16478.jpg,Slobodan_Milosevic
16479.jpg,Joan_Dangerfield
16480.jpg,Tiger_Woods
16481.jpg,Christine_Gregoire
16482.jpg,Gene_Autry
16483.jpg,Alex_King
16484.jpg,Brittany_Snow
16485.jpg,John_Kerry
16486.jpg,Jean-Pierre_Bemba
16487.jpg,Hussein_Malik
16488.jpg,Jorge_Moreno
16489.jpg,Annette_Bening
16490.jpg,Sean_Astin
16491.jpg,Nadine_Vinzens
16492.jpg,David_Collenette
16493.jpg,Kieran_Culkin
16494.jpg,Dean_Barkley
16495.jpg,Federico_Trillo
16496.jpg,John_Kerry
16497.jpg,Charles_Schumer
16498.jpg,Allen_Rock
16499.jpg,Leander_Paes
16500.jpg,Thomas_OBrien
16501.jpg,Hugo_Chavez
16502.jpg,Otto_Schily
16503.jpg,Colin_Powell
16504.jpg,Colin_Powell
16505.jpg,Deece_Eckstein
16506.jpg,Abraham_Foxman
16507.jpg,Hugo_Chavez
16508.jpg,Tiger_Woods
16509.jpg,Melinda_Czink
16510.jpg,Colin_Powell
16511.jpg,Heidi_Fleiss
16512.jpg,Tom_Hanks
16513.jpg,Colin_Powell
16514.jpg,Ali_Khamenei
16515.jpg,James_Blake
16516.jpg,Shane_Mosley
16517.jpg,Mike_Samp
16518.jpg,Cemil_Cicek
16519.jpg,Hanan_Ashrawi
16520.jpg,Gerard_Butler
16521.jpg,Kurt_Warner
16522.jpg,Benjamin_Netanyahu
16523.jpg,Matt_Roney
16524.jpg,Harrison_Ford
16525.jpg,Salma_Hayek
16526.jpg,Hugo_Chavez
16527.jpg,Mark_Broxmeyer
16528.jpg,Frank_Lautenberg
16529.jpg,Babe_Ruth
16530.jpg,John_Bolton
16531.jpg,Ralph_Sampson
16532.jpg,026_frontal
16533.jpg,Paris_Hilton
16534.jpg,Cesar_Maia
16535.jpg,Marcelo_Bielsa
16536.jpg,John_Kerry
16537.jpg,Valerie_Harper
16538.jpg,079_frontal
16539.jpg,Emma_Nicholson
16540.jpg,Joe_Cocker
16541.jpg,Joe_Calzaghe
16542.jpg,Colin_Powell
16543.jpg,Cristian_Barros
16544.jpg,Sergio_Vieira_De_Mello
16545.jpg,Greg_Ostertag
16546.jpg,Joerg_Haider
16547.jpg,Salma_Hayek
16548.jpg,Hugo_Chavez
16549.jpg,Jolanta_Kwasniewski
16550.jpg,Matt_Braker
16551.jpg,Aleksander_Kwasniewski
16552.jpg,Stephen_Daldry
16553.jpg,Rogerio_Romero
